timestamp_norm (s),x_uwb,y_uwb,x_odom,y_odom,rmse_xy,voxel_value
0.447633309,0.0,0.0,-0.034362791208632,-0.0006682048847311,0.03436928741501655,27.776251302360517
4.148136408,0.0,0.0,-0.0343627970069193,-0.0006682055350735,0.03436929322485181,27.776251302360517
8.148166515,0.0,0.0,-0.033620514586686,0.0003021278160834,0.033621872081887674,27.776251302360517
8.447821392,0.0,0.0,-0.0335524638625833,0.0001474160043463,0.03355278770427721,27.776251302360517
8.948741903,0.0,0.0,0.0032185828308108,0.0033051285281394,0.004613366452636402,27.776251302360517
9.148770642,0.0,0.0,0.0789667826444492,0.0038401545529749,0.07906010086134736,27.776251302360517
9.448717811,0.0,0.0,0.2387275863125813,-0.0081395169929716,0.23886630612857443,27.776251302360517
9.648497786,0.0,0.0,0.3370902599209304,-0.0260893487113887,0.3380983546983701,27.776251302360517
9.948155927,0.0,0.0,0.4733637968753094,-0.0582616642934535,0.4769357459013239,27.776251302360517
10.148885556,0.0,0.0,0.5685507771659549,-0.0881391689034607,0.5753420715635214,27.776251302360517
10.448028686,0.0,0.0,0.7191773212456086,-0.141690529033278,0.7330022001411316,27.776251302360517
10.648772915,0.6000000000000014,0.3000000000000007,0.811325872287589,-0.1802784756876169,0.5247151975185503,42.2656498431476
10.948202659,0.6000000000000014,0.3000000000000007,0.936443101016742,-0.2440091767334938,0.6396404807327435,42.2656498431476
11.147340324,0.6000000000000014,0.3000000000000007,1.0209950151353238,-0.2981365266506914,0.7314397495915467,42.2656498431476
11.448643527000002,0.6000000000000014,0.3000000000000007,1.149321494165464,-0.3946517376597885,0.8856043928221793,42.2656498431476
11.647902349,0.6000000000000014,0.3000000000000007,1.2320140157446071,-0.451037005604005,0.9815794923918562,42.2656498431476
11.948141529,0.6000000000000014,0.3000000000000007,1.3571292211405868,-0.5138845616837245,1.1115991801238696,42.2656498431476
12.148256291,0.6000000000000014,0.3000000000000007,1.4512149152379406,-0.5487290067779432,1.2020431601526658,42.2656498431476
49.648016323,0.6000000000000014,0.3000000000000007,-0.0664815482704078,0.1749658805398711,0.6781085349810101,42.2656498431476
49.948628847,0.6000000000000014,0.3000000000000007,-0.0654632397989584,0.1748001671237051,0.6771383327474382,42.2656498431476
50.948907941,0.6000000000000014,0.3000000000000007,-0.0653754313979347,0.174389144335912,0.6771281649500736,42.2656498431476
51.148885462,0.6000000000000014,0.3000000000000007,-0.0653913973254987,0.174350907611779,0.6771509477603685,42.2656498431476
51.448364395000006,0.6000000000000014,0.3000000000000007,-0.0654125859417649,0.1742933539132545,0.677182449861252,42.2656498431476
51.648575059,0.6000000000000014,0.3000000000000007,-0.0654237521079544,0.1742593003360938,0.6771997441090768,42.2656498431476
51.947423936,0.6000000000000014,0.3000000000000007,-0.0654377516079301,0.1742135602633015,0.6772219943908006,42.2656498431476
52.147344289,0.0,0.200000000000001,-0.0654469093343143,0.1741820839035171,0.07035526087634839,29.16032789031827
52.447347793000006,0.0,0.200000000000001,-0.0654603902791724,0.174133448849497,0.07038566021515469,29.16032789031827
52.64854126,0.0,0.200000000000001,-0.0654682205254815,0.1741043248223753,0.070403649704246,29.16032789031827
52.94855815,0.0,0.200000000000001,-0.0654786102450536,0.1740646134848332,0.07042792537988596,29.16032789031827
53.148674803000006,0.0,0.200000000000001,-0.0654857189991181,0.1740371181897147,0.07044466356457638,29.16032789031827
53.450461906,0.0,0.200000000000001,-0.0654965707227269,0.1739944652305066,0.07047048045163698,29.16032789031827
53.64746272,0.0,0.200000000000001,-0.0655030841363658,0.1739686727501688,0.07048605556962081,29.16032789031827
54.448083778,0.0,0.200000000000001,-0.0655276498487383,0.1738711737642032,0.07054493925973264,29.16032789031827
54.648664685,0.0,0.200000000000001,-0.065533460809917,0.1738481601947563,0.07055886344694129,29.16032789031827
55.448612738,0.0,0.200000000000001,-0.0671482597228795,0.1954071474323652,0.06730514897479478,29.16032789031827
55.948694966000005,0.0,0.200000000000001,-0.0693737115727538,0.3019206920097908,0.12329046725977669,29.16032789031827
56.149025050000006,0.0,0.200000000000001,-0.0672021331897935,0.3058329706830095,0.12536644044100992,29.16032789031827
56.448489633,0.0,0.200000000000001,-0.0495084625816466,0.3680910436373303,0.17523038212103756,29.16032789031827
56.64809086,0.0,0.200000000000001,-0.0136293335077496,0.4505926434085517,0.2509630085537518,29.16032789031827
56.948921499,0.0,0.200000000000001,0.058728367842267,0.5716880646329469,0.3762991344396125,29.16032789031827
57.1489661,0.0,0.200000000000001,0.1185928052954374,0.6508467180256555,0.4661834581174514,29.16032789031827
57.448686749,0.0,0.200000000000001,0.22904488684598,0.7654936900204892,0.6101185734291947,29.16032789031827
57.648651245,0.0,0.200000000000001,0.3055466826120449,0.829115067284916,0.6993886924594427,29.16032789031827
57.94888787,0.0,0.200000000000001,0.4211391633896456,0.9079706208916538,0.8237600348318939,29.16032789031827
58.148689785,0.4000000000000003,0.5,0.5078263793370044,0.9573394225989392,0.4698785753192612,35.78953344006527
58.447531028,0.4000000000000003,0.5,0.6535384004299508,1.0245487134170057,0.5826088509798095,35.78953344006527
58.64886452,0.4000000000000003,0.5,0.7458243876770884,1.0634330497106934,0.6610985619546647,35.78953344006527
58.949038552000005,0.4000000000000003,0.5,0.8746279767818977,1.1179320005778497,0.7791737121349905,35.78953344006527
59.149098007000006,0.4000000000000003,0.5,0.9672570462377108,1.156823029488406,0.8678692577644743,35.78953344006527
59.448753443,0.8000000000000007,1.200000000000001,1.114146359633228,1.2200897198414749,0.31478807492361877,49.29799027842748
59.648617497,0.8000000000000007,1.200000000000001,1.206396399692601,1.259338241081606,0.4107055642887815,49.29799027842748
59.947404587,0.8000000000000007,1.200000000000001,1.3356218553850527,1.3143033316674766,0.547682411253466,49.29799027842748
60.147796203000006,1.4000000000000004,1.200000000000001,1.4157068015330494,1.346891595872076,0.14772895637702027,55.51467006636102
60.448876353,1.4000000000000004,1.200000000000001,1.5056367653174234,1.3867863153294528,0.21458856861697387,55.51467006636102
60.648856472000006,1.4000000000000004,1.200000000000001,1.5915004270381452,1.4282201571867474,0.29792088497138813,55.51467006636102
60.948733881,1.4000000000000004,1.200000000000001,1.6877185989696584,1.4828913130752015,0.4034965764495084,55.51467006636102
61.148735026,1.4000000000000004,1.200000000000001,1.7132334412925383,1.501251652452796,0.434589170193535,55.51467006636102
61.448380652,1.4000000000000004,1.200000000000001,1.7452209916493742,1.538806312778383,0.4837016132429784,55.51467006636102
61.648450217,1.700000000000001,1.6000000000000014,1.7927303257168898,1.6034710822917708,0.09279526776639269,59.30142975973075
61.948832378000006,1.700000000000001,1.6000000000000014,1.8624729191911729,1.7268787062076325,0.20614474419548853,59.30142975973075
62.148183614,1.700000000000001,1.6000000000000014,1.901090867836155,1.818846291870185,0.2972057142661076,59.30142975973075
62.448979119,1.700000000000001,1.6000000000000014,1.9432703879372704,1.9723040686073383,0.4447367773736799,59.30142975973075
62.648795579,1.700000000000001,1.6000000000000014,1.956098252640469,2.071453857578355,0.5365212529164259,59.30142975973075
62.948878497,2.0,2.200000000000001,1.968540001251941,2.2108351100231123,0.03327358006648521,60.64406999330513
63.148857775,2.0,2.200000000000001,1.987189332819792,2.309260661490398,0.11000911481746041,60.64406999330513
63.44846926300001,2.0,2.200000000000001,2.0351654486247748,2.462244057811937,0.26459129735244835,60.64406999330513
63.648168697,2.0,2.200000000000001,2.070820845508109,2.555345046895989,0.3623336784125859,60.64406999330513
63.948189494000005,2.0,2.200000000000001,2.122433899223525,2.6862049468242843,0.5013833962104055,60.64406999330513
64.148938349,2.200000000000001,2.700000000000001,2.161871491695207,2.77751951730315,0.08638899645476823,61.39718221768493
64.44870327000001,2.200000000000001,2.700000000000001,2.240161281430471,2.916876900532763,0.22056409161700563,61.39718221768493
64.647273145,2.200000000000001,2.700000000000001,2.300378289848337,2.9967567137235087,0.3132735996103924,61.39718221768493
64.94889769000001,2.200000000000001,2.700000000000001,2.3971709740951166,3.09761443579356,0.4438171161379954,61.39718221768493
65.14886993500001,2.200000000000001,3.3000000000000007,2.474105790891376,3.1611500791613474,0.3072674488407234,61.669125095519455
65.448640716,2.200000000000001,3.3000000000000007,2.6090897413789924,3.246779890133072,0.41253702451510693,61.669125095519455
65.64827473,2.200000000000001,3.3000000000000007,2.696431058650028,3.2948002726968952,0.49645828944274173,61.669125095519455
65.948885449,2.200000000000001,3.3000000000000007,2.8258548898084204,3.3478411175315053,0.6276807433909152,61.669125095519455
66.148384878,2.200000000000001,3.3000000000000007,2.9091175021384927,3.368784742260161,0.7124457681865549,61.669125095519455
66.448747786,2.8000000000000007,3.6000000000000014,2.9663546594894243,3.374488306741151,0.2802309699699801,60.004046141574484
66.64839097400001,2.8000000000000007,3.6000000000000014,2.967852994829028,3.374184807553254,0.2813665385450712,60.004046141574484
66.94891354800001,2.8000000000000007,3.6000000000000014,2.9730881198910044,3.37409842580962,0.2845892100363168,60.004046141574484
67.148911446,2.8000000000000007,3.6000000000000014,3.008839482055216,3.367492341795722,0.3125279833690554,60.004046141574484
67.44868854100001,2.8000000000000007,3.6000000000000014,3.1392716913060124,3.3274088386271488,0.43521399538645617,60.004046141574484
67.648131933,2.8000000000000007,3.6000000000000014,3.235335468494086,3.295162599139747,0.5314534891147108,60.004046141574484
67.94871133800001,2.8000000000000007,3.6000000000000014,3.368123950570383,3.252359730087377,0.6660469806827598,60.004046141574484
68.14770657000001,2.8000000000000007,3.6000000000000014,3.4655161135279884,3.2287283364886683,0.7620724017387521,60.004046141574484
68.447335882,2.8000000000000007,3.6000000000000014,3.6224534768060304,3.20004298072294,0.9145465208393272,60.004046141574484
68.648383291,2.8000000000000007,3.6000000000000014,3.7222266570417855,3.1903711835516995,1.0091074146112011,60.004046141574484
68.948525759,3.4000000000000004,3.6000000000000014,3.862338974072401,3.1918835269426955,0.6166979670203676,55.72513577486731
69.148418291,3.4000000000000004,3.6000000000000014,3.961862875885582,3.200347724299797,0.6895011477660996,55.72513577486731
69.44833485800001,3.4000000000000004,3.6000000000000014,4.121859437822735,3.2065476055400723,0.8221227613197474,55.72513577486731
69.648352728,3.4000000000000004,3.6000000000000014,4.221549411027978,3.2088172684370897,0.9099271202868054,55.72513577486731
69.948270754,4.200000000000001,3.700000000000001,4.361898115430504,3.211982334266618,0.51417141290411,44.80781700253696
70.14887090900001,4.200000000000001,3.700000000000001,4.457156554366359,3.2132876186893427,0.5504711033057681,44.80781700253696
70.44752508,4.200000000000001,3.700000000000001,4.538562141765488,3.212976839652252,0.5931406937244679,44.80781700253696
70.64870395,4.200000000000001,3.700000000000001,4.54409060675197,3.212543038174526,0.5966679439077157,44.80781700253696
70.948836973,4.200000000000001,3.700000000000001,4.544037713529032,3.2127763178354094,0.5964468666966961,44.80781700253696
71.148837209,4.200000000000001,3.700000000000001,4.543990893928654,3.2129303482210925,0.5962940388682926,44.80781700253696
71.4488966,4.200000000000001,3.700000000000001,4.543919168410239,3.213125516452508,0.5960932453313222,44.80781700253696
71.64887773400001,4.200000000000001,3.700000000000001,4.543876198191576,3.2132195019012246,0.5959916887104922,44.80781700253696
71.948349476,4.200000000000001,3.700000000000001,4.5438182054444765,3.213323559478506,0.5958732383265183,44.80781700253696
72.148890671,4.700000000000001,3.5,4.543778191566847,3.2133829339614888,0.3264270147745883,37.050790740764015
72.44820039000001,4.700000000000001,3.5,4.543716441871831,3.213456996670049,0.3263915490611687,37.050790740764015
72.64885900600001,4.700000000000001,3.5,4.543679153508453,3.2134946075381468,0.32637638848047,37.050790740764015
72.948872198,4.700000000000001,3.5,4.54362848961908,3.2135403729444647,0.3263604865660161,37.050790740764015
73.14887243700001,4.700000000000001,3.5,4.543593355912661,3.2135685488146724,0.3263525923641433,37.050790740764015
73.448883615,4.700000000000001,3.5,4.543538913985986,3.213609243115808,0.3263429745917405,37.050790740764015
73.648298119,4.700000000000001,3.5,4.5435059009832734,3.2136330467164185,0.32633791529636624,37.050790740764015
73.948617025,4.700000000000001,3.5,4.543460983212648,3.213664392279178,0.32633195373055895,37.050790740764015
74.148307321,4.700000000000001,3.5,4.543429757510784,3.213685611781392,0.32632831586322397,37.050790740764015
74.448229346,4.700000000000001,3.5,4.543381325555387,3.213718130769533,0.32632302682292913,37.050790740764015
74.648487564,4.700000000000001,3.5,4.543351953574469,3.213737581040665,0.3263200621435734,37.050790740764015
74.948597167,4.700000000000001,3.5,4.543311960261296,3.2137638815097467,0.3263161922515097,37.050790740764015
75.149116469,4.700000000000001,3.5,4.543284156081101,3.213782023398121,0.3263136311361922,37.050790740764015
75.449005891,4.700000000000001,3.5,4.543241010421168,3.21381015754165,0.32630967920077375,37.050790740764015
75.648588984,4.700000000000001,3.5,4.54321484481105,3.2138271335230466,0.3263073618465565,37.050790740764015
75.94861688,4.700000000000001,3.5,4.543647262743527,3.213389915802082,0.3264835659134002,37.050790740764015
76.14844343600001,4.700000000000001,3.5,4.544672919544575,3.214206230573593,0.32527616046332186,37.050790740764015
76.44827087200001,4.700000000000001,3.5,4.544725823838379,3.2148507027108626,0.32468475715247114,37.050790740764015
76.647518898,4.700000000000001,3.5,4.543738984945739,3.213855344853071,0.32603108516664986,37.050790740764015
76.947473783,4.700000000000001,3.5,4.5432269921023005,3.213334129415556,0.32673398562627304,37.050790740764015
77.148792079,4.700000000000001,3.5,4.543951998277518,3.213835508136647,0.32594646070327415,37.050790740764015
77.44841625000001,4.700000000000001,3.5,4.543818403531094,3.21363724254107,0.3261844875757559,37.050790740764015
77.648243054,4.700000000000001,3.5,4.543933824817296,3.21418599909031,0.32564749984018443,37.050790740764015
77.948377789,4.700000000000001,3.5,4.543679528870208,3.214268306005593,0.3256972377026767,37.050790740764015
78.1484229,4.700000000000001,3.5,4.543876235476708,3.214131658836448,0.32572279368893636,37.050790740764015
78.447258472,4.700000000000001,3.5,4.562669055936176,3.1690601729797603,0.3583028848692787,37.050790740764015
78.64840997,4.700000000000001,3.5,4.582908105380008,3.0898774573465446,0.42651027159757243,37.050790740764015
78.94896944300001,4.700000000000001,3.5,4.603505836575503,2.950695242972083,0.5577157337465859,37.050790740764015
79.148859215,4.700000000000001,3.5,4.604326087368622,2.8630129429866247,0.6441319805449485,37.050790740764015
79.44871152600001,4.700000000000001,3.5,4.594719146100372,2.803542579923917,0.7043699285012588,37.050790740764015
79.648928369,4.700000000000001,3.5,4.588811946002666,2.779433065556792,0.7290949803452199,37.050790740764015
79.94831848000001,4.700000000000001,3.5,4.553019677622928,2.6872877378443136,0.8258961413060854,37.050790740764015
80.14833540900001,4.700000000000001,3.5,4.504787183284049,2.59870786131634,0.9221906327127496,37.050790740764015
80.44817937100001,4.700000000000001,3.5,4.414155768658821,2.4687580741353568,1.070124681638569,37.050790740764015
80.648815423,4.700000000000001,3.5,4.365071231991101,2.414815888426485,1.1356944288194593,37.050790740764015
80.94884540400001,4.700000000000001,3.5,4.335944814216781,2.389944170555925,1.1682294820703802,37.050790740764015
81.148850552,4.5,3.0,4.334548329994566,2.388304880804827,0.6336759218676247,34.78625005018699
81.448999672,4.5,3.0,4.283097925872134,2.3628302581408565,0.6730763624595785,34.78625005018699
81.648184829,4.5,3.0,4.20533909159023,2.323503317105164,0.7378840104735886,34.78625005018699
81.94825271,4.5,3.0,4.084657783859477,2.249208288083934,0.8580194352055076,34.78625005018699
82.148380372,4.5,3.0,4.004734442700924,2.189035226568218,0.9502377786607022,34.78625005018699
82.448508559,4.5,3.0,3.875810928220456,2.0932611222279327,1.1008121500929924,34.78625005018699
82.64849303800001,4.100000000000001,2.6000000000000014,3.795490391967691,2.034331385840035,0.642422822158155,47.31587580885258
82.948356656,4.100000000000001,2.6000000000000014,3.675502920437689,1.9615162258931973,0.76671983172121,47.31587580885258
83.14770193800001,4.100000000000001,2.6000000000000014,3.5845606458898063,1.9204971774487023,0.8528785456445235,47.31587580885258
83.44831340600001,4.100000000000001,2.6000000000000014,3.431929061088701,1.8709580034252045,0.9888483261792946,47.31587580885258
83.64856861700001,3.700000000000001,2.200000000000001,3.3358949309767896,1.8433391621266624,0.5096856428828553,57.069647486551766
83.94825923200001,3.700000000000001,2.200000000000001,3.201893176060403,1.804477524322352,0.6360412225802431,57.069647486551766
84.14837608500001,3.700000000000001,2.200000000000001,3.105709122400316,1.7762228588095967,0.7299100715798594,57.069647486551766
84.448212434,3.700000000000001,2.200000000000001,2.952532581875096,1.7303581129254255,0.8827632996751056,57.069647486551766
84.64833347800001,3.700000000000001,2.200000000000001,2.8567726261874795,1.701380619449576,0.9796191559005222,57.069647486551766
84.948735908,3.700000000000001,2.200000000000001,2.724628780135656,1.6547305959661134,1.1174380249101654,57.069647486551766
85.14834826900001,3.200000000000001,2.1000000000000014,2.6328113294167625,1.6149450826038536,0.7463117719346019,62.13807569339017
85.448366781,3.200000000000001,2.1000000000000014,2.489721986520422,1.5424683519195577,0.9029597970252012,62.13807569339017
85.648520784,3.200000000000001,2.1000000000000014,2.4040720557089736,1.491488380507051,1.0018920518505345,62.13807569339017
85.948373108,3.200000000000001,2.1000000000000014,2.2839256692903662,1.419804649272312,1.1409898748615914,62.13807569339017
86.148398803,2.700000000000001,1.9000000000000004,2.1995928659940485,1.3657272938746456,0.7320209179214492,64.19377509889635
86.448636112,2.700000000000001,1.9000000000000004,2.073100586450881,1.2675604535453937,0.890495735322713,64.19377509889635
86.647734861,2.700000000000001,1.9000000000000004,1.995135466160868,1.205542100274298,0.9894977440882278,64.19377509889635
86.947596798,2.700000000000001,1.9000000000000004,1.8858915689671671,1.1176418221234972,1.1290955920421375,64.19377509889635
87.14821979300001,2.200000000000001,1.700000000000001,1.8103165522492364,1.052167704343683,0.7560025613357788,60.543871402356245
87.448851058,2.200000000000001,1.700000000000001,1.6927302234219437,0.94303772176885,0.9112159551360187,60.543871402356245
87.648609593,2.200000000000001,1.700000000000001,1.6239099401659864,0.8697186722837684,1.0105675831896592,60.543871402356245
87.94835806500001,2.200000000000001,1.700000000000001,1.5394976386289456,0.7577271538251628,1.1507134682514022,60.543871402356245
88.148387114,2.200000000000001,1.700000000000001,1.4799425016217662,0.6774764384001339,1.250614742835538,60.543871402356245
88.44813610700001,1.700000000000001,1.3000000000000007,1.3761491622648252,0.556151074402536,0.8112894608056226,57.5822600225081
88.64839113800001,1.9000000000000004,0.8000000000000007,1.305700934200448,0.48524669780156,0.6725035470947671,59.93819389155146
88.94866778500001,1.9000000000000004,0.8000000000000007,1.19602416403124,0.3983347528674182,0.8105041322423925,59.93819389155146
89.14851054500001,1.9000000000000004,0.8000000000000007,1.1099762825144546,0.3463068641630578,0.9110296019862583,59.93819389155146
89.44825536600001,1.9000000000000004,0.8000000000000007,0.9651973797173105,0.278400160614396,1.0704776183248632,59.93819389155146
89.64850031600001,1.9000000000000004,0.8000000000000007,0.873627627148789,0.2386559281071289,1.1698493128610608,59.93819389155146
89.948539212,1.3000000000000007,0.6000000000000014,0.7454431675996189,0.1837041815258031,0.6934230230105197,55.022746424461786
90.148850462,1.3000000000000007,0.6000000000000014,0.6508205421184162,0.1514158945149828,0.7890891383292652,55.022746424461786
90.44805956,1.3000000000000007,0.6000000000000014,0.4941108186657557,0.1171947563821626,0.9394457279994732,55.022746424461786
90.648646597,0.8000000000000007,0.5,0.3958141668625528,0.0981596729538645,0.569948976794904,48.21803740437372
90.948360578,0.8000000000000007,0.5,0.2579675642716757,0.074072489452826,0.689357240929907,48.21803740437372
91.147381616,0.8000000000000007,0.5,0.171648464171764,0.0627874473675975,0.7654936111797702,48.21803740437372
91.448818216,0.8000000000000007,0.5,0.1147022485349904,0.056101690476553,0.8165039604072799,48.21803740437372
91.648341362,0.8000000000000007,0.5,0.1132462224267168,0.0563848047661073,0.8175727444414841,48.21803740437372
91.948660703,0.3000000000000007,0.3000000000000007,0.111760473923264,0.0561516285368956,0.30805218298658904,33.98586004734051
92.148417627,0.3000000000000007,0.3000000000000007,0.1123717176285523,0.0570041442818468,0.3070038407607596,33.98586004734051
92.448252796,0.3000000000000007,0.3000000000000007,0.1120748472692564,0.0568903175667312,0.3072754150947953,33.98586004734051
92.648365139,0.3000000000000007,0.3000000000000007,0.1114206492067102,0.05628169489777,0.30815707648457946,33.98586004734051
92.948151928,0.3000000000000007,0.3000000000000007,0.1123812524705151,0.0566993669423591,0.3072393081472194,33.98586004734051
93.147708793,0.3000000000000007,0.3000000000000007,0.1124713446822785,0.0570215528398824,0.30692918132627184,33.98586004734051
93.447673556,0.3000000000000007,0.3000000000000007,0.1125496686889343,0.0569757730379434,0.30691758111769046,33.98586004734051
93.648622502,0.3000000000000007,0.3000000000000007,0.1125966670952616,0.0569489197204682,0.3069101445192912,33.98586004734051
93.948603213,0.3000000000000007,0.3000000000000007,0.1126606699337642,0.0569119602891818,0.30690034154447426,33.98586004734051
94.148935085,0.3000000000000007,0.3000000000000007,0.1127053121048678,0.0568850672637838,0.30689439654883,33.98586004734051
94.448594325,0.3000000000000007,0.3000000000000007,0.112774858763479,0.0568416920158575,0.3068863246427689,33.98586004734051
94.648458037,0.3000000000000007,0.3000000000000007,0.1128171588821685,0.0568145136203414,0.30688205681443004,33.98586004734051
94.948481743,0.3000000000000007,0.3000000000000007,0.1128749225821486,0.0567765793504346,0.3068768921752059,33.98586004734051
95.14840181,0.3000000000000007,0.3000000000000007,0.1129151805928992,0.0567495567658542,0.3068737652296079,33.98586004734051
95.448348625,0.3000000000000007,0.3000000000000007,0.1129777755138346,0.0567068851355023,0.3068694383483372,33.98586004734051
95.648440391,0.3000000000000007,0.3000000000000007,0.1130157834962264,0.0566807291885377,0.30686701479590867,33.98586004734051
95.948771252,0.3000000000000007,0.3000000000000007,0.113067598486708,0.0566448977936498,0.3068638598880461,33.98586004734051
96.148844395,0.3000000000000007,0.3000000000000007,0.1131035759291392,0.0566199986439241,0.30686169260850915,33.98586004734051
96.448625391,0.3000000000000007,0.3000000000000007,0.1131594677184259,0.056581276017042,0.3068583707327438,33.98586004734051
96.648578247,0.3000000000000007,0.3000000000000007,0.1131933878857454,0.0565577031703675,0.3068564195438855,33.98586004734051
96.948158901,0.3000000000000007,0.3000000000000007,0.1132395698043616,0.0565255547681746,0.3068538149800417,33.98586004734051
97.148812449,0.3000000000000007,0.3000000000000007,0.1132716583538016,0.0565031918685786,0.30685203135082917,33.98586004734051
97.448399809,0.3000000000000007,0.3000000000000007,0.1133214998828367,0.0564684205623476,0.3068492994767822,33.98586004734051
97.648491709,0.3000000000000007,0.3000000000000007,0.1133517571905991,0.0564472953191653,0.30684766008752223,33.98586004734051
97.948352851,0.3000000000000007,0.3000000000000007,0.1139963581458685,0.0567689166967916,0.30620044851020867,33.98586004734051
98.14859677,0.3000000000000007,0.3000000000000007,0.1128430546242992,0.056400229745854,0.3071946781281153,33.98586004734051
98.448776411,0.3000000000000007,0.3000000000000007,0.112611079017933,0.0564530040304085,0.30729423514383764,33.98586004734051
98.648131128,0.3000000000000007,0.3000000000000007,0.1130275385479604,0.0560867136165635,0.30733107980775937,33.98586004734051
98.948766625,0.3000000000000007,0.3000000000000007,0.1127539388998236,0.0555743028598905,0.30790422020485547,33.98586004734051
99.14825001,0.3000000000000007,0.3000000000000007,0.1119741867603448,0.0561612462799748,0.3079140208892239,33.98586004734051
99.448067285,0.3000000000000007,0.3000000000000007,0.1127025204600167,0.0563765064785971,0.30729912534467796,33.98586004734051
99.648173147,0.3000000000000007,0.3000000000000007,0.1126102663054336,0.0560622494081211,0.3076045163159131,33.98586004734051
99.948572591,0.3000000000000007,0.3000000000000007,0.1127892682095563,0.0556530420877034,0.30782022990457875,33.98586004734051
100.14836626,0.3000000000000007,0.3000000000000007,0.1128207428255031,0.0552511171543221,0.30812025245122143,33.98586004734051
100.448568747,0.3000000000000007,0.3000000000000007,0.1124240708679711,0.0555559033819323,0.30811953128805025,33.98586004734051
100.648255172,0.3000000000000007,0.3000000000000007,0.110731038717126,0.074696397681892,0.294252362645765,33.98586004734051
100.948233254,0.3000000000000007,0.3000000000000007,0.1064986959126711,0.1679818881583824,0.23424674285403255,33.98586004734051
101.148447536,0.3000000000000007,0.3000000000000007,0.1014889814934097,0.2671803552081602,0.20120574930350948,33.98586004734051
101.448844986,0.3000000000000007,0.3000000000000007,0.0913483419327975,0.4272843439267542,0.24441116714065492,33.98586004734051
101.64774906,0.3000000000000007,0.3000000000000007,0.0871001778560211,0.5274841151959598,0.3115691848296724,33.98586004734051
101.94821839,0.3000000000000007,0.3000000000000007,0.0817577591866303,0.667507553166181,0.42742423575346544,33.98586004734051
102.14829982,0.3000000000000007,0.3000000000000007,0.0775451647309427,0.7676243510678292,0.5178404073130943,33.98586004734051
102.448106131,0.3000000000000007,0.3000000000000007,0.0664095726619396,0.9266597553790844,0.6687801856781875,33.98586004734051
102.648383875,0.3000000000000007,0.3000000000000007,0.0525710170131893,1.0249177195991932,0.7659809408926447,33.98586004734051
102.948569366,0.3000000000000007,0.3000000000000007,0.0218563553129494,1.1619764181543073,0.9057412613621645,33.98586004734051
103.14705451,0.3000000000000007,1.0,-0.0009525629793036,1.259988365692677,0.397701389813213,41.13265106746601
103.447625315,0.3000000000000007,1.0,-0.0325633337019959,1.4165952624008602,0.5330572047893426,41.13265106746601
103.648074923,0.3000000000000007,1.0,-0.0464866285576429,1.5156098835885952,0.6212137601691443,41.13265106746601
103.948104675,0.3000000000000007,1.0,-0.0545181633557672,1.65543698340491,0.745171636177918,41.13265106746601
104.148370161,0.3000000000000007,1.0,-0.0560553305374723,1.7555600302339025,0.8352522718862876,41.13265106746601
104.448547174,0.3000000000000007,1.5,-0.0589805675596923,1.91570178801669,0.5492495101916363,43.807849418170086
104.648258253,0.3000000000000007,1.5,-0.0601031926185593,2.0158954341524966,0.6291441872206026,43.807849418170086
104.948765057,0.3000000000000007,1.5,-0.0618025081841737,2.156615983746182,0.7496970088237819,43.807849418170086
105.148693219,0.3000000000000007,1.5,-0.0649411833252281,2.256406969869315,0.8398413965468107,43.807849418170086
105.448821102,0.3000000000000007,2.1000000000000014,-0.0723400953398833,2.4166672282081274,0.4887896071099827,51.202005144995155
105.648348188,0.3000000000000007,2.1000000000000014,-0.0770503328974688,2.516519012426069,0.5618318620819569,51.202005144995155
105.94833715,0.3000000000000007,2.1000000000000014,-0.0835049607684862,2.6567606943031707,0.676061036930088,51.202005144995155
106.14832669,0.200000000000001,2.8000000000000007,-0.0886681060477583,2.7564069359754515,0.2919411424932239,57.2488235071213
106.448083629,0.200000000000001,2.8000000000000007,-0.0965587913278449,2.916338761144569,0.31856211962266595,57.2488235071213
106.648351209,0.200000000000001,2.8000000000000007,-0.1020318559238016,3.0166192113338384,0.3716814828743429,57.2488235071213
106.948795253,0.200000000000001,2.8000000000000007,-0.1100091259917856,3.156282212235953,0.4722739384657335,57.2488235071213
107.148744163,0.200000000000001,2.8000000000000007,-0.1157919260354087,3.2561375222484927,0.5547846246537005,57.2488235071213
107.448562471,0.3000000000000007,3.3000000000000007,-0.1260790985203906,3.4158664133942733,0.4415522890313239,60.438760711374066
107.648675092,0.3000000000000007,3.3000000000000007,-0.1322745021418741,3.515755715116987,0.4831270783216853,60.438760711374066
107.948902017,0.3000000000000007,3.3000000000000007,-0.1411024606723059,3.655204883856997,0.5663407899198378,60.438760711374066
108.1490114,0.3000000000000007,3.3000000000000007,-0.1478876591520976,3.7550722832654415,0.6385093094209102,60.438760711374066
108.448517229,0.5,4.100000000000001,-0.157919915550952,3.915029781421504,0.683427097091964,63.84721138625046
108.648703974,0.5,4.100000000000001,-0.1649091864363643,4.014314573403868,0.6704075018512465,63.84721138625046
108.948751313,0.5,4.100000000000001,-0.1742694516014215,4.154065423003511,0.6764335616506842,63.84721138625046
109.148622937,0.5,4.100000000000001,-0.1811400563107314,4.253684186678777,0.6982625620395978,63.84721138625046
109.448177525,0.5,4.100000000000001,-0.1902879652009412,4.413224708782982,0.7580284909509925,63.84721138625046
109.64840294,0.4000000000000003,4.700000000000001,-0.1944450059084834,4.512872220697681,0.6232027525903227,65.05534317989755
109.948323568,0.4000000000000003,4.700000000000001,-0.2019519284095743,4.652955267743491,0.6037874882349685,65.05534317989755
110.148692831,0.4000000000000003,4.700000000000001,-0.2084063413080749,4.752986605933338,0.6107093060959631,65.05534317989755
110.448108362,0.4000000000000003,4.700000000000001,-0.2201675423574167,4.913212812786142,0.6557953065780637,65.05534317989755
110.649614586,0.3000000000000007,5.200000000000001,-0.2263127646675687,5.004032135967175,0.5616124375275253,64.88178545543067
110.948226287,0.3000000000000007,5.200000000000001,-0.2298348154039783,5.070162900916081,0.5455113233588247,64.88178545543067
111.148761795,0.3000000000000007,5.200000000000001,-0.2313637125809109,5.093154381308714,0.5419994292259851,64.88178545543067
111.448857191,0.3000000000000007,5.200000000000001,-0.2312856536290243,5.095836278695098,0.5414005232617585,64.88178545543067
111.648173369,0.3000000000000007,5.200000000000001,-0.2313333921558239,5.095798599210941,0.5414546200248158,64.88178545543067
111.947768124,0.3000000000000007,5.200000000000001,-0.231393834250119,5.095747583173223,0.5415237515504449,64.88178545543067
112.14881258,0.3000000000000007,5.200000000000001,-0.2314300607360354,5.0957125474199145,0.5415660460364468,64.88178545543067
112.448849406,0.1000000000000014,5.700000000000001,-0.2314812454696914,5.095658469230497,0.6892811486693696,62.4980604717521
112.648941145,0.1000000000000014,5.700000000000001,-0.2315087519882453,5.095625896403591,0.6893229357440303,62.4980604717521
112.948801429,0.1000000000000014,5.700000000000001,-0.2315396556766517,5.095582026337748,0.6893762616831083,62.4980604717521
113.14870037,0.1000000000000014,5.700000000000001,-0.2315575730978709,5.095551790671166,0.6894113880981266,62.4980604717521
113.447880096,0.1000000000000014,5.700000000000001,-0.2315804062308752,5.095505145340629,0.6894632659583025,62.4980604717521
113.648387701,0.1000000000000014,5.700000000000001,-0.2315920990739384,5.0954770058217695,0.6894935609985605,62.4980604717521
113.948477396,0.1000000000000014,5.700000000000001,-0.2316063903887338,5.0954388071551,0.6895339252282633,62.4980604717521
114.14946184,0.1000000000000014,5.700000000000001,-0.2316159676383448,5.095412291442707,0.6895617791984097,62.4980604717521
114.448368414,0.1000000000000014,5.700000000000001,-0.2316302175921915,5.095371160163495,0.6896046948667653,62.4980604717521
114.650255,0.7000000000000011,6.200000000000001,-0.2316387425200387,5.095346214401546,1.4450642659069939,60.35888747796559
114.948244905,0.7000000000000011,6.200000000000001,-0.2316501317082839,5.095312270912457,1.4450975561216137,60.35888747796559
115.149613345,0.7000000000000011,6.200000000000001,-0.2316579695931639,5.095288689023584,1.4451206361081739,60.35888747796559
115.448838323,0.7000000000000011,6.200000000000001,-0.2316700911751472,5.0952520800064685,1.4451564363487939,60.35888747796559
115.648595473,0.7000000000000011,6.200000000000001,-0.2316777430845051,5.095229849669384,1.4451783633934505,60.35888747796559
115.948576708,0.4000000000000003,5.800000000000001,-0.2316885507696576,5.095199567423704,0.9464534193150798,61.7690940934055
116.149062066,0.4000000000000003,5.800000000000001,-0.2316961313564441,5.095178512084141,0.9464741582307594,61.7690940934055
116.448135455,0.4000000000000003,5.800000000000001,-0.2306252551910595,5.0963048254619,0.9449206904036962,61.7690940934055
116.648650643,0.4000000000000003,5.800000000000001,-0.2313256233891298,5.096545199045874,0.9452093417508547,61.7690940934055
116.948319472,0.4000000000000003,5.800000000000001,-0.2314420059555453,5.096574099075869,0.9452655737812998,61.7690940934055
117.148996895,0.4000000000000003,5.800000000000001,-0.2312974601895113,5.09575287422888,0.9457803642488108,61.7690940934055
117.448225116,0.4000000000000003,5.800000000000001,-0.2318008098048713,5.095915196317391,0.9459955993802878,61.7690940934055
117.648631304,0.4000000000000003,5.800000000000001,-0.2318774681633668,5.0955099834562185,0.9463484126802377,61.7690940934055
117.948373531,0.4000000000000003,5.800000000000001,-0.2323029846880204,5.095642774008738,0.9465337639257706,61.7690940934055
118.148482179,0.4000000000000003,5.800000000000001,-0.2324867470317372,5.09594871231628,0.9464289201307697,61.7690940934055
118.448925653,0.4000000000000003,5.800000000000001,-0.23225057365367,5.096090374688072,0.9461657087911055,61.7690940934055
118.748128591,0.4000000000000003,5.800000000000001,-0.232166778751399,5.095587777329624,0.9464837112197659,61.7690940934055
118.948704454,0.4000000000000003,5.800000000000001,-0.2320887854456208,5.095035192917123,0.9468429710947422,61.7690940934055
119.150237046,0.4000000000000003,5.800000000000001,-0.230983373973091,5.096269282542952,0.9451861937856891,61.7690940934055
119.448308538,0.4000000000000003,5.800000000000001,-0.2315595602548912,5.095116502687514,0.946429195942747,61.7690940934055
119.650030413,0.4000000000000003,5.800000000000001,-0.2315748166051195,5.095120848729466,0.9464361398772028,61.7690940934055
119.948475132,0.4000000000000003,5.800000000000001,-0.2308755089125221,5.095699099482343,0.9455388232196591,61.7690940934055
120.150598381,0.4000000000000003,5.800000000000001,-0.2051043472641807,5.100274438130628,0.9250768254644689,61.7690940934055
120.447962195,0.4000000000000003,5.800000000000001,-0.0818155903414192,5.116661664050825,0.8361205322642421,61.7690940934055
120.650149241,0.4000000000000003,5.800000000000001,0.0188869284094617,5.1275210712996016,0.772965123975986,61.7690940934055
120.948596348,0.4000000000000003,5.800000000000001,0.1578668077705706,5.140742816501224,0.7023165360248563,61.7690940934055
121.150374147,0.4000000000000003,5.800000000000001,0.2578232711843157,5.147186213977754,0.6681168022415154,61.7690940934055
121.448673428,0.4000000000000003,5.800000000000001,0.4182736189035053,5.15533130859146,0.6449276291416196,61.7690940934055
121.648586046,0.4000000000000003,5.800000000000001,0.5177279337069547,5.160953408298347,0.6498002868115779,61.7690940934055
121.947986462,0.4000000000000003,5.800000000000001,0.6574324884485714,5.168371150094351,0.6820751352614738,61.7690940934055
122.148830796,0.4000000000000003,5.800000000000001,0.7571101693667976,5.174689210196661,0.7200980883946709,61.7690940934055
122.448068892,0.4000000000000003,5.800000000000001,0.9173092623609268,5.184253080802442,0.8042096377348948,61.7690940934055
122.649046776,0.9000000000000004,5.600000000000001,1.0173975936737052,5.190147814260576,0.4263343865509336,65.73931540692767
122.948197257,0.9000000000000004,5.600000000000001,1.1575354531521496,5.198219563759199,0.4772337253130086,65.73931540692767
123.248151057,0.9000000000000004,5.600000000000001,1.3169241112167611,5.21013869497252,0.5708043024291397,65.73931540692767
123.447826846,0.9000000000000004,5.600000000000001,1.4167869961167114,5.218938735861092,0.6420876002404013,65.73931540692767
123.650333056,0.9000000000000004,5.600000000000001,1.5167482944092188,5.227596130178358,0.7204603395849181,65.73931540692767
123.948688719,0.9000000000000004,5.600000000000001,1.6566324261867873,5.239194679838019,0.8382559915768537,65.73931540692767
124.150562382,1.6000000000000014,5.5,1.7559067055650126,5.248579002537131,0.29583681110598653,66.75034996537757
124.44785501,1.6000000000000014,5.5,1.9158532379251685,5.262721083516834,0.39505006279614396,66.75034996537757
124.650430757,1.6000000000000014,5.5,2.0155716634339,5.271551846420315,0.47422396219843715,66.75034996537757
124.9487109,1.6000000000000014,5.5,2.15535728553966,5.284410478099598,0.5957353074606385,66.75034996537757
125.150463463,2.4000000000000004,5.700000000000001,2.2555650426747325,5.293755802760805,0.43115635758744236,66.68419133373925
125.44792201,2.4000000000000004,5.700000000000001,2.413754968485547,5.308584636818567,0.3916569745229772,66.68419133373925
125.648728664,2.4000000000000004,5.700000000000001,2.513462760671346,5.31826509947319,0.3982402947208851,66.68419133373925
125.947910986,2.4000000000000004,5.700000000000001,2.652697599839168,5.335161592007627,0.4438052961726414,66.68419133373925
126.148823491,2.4000000000000004,5.700000000000001,2.751703467558974,5.348192149954413,0.4974576287953627,66.68419133373925
126.448015143,3.200000000000001,5.700000000000001,2.911448050441509,5.366482046728478,0.44101751977493164,65.77149358593557
126.648713793,3.200000000000001,5.700000000000001,3.011155824308608,5.376801623335245,0.3743251439207566,65.77149358593557
126.948655592,3.200000000000001,5.700000000000001,3.150678880616653,5.390947211559771,0.31296357433399175,65.77149358593557
127.150531704,3.200000000000001,5.700000000000001,3.249750524548624,5.400691751043124,0.3034148028466889,65.77149358593557
127.448417349,3.200000000000001,5.700000000000001,3.4091179609490863,5.417368473537531,0.3515834201750833,65.77149358593557
127.748223044,3.200000000000001,5.700000000000001,3.548146449382212,5.431805247081967,0.4394705629620778,65.77149358593557
127.948645245,3.6000000000000014,5.4,3.647350956579451,5.441767247438622,0.06313965511141138,64.32973455602261
128.248784497,3.6000000000000014,5.4,3.806522272606025,5.458082727225849,0.21453450138462374,64.32973455602261
128.447900387,3.6000000000000014,5.4,3.900591759172041,5.467343451754708,0.30804309142777436,64.32973455602261
128.74880451,3.6000000000000014,5.4,3.974513528175663,5.472821349716322,0.3815276290926897,64.32973455602261
128.948639972,3.6000000000000014,5.4,3.98336085340087,5.472892545539132,0.39022924943604215,64.32973455602261
129.24859213800002,3.6000000000000014,5.4,3.983345709981885,5.472824113079666,0.39020159508561014,64.32973455602261
129.448874111,3.6000000000000014,5.4,3.983306235827348,5.472824615368524,0.3901629083186957,64.32973455602261
129.65091513500002,3.6000000000000014,5.4,3.983266381437304,5.472837319086771,0.3901261260051574,64.32973455602261
129.947573382,4.200000000000001,5.4,3.983211010149719,5.47286541482833,0.22870687527577802,63.54613277370361
130.150729627,4.200000000000001,5.4,3.9831723000472334,5.472887115227116,0.22875048203870138,63.54613277370361
130.447634829,4.200000000000001,5.4,3.983111915120636,5.472923584475176,0.22881934038744797,63.54613277370361
130.65080009500002,4.200000000000001,5.4,3.983075438301953,5.4729442631408265,0.2288605055334983,63.54613277370361
130.94854064400002,4.200000000000001,5.4,3.9830257865130094,5.472972270231512,0.22891649468974362,63.54613277370361
131.248746936,4.200000000000001,5.4,3.98297117787914,5.473001191684079,0.22897747404158347,63.54613277370361
131.448576142,4.200000000000001,5.4,3.982938053803221,5.473018692202364,0.2290144491024035,63.54613277370361
131.749165774,4.200000000000001,5.4,3.9828928354622,5.47304366259311,0.22906526916723943,63.54613277370361
131.948406078,4.200000000000001,5.4,3.9828614384920376,5.473061068043323,0.22910057738333775,63.54613277370361
132.247484138,4.200000000000001,5.4,3.9828126606621455,5.473087883704849,0.2291553602102957,63.54613277370361
132.44875686400002,4.200000000000001,5.4,3.982783090111176,5.473104048557391,0.22918854215935705,63.54613277370361
132.748796838,4.200000000000001,5.4,3.9827428794358712,5.473125524108411,0.22923350259494496,63.54613277370361
132.948301471,4.200000000000001,5.4,3.982714959012034,5.473140124050973,0.2292646217438143,63.54613277370361
133.248680387,4.200000000000001,5.4,3.982671672413645,5.473162634705471,0.22931282800691408,63.54613277370361
133.448528341,4.200000000000001,5.4,3.982645441061364,5.473175947485986,0.22934193594255967,63.54613277370361
133.74881016700002,4.200000000000001,5.4,3.982609747107915,5.473193843110758,0.22938147423409616,63.54613277370361
133.948166652,4.200000000000001,5.4,3.982584932054331,5.473206411537329,0.229409002569631,63.54613277370361
134.150937671,4.200000000000001,5.4,3.9837424674164894,5.473400601544796,0.2283746236039514,63.54613277370361
134.44892693600002,4.200000000000001,5.4,3.9848163756348223,5.473132664250448,0.22727159693921958,63.54613277370361
134.748861064,4.200000000000001,5.4,3.984272520935768,5.473297733533767,0.22783964309267182,63.54613277370361
134.948360318,4.200000000000001,5.4,3.984096269146073,5.473712625186614,0.2281402465777304,63.54613277370361
135.248749169,4.200000000000001,5.4,3.984149966089417,5.473681421809549,0.22807934816435485,63.54613277370361
135.448561508,4.200000000000001,5.4,3.983997122018474,5.473219328008869,0.2280752360305099,63.54613277370361
135.748804946,4.200000000000001,5.4,3.984454131703957,5.472956166916044,0.2275579566408899,63.54613277370361
135.948534302,4.200000000000001,5.4,3.984464218799281,5.473220757330793,0.22763337251356525,63.54613277370361
136.24823136700002,4.200000000000001,5.4,3.984497491626676,5.472470194739183,0.22736151882130395,63.54613277370361
136.448393685,4.200000000000001,5.4,3.984730023610964,5.472812765738122,0.22725065806058975,63.54613277370361
136.748854998,4.200000000000001,5.4,3.984579352627509,5.472368591421665,0.22725155299522018,63.54613277370361
136.949065501,4.200000000000001,5.4,3.9844200661516376,5.472272393522689,0.22737195680990036,63.54613277370361
137.248617243,4.200000000000001,5.4,3.984828589668194,5.4809308606102025,0.22988810326610384,63.54613277370361
137.448661842,4.200000000000001,5.4,3.985866209099593,5.526943286201424,0.24893348171147286,63.54613277370361
137.74849481500002,4.200000000000001,5.4,3.977054924572215,5.651385884816492,0.336005014460308,63.54613277370361
137.94843879500002,4.200000000000001,5.4,3.967679491475035,5.752064836434238,0.42180856764030467,63.54613277370361
138.248381445,4.200000000000001,5.4,3.952837321667401,5.911391330840145,0.5679881009484251,63.54613277370361
138.44886986100002,4.200000000000001,5.4,3.9434718776100497,6.011081973915558,0.6627426773804808,63.54613277370361
138.748715535,4.200000000000001,5.4,3.925850600438671,6.149921188626649,0.798460820849116,63.54613277370361
138.948353381,4.300000000000001,6.0,3.9128311690117874,6.248912035608973,0.4602791600320207,63.774995364439
139.248384406,4.300000000000001,6.0,3.877068255413605,6.405242601822063,0.5857412627691575,63.774995364439
139.448131115,4.300000000000001,6.0,3.846970108790103,6.5000160998391845,0.6747237823198773,63.774995364439
139.748524328,4.300000000000001,6.0,3.813579067376736,6.636006706174373,0.800693358279474,63.774995364439
139.948446783,4.300000000000001,6.0,3.7973137747143895,6.7346442317203925,0.8901660453488113,63.774995364439
140.24703583000002,4.100000000000001,6.400000000000002,3.7813070524195846,6.894456821036723,0.5882624777318659,62.78319885628048
140.448472744,4.100000000000001,6.400000000000002,3.7722321153020775,6.993420031088171,0.6779226501128536,62.78319885628048
140.747384554,4.100000000000001,6.400000000000002,3.7597606629827753,7.132978084348461,0.808096330018308,62.78319885628048
140.948378687,4.100000000000001,6.400000000000002,3.751175634453619,7.2325821618873345,0.9027023287284798,62.78319885628048
141.248564629,4.100000000000001,6.400000000000002,3.737668204555552,7.391739512946575,1.0558558573638281,62.78319885628048
141.448305366,3.9,6.900000000000002,3.729136816595581,7.4915640333583875,0.6157452663288067,60.19882882963868
141.748959925,3.9,6.900000000000002,3.7171212010008072,7.63115666043277,0.7536807793877885,60.19882882963868
141.948447144,3.9,6.900000000000002,3.7092512963343065,7.730913773807618,0.8525272825272846,60.19882882963868
142.248771666,3.9,6.900000000000002,3.697163215263181,7.890751828179332,1.011302104360045,60.19882882963868
142.44884276300002,4.200000000000001,7.600000000000001,3.689782420472795,7.990557403469654,0.6425395426458654,55.122205663864655
142.748316238,4.200000000000001,7.600000000000001,3.6788104516810094,8.125393561542396,0.7400519845167338,55.122205663864655
142.948990602,4.200000000000001,7.600000000000001,3.67203055576061,8.186969869629719,0.789484237906989,55.122205663864655
143.248530104,4.200000000000001,7.600000000000001,3.6686375254386254,8.2102007131927,0.8091297731222518,55.122205663864655
143.44858791800002,4.200000000000001,7.600000000000001,3.668703286426333,8.210189067273665,0.8090778056988612,55.122205663864655
143.74906193,4.100000000000001,8.100000000000001,3.66880310807893,8.210158409152706,0.4450456546349453,53.00030259067964
143.94884567100002,4.100000000000001,8.100000000000001,3.668862665821938,8.210136329509712,0.4449824850486127,53.00030259067964
144.24862512,4.100000000000001,8.100000000000001,3.6689435803638366,8.21010111874795,0.44489537338468615,53.00030259067964
144.44840005400002,4.100000000000001,8.100000000000001,3.668990144176654,8.210079600764967,0.44484493289396565,53.00030259067964
144.74889002,4.100000000000001,8.100000000000001,3.669046012023895,8.210049668576827,0.44478339594276595,53.00030259067964
144.948423104,4.100000000000001,8.100000000000001,3.669080390014672,8.210028524557467,0.44474485549155196,53.00030259067964
145.24851945900002,4.100000000000001,8.100000000000001,3.669127777037682,8.209995224326988,0.4446907036303267,53.00030259067964
145.448703994,4.100000000000001,8.100000000000001,3.669154537238496,8.20997487068413,0.44465974066039127,53.00030259067964
145.74860307400002,4.100000000000001,8.100000000000001,3.669188309819517,8.209946942132197,0.44462011029685344,53.00030259067964
145.94885197000002,4.100000000000001,8.100000000000001,3.669211542233712,8.209927516684587,0.44459279601574525,53.00030259067964
146.24815588500002,4.100000000000001,8.100000000000001,3.6692458302964943,8.20989721550242,0.4445520809670591,53.00030259067964
146.448835513,3.9,8.600000000000001,3.669265552475015,8.20987874327878,0.45324715136490906,52.55991874945499
146.748751945,3.9,8.600000000000001,3.6692918646014543,8.209853568359767,0.45325542673053754,52.55991874945499
146.94736000900002,3.9,8.600000000000001,3.669310303076439,8.209836084481468,0.4532610916893679,52.55991874945499
147.248845217,3.9,8.600000000000001,3.66933848370817,8.209808855080798,0.45327018948018727,52.55991874945499
147.44868554,3.9,8.600000000000001,3.669355204810522,8.209792371478645,0.45327587063978697,52.55991874945499
147.748750809,3.9,8.600000000000001,3.669289117192189,8.210790784127106,0.4524503565766678,52.55991874945499
147.948853496,3.9,8.600000000000001,3.66936803066688,8.212160410319399,0.4512323709598984,52.55991874945499
148.24805926300002,3.9,8.600000000000001,3.6695275748915104,8.212058128318613,0.45123877774305576,52.55991874945499
148.44761460200002,3.9,8.600000000000001,3.669831025107911,8.21207024769275,0.45107344161238316,52.55991874945499
148.748922004,3.9,8.600000000000001,3.6692771608943566,8.211715043056593,0.45166163914319,52.55991874945499
148.94938085,3.9,8.600000000000001,3.6700938470963376,8.211368707921814,0.45154304371269377,52.55991874945499
149.24836716800002,3.9,8.600000000000001,3.6701044327632855,8.211484133795903,0.4514383126490393,52.55991874945499
149.448844197,3.9,8.600000000000001,3.669939547942047,8.211152724796504,0.45180749776237017,52.55991874945499
149.74886275,3.9,8.600000000000001,3.6703047112781486,8.211755049799459,0.4511031667116031,52.55991874945499
149.948461981,3.9,8.600000000000001,3.670412475188921,8.211774945919904,0.45103117870538856,52.55991874945499
150.248831028,3.9,8.600000000000001,3.671008037033,8.211839944164886,0.4506723289147002,52.55991874945499
150.448353319,3.9,8.600000000000001,3.670978620482648,8.211697464913593,0.4508099943774123,52.55991874945499
150.747393689,3.9,8.600000000000001,3.671001603294604,8.211743215601317,0.4507589115317064,52.55991874945499
150.948810817,3.9,8.600000000000001,3.670887288726135,8.212407563660884,0.4502449679613912,52.55991874945499
151.24891252,3.9,8.600000000000001,3.671097397955187,8.212281040468094,0.45024703530771976,52.55991874945499
151.44825260000002,3.9,8.600000000000001,3.6715837886780536,8.212804880949967,0.4495486912569561,52.55991874945499
151.74844651400002,3.9,8.600000000000001,3.671206424627207,8.213086924862647,0.4494977506552281,52.55991874945499
151.94884876900002,3.9,8.600000000000001,3.670908741210956,8.212651240796664,0.45002429502185104,52.55991874945499
152.24872012400002,3.9,8.600000000000001,3.671003308700824,8.212624851890837,0.4499988777747866,52.55991874945499
152.44868453400002,3.9,8.600000000000001,3.670787400051633,8.213083562994054,0.44971407049420553,52.55991874945499
152.748667912,3.9,8.600000000000001,3.671145847333317,8.213126996268782,0.4494940980800543,52.55991874945499
152.94885711,3.9,8.600000000000001,3.670845622879101,8.21320953544142,0.4495760136251825,52.55991874945499
153.24821734600002,3.9,8.600000000000001,3.670925602406887,8.213787957544856,0.4490376614160807,52.55991874945499
153.448875278,3.9,8.600000000000001,3.671295593923921,8.213703765383435,0.44892147001179283,52.55991874945499
153.748204922,3.9,8.600000000000001,3.6709062531076526,8.21392740001197,0.4489276081137061,52.55991874945499
153.94887802600002,3.9,8.600000000000001,3.670929654431485,8.214550919950366,0.44837954517349393,52.55991874945499
154.24877712,3.9,8.600000000000001,3.675495848731842,8.167228053285328,0.4875383798223933,52.55991874945499
154.448968271,3.9,8.600000000000001,3.6826833436057007,8.084589414751541,0.5593519469283704,52.55991874945499
154.748800052,3.9,8.600000000000001,3.689603057229184,7.944347701241939,0.6885831906124618,52.55991874945499
154.94855188300002,3.9,8.600000000000001,3.688307827000943,7.844213168570912,0.7848740731293689,52.55991874945499
155.24832432300002,3.9,8.600000000000001,3.689362017955219,7.683865829736176,0.940037327665708,52.55991874945499
155.448754995,3.9,8.600000000000001,3.6918479336820447,7.583746109086757,1.037352039333197,52.55991874945499
155.748945499,4.0,8.100000000000001,3.696393544539778,7.444022725485565,0.7228299000985692,53.00030259067964
155.949108316,4.0,8.100000000000001,3.699372894936807,7.344037234125043,0.813545548625271,53.00030259067964
156.248721726,4.0,8.100000000000001,3.704958927669298,7.183911913757332,0.9624274601848218,53.00030259067964
156.448273825,4.0,8.100000000000001,3.70828517165711,7.084377844119649,1.0566862848500387,53.00030259067964
156.74890278700002,4.0,8.100000000000001,3.712689797268895,6.944091364736264,1.1910801508171756,53.00030259067964
156.948788538,4.0,7.5,3.7159067433554536,6.843927319873045,0.7149407948074229,55.870188005013965
157.248613116,4.0,7.5,3.7169982103711416,6.684139711425354,0.8635496647015971,55.870188005013965
157.44824476000002,4.0,7.5,3.707089641339229,6.585356435291997,0.9604006084299115,55.870188005013965
157.748747567,4.0,7.5,3.67467638082988,6.448842398902196,1.1003489262664077,55.870188005013965
157.94802637200002,4.0,7.5,3.6401330984460007,6.355267107142816,1.1999656590183125,55.870188005013965
158.248005209,3.9,7.0,3.565555394123894,6.213592704122222,0.854569850515113,59.53237720576136
158.448285803,3.9,7.0,3.508018260294686,6.132359363374378,0.9520766558352953,59.53237720576136
158.74761849200002,3.9,7.0,3.413759834936376,6.028368931589511,1.0865065260833038,59.53237720576136
158.947885254,3.9,7.0,3.3380176280603675,5.962877617528793,1.1795961268983752,59.53237720576136
159.24734355,3.9,7.0,3.206307197278272,5.872973257181809,1.323404315987864,59.53237720576136
159.448083733,3.9,7.0,3.117649565730789,5.827238200760887,1.4097668033245014,59.53237720576136
159.74820605000002,3.5,6.400000000000002,2.991587647690469,5.765972780336304,0.8126952905335373,63.536920836425566
159.94882245300002,3.5,6.400000000000002,2.9013626417723306,5.721678586964698,0.9047025069314303,63.536920836425566
160.248686842,3.5,6.400000000000002,2.757315551249577,5.652881035635868,1.0534547628295465,63.536920836425566
160.448174993,3.5,6.400000000000002,2.664836870513515,5.612968579883216,1.1475695661286531,63.536920836425566
160.74823897200002,3.5,6.400000000000002,2.535363028571336,5.560342939139163,1.2788856346446804,63.536920836425566
160.94807919000002,3.0,5.9,2.442540060341808,5.522755204059788,0.6731086245084723,65.98218198342936
161.248920091,3.0,5.9,2.2918303185643185,5.468365315271317,0.829344800891369,65.98218198342936
161.44801332100002,3.0,5.9,2.195618270943819,5.440094885184267,0.9265757824771181,65.98218198342936
161.749052017,3.0,5.9,2.0616195395545303,5.402633535129559,1.0620410956848947,65.98218198342936
161.94880855600002,3.0,5.9,1.9633240536772527,5.384199492397411,1.1579063784811157,65.98218198342936
162.248412491,3.0,5.9,1.8036202018669203,5.372526209805993,1.3074988415759994,65.98218198342936
162.4487977,3.0,5.9,1.7040229872080104,5.369537467678755,1.4003381434074833,65.98218198342936
162.74887076800002,3.0,5.9,1.564031275583997,5.366476222410077,1.5318791723744878,65.98218198342936
162.948861294,3.0,5.9,1.4636663815600692,5.364215564508453,1.6270789619633483,65.98218198342936
163.248206759,2.200000000000001,5.700000000000001,1.3035704889734696,5.360076017883288,0.9587148595162952,66.82547956557978
163.44809431800002,2.200000000000001,5.700000000000001,1.203683414004727,5.357618281872343,1.0535046181376357,66.82547956557978
163.748991081,2.200000000000001,5.700000000000001,1.0637438638026533,5.353748013637742,1.1878419276595416,66.82547956557978
163.948650323,2.200000000000001,5.700000000000001,0.9634700911825056,5.351013730270609,1.2848336981336688,66.82547956557978
164.24822546200002,2.200000000000001,5.700000000000001,0.8037781112483826,5.345568452976592,1.4405059125718795,66.82547956557978
164.44880730100002,2.200000000000001,5.700000000000001,0.7042073581353813,5.341793771794017,1.5380856053490315,66.82547956557978
164.748161863,1.700000000000001,5.600000000000001,0.5642984767234848,5.337131991291242,1.1657261856778838,66.82323591258123
164.948689134,1.700000000000001,5.600000000000001,0.4645882661639048,5.333602790223441,1.263807590369929,66.82323591258123
165.248726513,1.700000000000001,5.600000000000001,0.3046792818857983,5.328001285072595,1.421584752071045,66.82323591258123
165.44779195200002,1.0,5.600000000000001,0.2049640720116262,5.324446785713003,0.8414343115753191,65.92608413051421
165.74886955600002,1.0,5.600000000000001,0.0646728034808245,5.3192486363615785,0.9765542958449644,65.92608413051421
165.948195166,1.0,5.600000000000001,-0.0353324835486161,5.315345503656397,1.0737511507698496,65.92608413051421
166.248087569,1.0,5.600000000000001,-0.1738411108244594,5.309591568044952,1.2092311651674346,65.92608413051421
166.44812944600002,1.0,5.600000000000001,-0.2126451804895833,5.3078941663726456,1.2473308108933037,65.92608413051421
166.74889865,1.0,5.600000000000001,-0.2184929816899551,5.307899512683662,1.2530154991531908,65.92608413051421
166.947733607,1.0,5.600000000000001,-0.2191270248605741,5.308623259611629,1.253463644301161,65.92608413051421
167.248818752,0.7000000000000011,6.100000000000001,-0.2187656591758327,5.308923527818235,1.21240765475988,60.97793562082904
167.448146538,0.7000000000000011,6.100000000000001,-0.2190296929464631,5.3085078369452505,1.212878980234368,60.97793562082904
167.748231905,0.7000000000000011,6.100000000000001,-0.2191786005406267,5.308736762866365,1.2128424506633282,60.97793562082904
167.94811812100002,0.7000000000000011,6.100000000000001,-0.2193927896440979,5.3078928348194605,1.2135554634131525,60.97793562082904
168.24865615500002,0.7000000000000011,6.100000000000001,-0.2195330487819614,5.307737467083112,1.2137631354041594,60.97793562082904
168.44881105500002,0.7000000000000011,6.100000000000001,-0.2190529384940822,5.307561758881114,1.2135141819287507,60.97793562082904
168.748830301,0.7000000000000011,6.100000000000001,-0.2188066792963917,5.307284873582252,1.2135085436745687,60.97793562082904
168.948835398,0.7000000000000011,6.100000000000001,-0.219323177081697,5.307830974235041,1.2135431056625032,60.97793562082904
169.24756058100002,0.7000000000000011,6.100000000000001,-0.2191873771703748,5.307578651279162,1.2136049720802522,60.97793562082904
169.44887964600002,0.7000000000000011,6.100000000000001,-0.2192885556616759,5.307357988463054,1.2138256905436917,60.97793562082904
169.748822245,0.7000000000000011,6.100000000000001,-0.2191725672397707,5.307699546798928,1.2135148192373995,60.97793562082904
169.948888815,0.7000000000000011,6.100000000000001,-0.2193181732525426,5.307741426160945,1.213597771707698,60.97793562082904
170.24818705,0.7000000000000011,6.100000000000001,-0.2191754188069861,5.3076511807646485,1.213548557694606,60.97793562082904
170.448837279,0.7000000000000011,6.100000000000001,-0.2191955878668429,5.307599690387401,1.2135974536179688,60.97793562082904
170.748229215,0.7000000000000011,6.100000000000001,-0.2192229505416881,5.307529646091704,1.213663913373925,60.97793562082904
170.948742619,0.7000000000000011,6.100000000000001,-0.2192419203297575,5.307481010706639,1.2137100380577375,60.97793562082904
171.248744189,0.7000000000000011,6.100000000000001,-0.2192713543798133,5.307405418289987,1.213781691219377,60.97793562082904
171.448851442,0.7000000000000011,6.100000000000001,-0.2192891783599004,5.30735972319916,1.2138250293417652,60.97793562082904
171.74884499,0.7000000000000011,6.100000000000001,-0.21931346003563,5.307297385505692,1.2138841266071474,60.97793562082904
171.94818295200002,0.7000000000000011,6.100000000000001,-0.2193303262329524,5.30725408029725,1.2139251797112331,60.97793562082904
172.248693715,0.7000000000000011,6.100000000000001,-0.2193565189056032,5.307186843550829,1.2139889249466533,60.97793562082904
172.44879327700002,0.7000000000000011,6.100000000000001,-0.2193724048106729,5.307146062258484,1.2140275883683993,60.97793562082904
172.74884214600002,0.7000000000000011,6.100000000000001,-0.2193940311078899,5.307090521037677,1.2140802388084253,60.97793562082904
172.948739272,0.7000000000000011,6.100000000000001,-0.2194090545608187,5.307051935219048,1.2141168160635445,60.97793562082904
173.24876702,0.7000000000000011,6.100000000000001,-0.2194323802559551,5.306992038243524,1.2141735993144869,60.97793562082904
173.448040881,0.7000000000000011,6.100000000000001,-0.2194465298556765,5.306955707457064,1.2142080427993283,60.97793562082904
173.74892086100002,0.7000000000000011,6.100000000000001,-0.2194658001436075,5.30690622688891,1.2142549528749362,60.97793562082904
173.94900874200002,0.7000000000000011,6.100000000000001,-0.2194791863313189,5.30687183710182,1.214287551150365,60.97793562082904
174.248633826,0.7000000000000011,6.100000000000001,-0.2194999733786832,5.306818468617935,1.2143381500920576,60.97793562082904
174.448702735,0.7000000000000011,6.100000000000001,-0.2195125807068053,5.306786107116925,1.2143688343912717,60.97793562082904
174.748903805,0.7000000000000011,6.100000000000001,-0.2195297493393656,5.306742016049679,1.2144106344318006,60.97793562082904
174.94820506500002,0.7000000000000011,6.100000000000001,-0.2195416804130192,5.306711389948313,1.2144396736168255,60.97793562082904
175.24869144200002,0.7000000000000011,6.100000000000001,-0.2220441048180143,5.3262838736788165,1.203661902429048,60.97793562082904
175.44885655500002,0.4000000000000003,5.600000000000001,-0.2275733349485836,5.386922613020962,0.662759582035826,64.7218362465997
175.748110972,0.4000000000000003,5.600000000000001,-0.2381291335411282,5.521455742537498,0.6429447810304455,64.7218362465997
175.948589582,0.4000000000000003,5.600000000000001,-0.2436264688948576,5.621668301679183,0.6439911076713121,64.7218362465997
176.24870862900002,0.4000000000000003,5.600000000000001,-0.2460043246245914,5.781528671066433,0.6710247729054566,64.7218362465997
176.44810898900002,0.200000000000001,6.100000000000001,-0.2451751614113912,5.881556289155798,0.49588161807536807,61.55298988077785
176.74916434800002,0.200000000000001,6.100000000000001,-0.2453040829900732,6.022183900087326,0.4520520675024619,61.55298988077785
176.94874600600002,0.200000000000001,6.100000000000001,-0.2458165113579696,6.122351353495046,0.4463764608516582,61.55298988077785
177.248914582,0.200000000000001,6.100000000000001,-0.2483132406092977,6.282769023825207,0.4841376640746198,61.55298988077785
177.447759119,0.4000000000000003,6.600000000000001,-0.2492617666382573,6.382821020254473,0.6846221957120147,58.24652402732439
177.74821948200002,0.4000000000000003,6.600000000000001,-0.2517185532108056,6.522200362972991,0.6563458357609352,58.24652402732439
177.948121504,0.4000000000000003,6.600000000000001,-0.2537887948715567,6.622161838836941,0.6541643030617288,58.24652402732439
178.24817777,0.4000000000000003,6.600000000000001,-0.2591722481176883,6.781867183737888,0.6838009397546028,58.24652402732439
178.448181121,0.4000000000000003,6.600000000000001,-0.2623742098376571,6.88200441489514,0.7199069966866626,58.24652402732439
178.748114996,0.4000000000000003,6.600000000000001,-0.266240410020132,7.0216964641660455,0.7884822076838117,58.24652402732439
178.948660034,0.4000000000000003,6.600000000000001,-0.2696357949417485,7.121616633052629,0.848820363648533,58.24652402732439
179.24820574100002,0.4000000000000003,7.199999999999999,-0.274716014537921,7.282029338646968,0.6796841271302394,54.15251209880184
179.447950025,0.4000000000000003,7.199999999999999,-0.2775500452444135,7.381722155179882,0.7014962619244159,54.15251209880184
179.748242995,0.4000000000000003,7.199999999999999,-0.2794779241283288,7.491048522270492,0.7391884006757552,54.15251209880184
179.94815538900002,0.3000000000000007,7.900000000000002,-0.2796357432508251,7.520822527701321,0.6926421517297042,44.611402341473344
180.248087776,0.3000000000000007,7.900000000000002,-0.2796459377539686,7.523944134898647,0.6909467612137762,44.611402341473344
180.44810406,0.3000000000000007,7.900000000000002,-0.2796821356434624,7.523914859757193,0.6909930615394194,44.611402341473344
180.74824276,0.3000000000000007,7.900000000000002,-0.2797189380695569,7.52387527921457,0.6910454780565565,44.611402341473344
180.948180277,0.1000000000000014,8.400000000000002,-0.2797420503938569,7.523847853291433,0.9549065970132187,44.611402341473344
181.248824,0.1000000000000014,8.400000000000002,-0.2797712592247613,7.523805488293499,0.9549570836837429,44.611402341473344
181.448554027,0.1000000000000014,8.400000000000002,-0.2797870173940063,7.523779846237219,0.954986877627704,44.611402341473344
181.748159992,0.1000000000000014,8.400000000000002,-0.2798055764513481,7.523745006758179,0.9550262242916525,44.611402341473344
181.947396323,0.1000000000000014,8.400000000000002,-0.2798173832709681,7.523720861225051,0.9550530737540067,44.611402341473344
182.248342855,0.1000000000000014,8.400000000000002,-0.2798325581202079,7.523683420802797,0.9550934609681051,44.611402341473344
182.448245252,0.1000000000000014,8.400000000000002,-0.279841314237956,7.52366072924372,0.9551177631432005,44.611402341473344
182.748196816,0.1000000000000014,8.400000000000002,-0.279854508158773,7.5236297979484625,0.9551513903106673,44.611402341473344
182.949019358,0.1000000000000014,8.400000000000002,-0.2798634323514011,7.523608310337711,0.9551746546820187,44.611402341473344
183.248764284,0.1000000000000014,8.400000000000002,-0.2798771158645105,7.523574957481117,0.9552106983863665,44.611402341473344
183.447420846,0.1000000000000014,8.400000000000002,-0.2798858667457702,7.523554725886904,0.9552327414135099,44.611402341473344
183.748241541,0.1000000000000014,8.400000000000002,-0.2798978951913229,7.523527139126834,0.9552628364057686,44.611402341473344
183.948832486,0.1000000000000014,8.400000000000002,-0.2799064567163528,7.523507981857628,0.9552838184131811,44.611402341473344
184.248947387,0.1000000000000014,8.400000000000002,-0.2799196871086274,7.523478227751051,0.9553163799910274,44.611402341473344
184.449017323,0.1000000000000014,8.400000000000002,-0.2799279999534576,7.523460177499242,0.9553362473905718,44.611402341473344
184.74886451,0.1000000000000014,8.400000000000002,-0.2799391120749222,7.523435600171975,0.955363216755884,44.611402341473344
184.948195635,0.1000000000000014,8.400000000000002,-0.2800919580361742,7.525504715853465,0.9535260345466747,44.611402341473344
185.249109717,0.1000000000000014,8.400000000000002,-0.280780392971058,7.5250903401336195,0.9541806016675792,44.611402341473344
185.448843165,0.1000000000000014,8.400000000000002,-0.2804067468478577,7.525204473309622,0.9539268874315633,44.611402341473344
185.748970558,0.1000000000000014,8.400000000000002,-0.2800414569640149,7.5254632909144625,0.9535438975471963,44.611402341473344
185.948266577,0.1000000000000014,8.400000000000002,-0.2803633301914236,7.525631980017403,0.9535175390744535,44.611402341473344
186.247848824,0.1000000000000014,8.400000000000002,-0.2806092580991118,7.525981611317859,0.9532951017944479,44.611402341473344
186.448902098,0.1000000000000014,8.400000000000002,-0.2800926961375848,7.525617942498446,0.9534224877449631,44.611402341473344
186.748141528,0.1000000000000014,9.0,-0.2796913424034306,7.525129890596346,1.5229600635303826,44.611402341473344
186.94816739,0.1000000000000014,9.0,-0.2803344126894876,7.525006812228232,1.5232396953365486,44.611402341473344
187.248164124,0.1000000000000014,9.0,-0.2803690363604114,7.525244963153942,1.5230177354596257,44.611402341473344
187.448205667,0.1000000000000014,9.0,-0.2801684860911403,7.52566717935033,1.522558814582098,44.611402341473344
187.747608497,0.1000000000000014,9.0,-0.2801754647111356,7.524973626349082,1.5232321513591112,44.611402341473344
187.948121753,0.1000000000000014,9.0,-0.2798082585676862,7.525159060098376,1.5229609684053376,44.611402341473344
188.248394961,0.1000000000000014,9.0,-0.2801271570906976,7.524700540439079,1.5234845424022527,44.611402341473344
188.448797601,0.1000000000000014,9.0,-0.2804048176597695,7.524755286176523,1.5235008339226057,44.611402341473344
188.748995945,0.1000000000000014,9.0,-0.2803833082999897,7.52479474682888,1.5234572525072425,44.611402341473344
188.948130049,0.5,8.7,-0.2803595965394235,7.52482099403329,1.410676006734386,44.611402341473344
189.249008883,0.5,8.7,-0.2803226118050524,7.524861564930062,1.4106217494682545,44.611402341473344
189.448117355,0.5,8.7,-0.280300109269193,7.524886099881619,1.4105888624177298,44.611402341473344
189.74883003,0.5,8.7,-0.2802694082109133,7.524919449731055,1.4105440967974643,44.611402341473344
189.948690177,0.5,8.7,-0.2802480508478043,7.524942589160181,1.4105130058320534,44.611402341473344
190.249018034,0.5,8.7,-0.2802148535952921,7.5249784914374,1.4104647331129727,44.611402341473344
190.448446846,0.5,8.7,-0.2814222482123999,7.525374830527741,1.410802969503202,44.611402341473344
190.748959951,0.5,8.7,-0.3307963504354124,7.521807756338145,1.4416516704536346,44.611402341473344
190.948997566,0.3000000000000007,8.2,-0.4134996467599531,7.509645078856221,0.9928099833674172,44.611402341473344
191.248591714,0.3000000000000007,8.2,-0.5730524659772904,7.48280135095388,1.1298648195879926,44.611402341473344
191.447608946,0.3000000000000007,8.2,-0.671679537041414,7.466389537539934,1.2175160916127101,44.611402341473344
191.749324054,0.3000000000000007,8.2,-0.8101796150629741,7.442924279596574,1.3437493903722302,44.611402341473344
191.948855123,-0.1999999999999993,8.100000000000001,-0.908313727345949,7.426447610377261,0.9774360121835167,44.611402341473344
192.247116704,-0.1999999999999993,8.100000000000001,-1.0662842801457686,7.400192296574026,1.113633366868114,44.611402341473344
192.44798263,-0.1999999999999993,8.100000000000001,-1.1650880489105166,7.38444614895232,1.2014209320213611,44.611402341473344
192.748939262,-0.1999999999999993,8.100000000000001,-1.3028052223730748,7.361149920464683,1.3274331616027506,44.611402341473344
192.948119721,-0.1999999999999993,8.100000000000001,-1.4017152672735351,7.344381771499321,1.4195346036081025,44.611402341473344
193.248979658,-0.6999999999999993,8.3,-1.5598408927635623,7.318807766189043,1.3046319636431485,43.362118313258065
193.449044578,-0.6999999999999993,8.3,-1.6583596141564174,7.302227646918076,1.3834749071163814,43.362118313258065
193.747349847,-0.6999999999999993,8.3,-1.7989345389023208,7.283826237903213,1.4967518951270438,43.362118313258065
193.948027057,-0.6999999999999993,8.3,-1.897897572545259,7.27303577039145,1.5778511093272738,43.362118313258065
194.247970788,-1.3999999999999986,8.900000000000002,-2.0525198282993373,7.258129239316965,1.7667828732217477,43.20352177899858
194.44825402900003,-1.3999999999999986,8.900000000000002,-2.1147226386036,7.251179866788282,1.7970632381240261,43.20352177899858
194.748266501,-1.799999999999999,9.3,-2.138833864478819,7.248271655161797,2.079518595427838,44.864953526799916
194.948684406,-1.799999999999999,9.3,-2.1389394367665604,7.248074904612811,2.0797299196951897,44.864953526799916
195.248099448,-1.799999999999999,9.3,-2.1388957318182578,7.248024807078909,2.079772225367044,44.864953526799916
195.448624013,-1.799999999999999,9.3,-2.138870881202438,7.248011298795099,2.0797815039084027,44.864953526799916
195.749090289,-1.799999999999999,9.3,-2.1388386769579344,7.248009506718813,2.079778025059159,44.864953526799916
195.948302318,-1.799999999999999,9.3,-2.1388165327081023,7.248010489445588,2.0797734478211036,44.864953526799916
196.248227099,-1.799999999999999,9.3,-2.138782726228902,7.248017976646968,2.079760553466455,44.864953526799916
196.448860517,-1.799999999999999,9.3,-2.1387625960949506,7.248026322506344,2.079749040062246,44.864953526799916
196.748222097,-1.799999999999999,9.3,-2.1387356272377978,7.2480421578428755,2.0797290234908754,44.864953526799916
196.948784107,-1.8999999999999984,8.8,-2.1387169894200087,7.248054077431028,1.5701980599963226,47.90554475360707
197.24899899200005,-1.8999999999999984,8.8,-2.138688320084882,7.248075383062662,1.5701726436290535,47.90554475360707
197.448187249,-1.8999999999999984,8.8,-2.138671024419439,7.248089279748137,1.570156279333393,47.90554475360707
197.748180684,-2.1999999999999997,9.8,-2.1386475090882566,7.248108539901188,2.552628870844002,49.74218585476897
197.948631563,-2.1999999999999997,9.8,-2.138631205792051,7.248122271191525,2.552615535424644,49.74218585476897
198.248271858,-2.1999999999999997,9.8,-2.138605992512092,7.248144715583511,2.5525937038157465,49.74218585476897
198.448903137,-2.1999999999999997,9.8,-2.1385907461725884,7.24815876767487,2.552580022536077,49.74218585476897
198.748133966,-2.1999999999999997,9.8,-2.13857002203053,7.248178154720477,2.552561139765143,49.74218585476897
198.94888019400005,-2.1999999999999997,9.8,-2.138555612245895,7.2481916016449155,2.552548043563925,49.74218585476897
199.248236872,-2.1999999999999997,9.8,-2.138533233464399,7.248212422038521,2.552527768003094,49.74218585476897
199.448800263,-2.1999999999999997,9.8,-2.1385196793293533,7.248225124965359,2.5525153951911492,49.74218585476897
199.748132512,-2.1999999999999997,9.8,-2.138501200890848,7.248242368708319,2.5524986015955426,49.74218585476897
199.949020583,-2.1999999999999997,9.8,-2.1398350699529383,7.248588767093537,2.5521205101265982,49.74218585476897
200.248815544,-2.1999999999999997,9.8,-2.1406158468566145,7.248469175652412,2.5522217821420696,49.74218585476897
200.449041025,-2.1999999999999997,9.8,-2.1408812200431244,7.248823395890794,2.5518614961431147,49.74218585476897
200.748857657,-2.1999999999999997,9.8,-2.141002472825346,7.249353380595516,2.551328846952554,49.74218585476897
200.948074546,-2.1999999999999997,9.8,-2.141348458591865,7.249378881146455,2.551295375931855,49.74218585476897
201.248318524,-2.1,9.2,-2.1416571694064643,7.249365722809138,1.9510790355889924,49.74218585476897
201.448043054,-2.1,9.2,-2.140425869290266,7.249308295045087,1.951110550093914,49.74218585476897
201.748149996,-2.1,9.2,-2.140897477070215,7.249242721461108,1.9511859376807656,49.74218585476897
201.947375581,-2.1,9.2,-2.1416405075756884,7.249202131935817,1.9512422335309674,49.74218585476897
202.247781891,-1.6999999999999993,8.5,-2.141365750741447,7.249648126471633,1.3259651328611397,44.864953526799916
202.44883257100005,-1.6999999999999993,8.5,-2.146050797460788,7.238507567467374,1.33803007113162,44.864953526799916
202.748995702,-1.6999999999999993,8.5,-2.1643870589981065,7.159938097354669,1.4182458332342587,44.864953526799916
202.948664223,-1.6999999999999993,8.5,-2.182086897886016,7.063044838392499,1.5156674812054924,44.864953526799916
203.248156998,-1.6999999999999993,8.5,-2.2096061280799124,6.90433669637127,1.6750641134965414,44.864953526799916
203.44816171,-2.3999999999999995,8.400000000000002,-2.2272176526367136,6.805982774209543,1.6033541890914431,51.840045419058576
203.74822503700003,-2.3999999999999995,8.400000000000002,-2.2519333365031686,6.667634229126966,1.73868194358014,51.840045419058576
203.948090559,-2.3999999999999995,8.400000000000002,-2.269905050587031,6.56932632614675,1.8352903846536457,51.840045419058576
204.247732901,-2.3999999999999995,8.400000000000002,-2.298690612840645,6.411748430924676,1.9908309556205674,51.840045419058576
204.448124964,-2.3999999999999995,8.400000000000002,-2.316910188203725,6.313834675142032,2.0878193598738615,51.840045419058576
204.748191912,-2.3999999999999995,8.400000000000002,-2.3526128181760955,6.179011950103053,2.2214935207617112,51.840045419058576
204.948637527,-2.3999999999999995,8.400000000000002,-2.383256201426748,6.083572774990071,2.3164877387022513,51.840045419058576
205.248051997,-2.8999999999999995,7.699999999999999,-2.447297905098777,5.9373389423714205,1.8198662562969443,51.840045419058576
205.44805848700005,-2.8999999999999995,7.699999999999999,-2.499950765915905,5.852035749577577,1.8907700178844007,51.840045419058576
205.748141375,-2.8999999999999995,7.699999999999999,-2.586918250927996,5.741931606038863,1.9829402454515692,51.840045419058576
205.948197342,-2.8999999999999995,7.699999999999999,-2.657718323010677,5.671710298231315,2.042708869444115,51.840045419058576
206.24804042,-2.8999999999999995,7.699999999999999,-2.7846612751989213,5.575005498996807,2.1281223298326966,51.840045419058576
206.448769992,-2.8999999999999995,7.100000000000001,-2.871224645328497,5.525205788370255,1.5750570878603178,55.213353233693994
206.74827244500003,-2.8999999999999995,7.100000000000001,-2.999749718619961,5.469752327760678,1.6332965068249226,55.213353233693994
206.948191215,-2.8999999999999995,7.100000000000001,-3.09565123968294,5.441529532502037,1.6699711671619923,55.213353233693994
207.248615593,-2.8999999999999995,7.100000000000001,-3.25315249033634,5.415322501545534,1.7212945579503707,55.213353233693994
207.44862602,-3.1,6.5,-3.3522475793725697,5.405030759701623,1.1236487344801867,62.93605114887428
207.748144607,-3.1,6.5,-3.491882530326932,5.392206719409712,1.1750650493042636,62.93605114887428
207.948777983,-3.1,6.5,-3.591131898341487,5.385918784905107,1.217533365208455,62.93605114887428
208.24859062,-3.1,6.5,-3.7514486385455927,5.37589571244896,1.299228916686177,62.93605114887428
208.448828243,-3.1,6.5,-3.8515996468269775,5.370053152083517,1.3570858146141065,62.93605114887428
208.748244475,-3.499999999999999,6.100000000000001,-3.991674527093128,5.361895989052217,0.8868716770590093,72.75057124136164
208.948242234,-3.499999999999999,6.100000000000001,-4.091986741439682,5.356740128062125,0.9502018413334523,72.75057124136164
209.248247413,-3.499999999999999,6.100000000000001,-4.251948635036787,5.347898321355996,1.063524181555276,72.75057124136164
209.448090177,-3.499999999999999,6.100000000000001,-4.352186564402408,5.342613391456008,1.1401124573259225,72.75057124136164
209.74824918,-3.499999999999999,6.100000000000001,-4.490362353556582,5.335457232148241,1.251136777181682,72.75057124136164
209.948242061,-3.999999999999999,6.100000000000001,-4.560384754584031,5.331671173896547,0.9509785792496684,74.93008322359547
210.248066097,-3.999999999999999,6.100000000000001,-4.5924279551344105,5.33007346212101,0.9714719531489674,74.93008322359547
210.447626217,-3.999999999999999,6.100000000000001,-4.59248308674331,5.330004283259551,0.9715604005287175,74.93008322359547
210.747316123,-3.999999999999999,6.100000000000001,-4.592455148996311,5.32997025074298,0.9715703362665379,74.93008322359547
210.948176084,-3.999999999999999,6.100000000000001,-4.592436482470104,5.3299605839899735,0.9715666153026337,74.93008322359547
211.248841054,-3.999999999999999,6.100000000000001,-4.592408014342867,5.329955093425248,0.9715536081963674,74.93008322359547
211.448005252,-3.999999999999999,6.100000000000001,-4.592390687774706,5.329950422842185,0.9715467452691725,74.93008322359547
211.748839211,-3.999999999999999,6.100000000000001,-4.592367001684663,5.329942763648081,0.9715383738910353,74.93008322359547
211.948111745,-3.999999999999999,6.100000000000001,-4.592350714418075,5.32994031820338,0.9715303816146558,74.93008322359547
212.247099572,-3.999999999999999,6.100000000000001,-4.592325406870044,5.329936267686874,0.9715181621811241,74.93008322359547
212.448770373,-3.999999999999999,6.100000000000001,-4.592310072058523,5.32993431953183,0.971510356968407,74.93008322359547
212.74873673,-3.999999999999999,6.100000000000001,-4.592289137299968,5.329931108161113,0.9715001391361273,74.93008322359547
212.9487183,-3.999999999999999,6.100000000000001,-4.592274638845249,5.3299289224755055,0.9714930325324056,74.93008322359547
213.248023985,-4.6,5.9,-4.592252096500356,5.329925447653975,0.5701272009307761,76.44512536511114
213.448009576,-4.6,5.9,-4.5922384325714125,5.329923518393338,0.5701293158661285,76.44512536511114
213.748791541,-4.6,5.9,-4.592219828429921,5.32992114090773,0.5701319467049755,76.44512536511114
213.948155528,-4.6,5.9,-4.592206930112022,5.329919690251071,0.5701335733858465,76.44512536511114
214.24847057,-4.6,5.9,-4.5921868906375165,5.329917825790527,0.5701357119399826,76.44512536511114
214.448820482,-4.6,5.9,-4.592174734052141,5.329916533031119,0.5701371713003939,76.44512536511114
214.74876637800003,-4.6,5.9,-4.59215818271613,5.329914703460095,0.5701392281095078,76.44512536511114
214.948768356,-4.6,5.9,-4.592146675022383,5.32991351975027,0.5701405701024358,76.44512536511114
215.248886943,-4.6,5.9,-4.593927603654885,5.3296348557772415,0.5703974682110894,76.44512536511114
215.448598982,-4.6,5.9,-4.593722417545889,5.329844833271512,0.5701897247308643,76.44512536511114
215.748226986,-4.6,5.9,-4.593496365275734,5.329223262742199,0.5708137884277914,76.44512536511114
215.948132031,-4.6,5.9,-4.59378319969702,5.32985167997105,0.5701822124881148,76.44512536511114
216.248352078,-4.6,5.9,-4.59396156890935,5.33002825484157,0.570003730627251,76.44512536511114
216.448799094,-4.6,5.9,-4.593114698535596,5.329961647404555,0.5700799336987623,76.44512536511114
216.748808754,-4.6,5.9,-4.593204289552834,5.3297007504733385,0.5703397370788358,76.44512536511114
216.947100613,-4.6,5.9,-4.5930806778445215,5.32891564399228,0.5711262721113815,76.44512536511114
217.248186551,-4.6,5.9,-4.592689134484378,5.329218713731575,0.5708281050446145,76.44512536511114
217.447757272,-4.6,5.9,-4.5937580568747824,5.3297570405042975,0.5702771209757552,76.44512536511114
217.748154385,-4.6,5.9,-4.594092482405968,5.329373563384726,0.5706570151398909,76.44512536511114
217.948165931,-4.6,5.9,-4.593632149780759,5.3293567962853405,0.5706787322672411,76.44512536511114
218.248604944,-4.6,5.9,-4.594821272481143,5.329035757196674,0.5709877282207472,76.44512536511114
218.44818577,-4.6,5.9,-4.59372748854139,5.328522793787642,0.5715116285958497,76.44512536511114
218.748225026,-4.6,5.9,-4.594025915536673,5.328675972602623,0.5713552607325273,76.44512536511114
218.948138653,-4.6,5.9,-4.594056403319492,5.328695376165875,0.5713355402526189,76.44512536511114
219.248126434,-4.6,5.9,-4.59409706755715,5.32874009810446,0.5712903991186329,76.44512536511114
219.448175972,-4.6,5.9,-4.594121678564247,5.328767206275192,0.5712630386166708,76.44512536511114
219.748835094,-5.1,5.9,-4.594155143293214,5.32880412647709,0.7629834500081301,75.90652730241696
219.949071303,-5.1,5.9,-4.59417836161465,5.32882977062019,0.7629488585669588,75.90652730241696
220.248836959,-5.1,5.9,-4.596867424082811,5.2912030612872485,0.7897949743668186,75.90652730241696
220.448189895,-5.1,5.9,-4.595818240475616,5.2155730680173376,0.8500820383117762,75.90652730241696
220.747502783,-5.1,5.9,-4.588459049961088,5.074962855897828,0.9707525084773051,75.90652730241696
220.949211315,-5.1,5.9,-4.5832197068770295,4.974760098633376,1.0597786308664578,75.90652730241696
221.248189472,-5.1,5.9,-4.576120257776647,4.814579994085042,1.205232995545855,75.90652730241696
221.44797883,-5.1,5.9,-4.572557402883928,4.714718405911031,1.2973388726692168,75.90652730241696
221.74839853,-4.799999999999999,5.600000000000001,-4.570004390874143,4.574329243819973,1.0511415129753392,77.78613492402691
221.947948306,-4.799999999999999,5.600000000000001,-4.570343542978083,4.473919965048746,1.1492599067955338,77.78613492402691
222.248209171,-4.799999999999999,5.600000000000001,-4.578263657896853,4.315122076071323,1.3038705015485832,77.78613492402691
222.448794683,-4.799999999999999,5.600000000000001,-4.589390553096403,4.215155931775483,1.4007674440897298,77.78613492402691
222.748572701,-4.799999999999999,5.600000000000001,-4.606274619732766,4.076082883124833,1.536181272527695,77.78613492402691
222.94839647,-4.799999999999999,5.600000000000001,-4.61834433731358,3.9766152747096,1.633516680689926,77.78613492402691
223.248936486,-4.799999999999999,5.600000000000001,-4.637381024914803,3.817802390127596,1.7896014225778527,77.78613492402691
223.448302157,-4.799999999999999,4.9,-4.6493220458690345,3.718309856391208,1.191257923945634,79.07578783340234
223.749488949,-4.799999999999999,4.9,-4.6656380317062425,3.5794737705130606,1.327344213565858,79.07578783340234
223.948842212,-4.799999999999999,4.9,-4.672846478182522,3.480076273404237,1.4256056283068568,79.07578783340234
224.248263405,-4.499999999999999,4.4,-4.667353705515307,3.3616187067225565,1.0517808578683305,78.74703231119229
224.448944967,-4.499999999999999,4.4,-4.663889714253022,3.3413241871433508,1.0712862900110434,78.74703231119229
224.748966077,-4.499999999999999,4.4,-4.6637086975995325,3.340531267102796,1.0720422256872832,78.74703231119229
224.948920705,-4.499999999999999,4.4,-4.6637957073931045,3.340560442824219,1.0720266830024445,78.74703231119229
225.248809081,-4.499999999999999,4.4,-4.663894578168687,3.340604643616549,1.0719981128154623,78.74703231119229
225.448167643,-4.499999999999999,4.4,-4.663942961984912,3.340631087800016,1.0719793780293374,78.74703231119229
225.748240583,-4.499999999999999,4.4,-4.663999959499309,3.340666834080876,1.0719527709428294,78.74703231119229
225.94888554,-4.499999999999999,4.4,-4.664035290709774,3.340691531363161,1.071933770493292,78.74703231119229
226.247629982,-4.499999999999999,4.4,-4.664085743257003,3.3407297340640745,1.071903739818166,78.74703231119229
226.447909766,-4.999999999999999,4.100000000000001,-4.66411325481922,3.3407528187292552,0.8302265882611268,79.88740558038587
226.74774980900003,-4.999999999999999,4.100000000000001,-4.66414842927304,3.340784183721568,0.8301836744041005,79.88740558038587
226.94758746500003,-4.999999999999999,4.100000000000001,-4.66417275876348,3.3408059520478104,0.8301539245239793,79.88740558038587
227.24745289600003,-4.999999999999999,4.100000000000001,-4.664209154285835,3.3408397319857337,0.8301083089554809,79.88740558038587
227.448403155,-4.999999999999999,4.100000000000001,-4.664230055662886,3.3408601905984665,0.830081144068667,79.88740558038587
227.74801470800003,-4.999999999999999,4.100000000000001,-4.664258123926035,3.3408880317268768,0.8300443287711582,79.88740558038587
227.947497908,-4.999999999999999,4.100000000000001,-4.664277867018198,3.340907378866365,0.8300186492081878,79.88740558038587
228.247937715,-4.999999999999999,4.100000000000001,-4.664308227062563,3.340937414091733,0.8299789007821985,79.88740558038587
228.447717215,-4.999999999999999,4.100000000000001,-4.664326483389843,3.3409556243585223,0.829954862595787,79.88740558038587
228.74855003,-4.999999999999999,4.100000000000001,-4.6643512204508015,3.340980427435535,0.8299221739107897,79.88740558038587
228.947504522,-4.999999999999999,4.100000000000001,-4.664368394346098,3.340997649342751,0.8298994776580161,79.88740558038587
229.248691188,-4.999999999999999,4.100000000000001,-4.664395078939787,3.341024395697411,0.8298642244164486,79.88740558038587
229.448525263,-4.999999999999999,4.100000000000001,-4.66441132265271,3.34104061730738,0.8298428194187547,79.88740558038587
229.748456497,-4.999999999999999,4.100000000000001,-4.664433152177168,3.3410627052199,0.829813790416796,79.88740558038587
229.94827058,-4.999999999999999,4.100000000000001,-4.664470862185137,3.340032535006904,0.8307408441691183,79.88740558038587
230.247893827,-5.299999999999999,3.8000000000000007,-4.6640070205432,3.339135531384008,0.7854190781684882,79.25628690441835
230.448728796,-5.299999999999999,3.8000000000000007,-4.664363048713031,3.339707454677204,0.7847952351544512,79.25628690441835
230.747829243,-5.299999999999999,3.8000000000000007,-4.664017158084515,3.3397306803488926,0.7850617949072478,79.25628690441835
230.947363499,-5.299999999999999,3.8000000000000007,-4.663732703057737,3.3391826335003767,0.7856135935852061,79.25628690441835
231.248648628,-5.299999999999999,3.8000000000000007,-4.663329428394081,3.3392570446507657,0.7858966138449467,79.25628690441835
231.44803839500003,-5.299999999999999,3.8000000000000007,-4.663596303462187,3.339982288541784,0.7852553468918545,79.25628690441835
231.748571361,-5.299999999999999,3.8000000000000007,-4.663649907722003,3.339876629907269,0.7852738093478652,79.25628690441835
231.948799897,-5.299999999999999,3.8000000000000007,-4.663874507690512,3.34028632242424,0.784851774105288,79.25628690441835
232.24804124,-5.299999999999999,3.8000000000000007,-4.663782367534803,3.340466446576152,0.784820974861126,79.25628690441835
232.448197794,-5.299999999999999,3.8000000000000007,-4.663710840251552,3.3402398122986368,0.7850116718932134,79.25628690441835
232.747764427,-5.299999999999999,3.8000000000000007,-4.663572143758869,3.340599706120731,0.7849134004564069,79.25628690441835
232.948085226,-4.799999999999999,3.9,-4.663199349144688,3.341141511793751,0.5753583473928322,79.8793235816315
233.248008898,-4.799999999999999,3.9,-4.662333970046499,3.341620117856192,0.5751000161590073,79.8793235816315
233.44813009600003,-4.799999999999999,3.9,-4.663210894735516,3.340807265762036,0.5756802700662826,79.8793235816315
233.748092296,-4.799999999999999,3.9,-4.663101913937506,3.340658472300246,0.5758507016380794,79.8793235816315
233.947308508,-4.799999999999999,3.9,-4.663028525624725,3.340738386686056,0.5757905321547512,79.8793235816315
234.248335561,-4.799999999999999,3.9,-4.663359680235263,3.3408051590798427,0.5756469813150499,79.8793235816315
234.448131,-4.799999999999999,3.9,-4.662784399845687,3.340763983772665,0.5758237948986895,79.8793235816315
234.748557042,-4.799999999999999,3.9,-4.6631311028710245,3.340844310425234,0.5756632524185764,79.8793235816315
234.948809871,-4.799999999999999,3.9,-4.663805363682527,3.341013007511349,0.5753394100295541,79.8793235816315
235.248562213,-4.799999999999999,3.9,-4.663714921631413,3.3411496206743894,0.5752281017633879,79.8793235816315
235.448549151,-4.799999999999999,3.9,-4.663172331847529,3.341028913667922,0.5754741402767858,79.8793235816315
235.747694577,-4.799999999999999,3.9,-4.662808007439769,3.3404466614369466,0.576126358987076,79.8793235816315
235.948192171,-4.799999999999999,3.9,-4.663321362168371,3.341250115997884,0.5752238546095665,79.8793235816315
236.248664047,-4.799999999999999,3.9,-4.662672633821011,3.340841627786356,0.5757750348167848,79.8793235816315
236.448052037,-4.799999999999999,3.9,-4.663667188251882,3.3426868000651506,0.5737461445454504,79.8793235816315
236.748026045,-4.799999999999999,3.9,-4.672219731875279,3.400349206428622,0.5157312405105329,79.8793235816315
236.94810111900003,-4.799999999999999,3.9,-4.682049824446553,3.4874513826046702,0.4290787872033373,79.8793235816315
237.247828651,-4.799999999999999,3.9,-4.6967721399878775,3.648878292190387,0.271510779189149,79.8793235816315
237.448224034,-4.799999999999999,3.9,-4.706488648685816,3.747940115176565,0.17851213235273605,79.8793235816315
237.748163585,-4.799999999999999,3.9,-4.71935231487566,3.8882657002590815,0.08149688893647518,79.8793235816315
237.948114725,-4.799999999999999,3.9,-4.729062778368257,3.987839158735365,0.11290618769654549,79.8793235816315
238.248057432,-4.799999999999999,3.9,-4.743966510442041,4.148033126297907,0.2542836677672307,79.8793235816315
238.448025943,-4.799999999999999,3.9,-4.753661672692969,4.247901797664728,0.3509742175658529,79.8793235816315
238.748128838,-4.799999999999999,4.5,-4.767222875903315,4.387664969978252,0.11701922420712069,79.53775720706845
238.947769397,-4.799999999999999,4.5,-4.777276452934652,4.487636135018423,0.02586937858769886,79.53775720706845
239.247668287,-4.799999999999999,4.5,-4.79697224048665,4.645678723234688,0.14571018403309907,79.53775720706845
239.448048213,-4.799999999999999,4.5,-4.818908948751933,4.743834076299887,0.24456615691448885,79.53775720706845
239.748227369,-4.9,5.100000000000001,-4.854127761491522,4.879648246599523,0.22507589273941386,78.47033415187423
239.948105385,-4.9,5.100000000000001,-4.878975804770827,4.97651247347132,0.125264464207556,78.47033415187423
240.248567695,-4.9,5.100000000000001,-4.91983669589421,5.130894976549273,0.03671503888026534,78.47033415187423
240.4487729,-4.9,5.100000000000001,-4.945432509942279,5.227756641856392,0.13559451499997102,78.47033415187423
240.748757118,-4.9,5.100000000000001,-4.985441183702474,5.3620170534033225,0.2755959581464117,78.47033415187423
240.948183851,-4.9,5.800000000000001,-5.0160314914794775,5.457089835403438,0.3620092374492588,76.44512536511114
241.248564317,-4.9,5.800000000000001,-5.0656486350798495,5.608789357772555,0.25298414971070643,76.44512536511114
241.448221028,-4.9,5.800000000000001,-5.096939060259705,5.703873042381277,0.21914694941296212,76.44512536511114
241.74888217300003,-5.4,6.0,-5.1409891542198025,5.83719290885578,0.30592934994638193,74.60730285752656
241.948831449,-5.4,6.0,-5.1726331135431645,5.931715264316452,0.2373994654257834,74.60730285752656
242.248230693,-5.4,6.0,-5.2219620053480895,6.083434997942043,0.19661873364779509,74.60730285752656
242.448794552,-5.4,6.0,-5.253503631140487,6.177941215900834,0.23048701135918656,74.60730285752656
242.748256702,-5.199999999999999,6.600000000000001,-5.291268219335957,6.31286899656317,0.3012874059687832,71.42422297504801
242.948235514,-5.199999999999999,6.600000000000001,-5.313988671570908,6.4101918069361306,0.2214058883604324,71.42422297504801
243.248354312,-5.199999999999999,6.600000000000001,-5.342569494569232,6.567463100295888,0.14623512103486624,71.42422297504801
243.448525842,-5.199999999999999,6.600000000000001,-5.352249838651875,6.666907387065188,0.1663027715145264,71.42422297504801
243.748246221,-5.199999999999999,6.600000000000001,-5.354989707186027,6.80681333337951,0.2584445089320998,71.42422297504801
243.948773115,-5.199999999999999,6.600000000000001,-5.354289254978844,6.907008968334216,0.3435981385857111,71.42422297504801
244.248809867,-5.1,7.100000000000001,-5.356972958254316,7.066743219086225,0.25911602565399416,67.75601978872433
244.44876465700003,-5.1,7.100000000000001,-5.359014050185188,7.166824922705872,0.2674955111548242,67.75601978872433
244.748761815,-5.1,7.100000000000001,-5.363037245274774,7.307048256979754,0.33475001586272624,67.75601978872433
244.948132154,-5.1,7.100000000000001,-5.365726953042251,7.407090655419828,0.40609787517210355,67.75601978872433
245.248254896,-5.1,7.100000000000001,-5.369776603103402,7.567243789744726,0.5395332933536381,67.75601978872433
245.448167413,-4.999999999999999,7.699999999999999,-5.37300480034478,7.667125444759886,0.37445068762453204,65.51519102459964
245.747346127,-4.999999999999999,7.699999999999999,-5.377227824232057,7.807055830204263,0.39212470230218427,65.51519102459964
245.948649881,-4.999999999999999,7.699999999999999,-5.380447016974184,7.907249794627061,0.4332348209660843,65.51519102459964
246.24806860900003,-4.999999999999999,7.699999999999999,-5.384749103100658,8.056721702254384,0.5246734653058295,65.51519102459964
246.448156519,-4.999999999999999,7.699999999999999,-5.385117910405542,8.110497675689308,0.5628713411264217,65.51519102459964
246.74816559400003,-4.999999999999999,7.699999999999999,-5.384126474867932,8.125555086134908,0.5732802805170902,65.51519102459964
246.948189153,-4.999999999999999,7.699999999999999,-5.384089076267726,8.125526475513281,0.5732339835276264,65.51519102459964
247.24804563900005,-5.1,8.3,-5.384077333397231,8.125454728250872,0.33341563136730534,64.68294425222096
247.448780608,-5.1,8.3,-5.384079158997709,8.125410939663004,0.33344011241331084,64.68294425222096
247.748152208,-5.1,8.3,-5.384088475221867,8.125351125571655,0.33347937131548927,64.68294425222096
247.948134514,-5.1,8.3,-5.3841005216153945,8.125309408285023,0.3335114828845754,64.68294425222096
248.248139573,-5.1,8.3,-5.384121399014896,8.125244561455354,0.333563236402206,64.68294425222096
248.448733637,-5.1,8.3,-5.384135410538248,8.125205189372114,0.3335957993503186,64.68294425222096
248.748220736,-5.1,8.3,-5.384154451029551,8.12515157086873,0.33364011331010324,64.68294425222096
248.94822648700003,-5.1,8.3,-5.384167487582538,8.125114322050788,0.33367073792996543,64.68294425222096
249.247497723,-5.1,8.3,-5.384186680504073,8.125056525387853,0.3337173784586226,64.68294425222096
249.448137403,-5.1,8.3,-5.38419854557374,8.125021460642433,0.33374586520575356,64.68294425222096
249.748185746,-5.1,8.3,-5.3842146754948015,8.124973717254912,0.3337846332864639,64.68294425222096
249.948657099,-5.1,8.3,-5.38422571645085,8.124940545885913,0.3338114293530426,64.68294425222096
250.248007883,-5.1,8.3,-5.384243239801989,8.124889038944971,0.3338533631023462,64.68294425222096
250.44787734,-5.1,8.3,-5.38425368464937,8.124857802835415,0.33387864032367004,64.68294425222096
250.7485625,-5.1,8.3,-5.384267646398218,8.124815266142795,0.33391284157007584,64.68294425222096
250.94813032,-5.1,8.3,-5.384277435704035,8.124785718406592,0.33393667801659044,64.68294425222096
251.24820186,-5.1,8.3,-5.384293273197911,8.124739818764874,0.3339742449832794,64.68294425222096
251.448059196,-5.1,8.3,-5.384302797431412,8.124711981242728,0.3339969612843462,64.68294425222096
251.74816108,-5.1,8.3,-5.38431585733515,8.124674065694663,0.33402797782859667,64.68294425222096
251.948195793,-5.1,8.3,-5.384324977844435,8.12464773880416,0.33404955999482006,64.68294425222096
252.248361027,-5.1,8.3,-5.3835470991211976,8.125042249599472,0.3331803893467622,64.68294425222096
252.448198801,-5.1,8.3,-5.38385086398196,8.125993929636024,0.3329405735365077,64.68294425222096
252.748703525,-5.1,8.3,-5.383592862522084,8.125819692711852,0.33281179534455163,64.68294425222096
252.948879558,-5.1,8.3,-5.383971000743157,8.125887946589023,0.33309838847712503,64.68294425222096
253.248472519,-5.1,8.3,-5.384127375830413,8.126165812794738,0.3330866108650891,64.68294425222096
253.448557699,-5.1,8.3,-5.383885653874656,8.126068314718442,0.33293136773323795,64.68294425222096
253.74880757000005,-5.1,8.3,-5.383644487107047,8.126090798111921,0.33271399965671505,64.68294425222096
253.947353506,-5.1,8.3,-5.383295341727743,8.126100109053471,0.33241152614771635,64.68294425222096
254.248866444,-5.1,8.3,-5.383208120725589,8.12591055776074,0.3324364203033372,64.68294425222096
254.448744611,-5.1,8.3,-5.383512882439945,8.126254157779961,0.33251642395249753,64.68294425222096
254.748830047,-5.1,8.3,-5.383560709112508,8.125771205914415,0.33280977816300156,64.68294425222096
254.94826117,-5.1,8.3,-5.383225644451113,8.126269610442296,0.33226347065336614,64.68294425222096
255.248793004,-5.1,8.3,-5.383492161572454,8.126704941007526,0.33226342432507905,64.68294425222096
255.447514421,-5.1,8.3,-5.383699049388597,8.126431579735177,0.33258254184069896,64.68294425222096
255.747442202,-5.1,8.3,-5.383511533798808,8.126261728044785,0.33251131851252447,64.68294425222096
255.948180616,-5.1,8.3,-5.384615947354599,8.126335567639662,0.33341501549209623,64.68294425222096
256.248549323,-5.1,8.3,-5.385443771321303,8.12708672908304,0.33373214685632413,64.68294425222096
256.448730899,-5.1,8.3,-5.384251286270206,8.126461340264031,0.3330382262882495,64.68294425222096
256.74871707200003,-5.1,8.3,-5.384361845568751,8.126319590286391,0.33320645842113245,64.68294425222096
256.94814557800004,-5.1,8.3,-5.3851596876224095,8.12691690187484,0.33357728684896193,64.68294425222096
257.248790826,-5.1,8.3,-5.384983304184039,8.126548062850697,0.33361813224778225,64.68294425222096
257.448588792,-5.1,8.3,-5.385052370644988,8.126697673081253,0.3335993862790826,64.68294425222096
257.74878961400003,-5.1,8.3,-5.384661157728402,8.126260166063586,0.33349288540466254,64.68294425222096
257.948180775,-5.1,8.3,-5.385308863418321,8.126595189221128,0.33387179567359554,64.68294425222096
258.248039811,-5.1,8.3,-5.384968844283109,8.12660472098041,0.33357632559630596,64.68294425222096
258.448154763,-5.1,8.3,-5.38522808107444,8.115309204015729,0.3398025137557279,64.68294425222096
258.74890968100004,-5.1,8.3,-5.383198385686485,8.035015787157286,0.38783754164766465,64.68294425222096
258.948149407,-5.1,8.3,-5.383081391688052,7.937699980953952,0.45977861859900787,64.68294425222096
259.248174958,-5.1,8.3,-5.383103315276761,7.776753573271642,0.5949237852067181,64.68294425222096
259.44879489100003,-5.1,8.3,-5.382794122642319,7.67687401946884,0.6842941643868959,64.68294425222096
259.748725568,-5.1,8.3,-5.382422325741964,7.536782967185019,0.8137951887645967,64.68294425222096
259.948222037,-5.1,8.3,-5.381959404112219,7.436213809948899,0.9086405712328263,64.68294425222096
260.24862315900003,-5.1,8.3,-5.380837461625268,7.275995753655153,1.0618165455408966,64.68294425222096
260.448155771,-5.1,8.3,-5.380179562790421,7.175923863980264,1.1584678446010026,64.68294425222096
260.748209476,-5.1,8.3,-5.379358608884748,7.035260830357002,1.2952244591526536,64.68294425222096
260.948184845,-5.1,8.3,-5.379062844972833,6.935537679361991,1.3927072541942171,64.68294425222096
261.24816347800004,-5.6,8.0,-5.377910857244928,6.774955245508251,1.24501334845753,64.70525325086159
261.448045449,-5.6,8.0,-5.377409442487357,6.675016650995419,1.3435503084861338,64.70525325086159
261.748752399,-5.6,8.0,-5.376726154078825,6.534976596328795,1.481939534386203,64.70525325086159
261.94813998300003,-5.6,8.0,-5.376071789622897,6.434842317830877,1.5810953208000187,64.70525325086159
262.24855781,-5.6,7.400000000000002,-5.381272973342153,6.275476421416782,1.145598005838084,66.27921486973459
262.448128107,-5.6,7.400000000000002,-5.393900929312679,6.176013045947435,1.2412175033526789,66.27921486973459
262.748709744,-5.6,7.400000000000002,-5.424568347539537,6.039320219364813,1.3719423202578291,66.27921486973459
262.948910163,-5.6,7.400000000000002,-5.458037768695305,5.945047332156875,1.4618620115389962,66.27921486973459
263.24873398100004,-5.6,7.400000000000002,-5.529378108677216,5.801495216254889,1.600064059714491,66.27921486973459
263.448132637,-5.6,7.400000000000002,-5.583292413764468,5.717090300560151,1.682992632160506,66.27921486973459
263.748759452,-5.6,7.400000000000002,-5.671061811534239,5.607805956824317,1.7936023164160273,66.27921486973459
263.947600193,-5.699999999999999,6.699999999999999,-5.741257006390332,5.53609462932105,1.1646363606171648,70.13677358216333
264.247372987,-5.699999999999999,6.699999999999999,-5.866418487441722,5.437254809724267,1.2736642134121878,70.13677358216333
264.44879757800004,-5.699999999999999,6.699999999999999,-5.952791181563289,5.386844384955592,1.3372662602484295,70.13677358216333
264.748181317,-5.699999999999999,6.699999999999999,-6.080657603976372,5.331151015424764,1.4207912422441538,70.13677358216333
264.948392564,-5.699999999999999,6.699999999999999,-6.1763430960627455,5.302010501320995,1.4769148193390902,70.13677358216333
265.2481518,-5.699999999999999,6.699999999999999,-6.333948925772949,5.276141529761722,1.5586096957731161,70.13677358216333
265.448948271,-5.699999999999999,6.699999999999999,-6.4337149198613215,5.267635163161489,1.609349747394431,70.13677358216333
265.747503978,-5.699999999999999,6.699999999999999,-6.573110861672277,5.256390878850592,1.6871069531703886,70.13677358216333
265.94820288200003,-5.699999999999999,6.699999999999999,-6.673120801883436,5.248541702169417,1.747482556536549,70.13677358216333
266.248029223,-6.299999999999999,6.200000000000001,-6.832948271619874,5.236189757298385,1.1013464687187042,77.35349859465957
266.44875327200003,-6.299999999999999,6.200000000000001,-6.93229587449167,5.227996445871921,1.1595641345509127,77.35349859465957
266.74875685300003,-6.299999999999999,6.200000000000001,-7.072467434212147,5.216903983148518,1.2502734561957034,77.35349859465957
266.948741724,-6.299999999999999,6.200000000000001,-7.172254876371858,5.20854991921836,1.320530890224235,77.35349859465957
267.248088667,-6.299999999999999,6.200000000000001,-7.332599575278821,5.195179700335422,1.440807314488658,77.35349859465957
267.448052266,-6.299999999999999,6.200000000000001,-7.432309905649543,5.187008021289378,1.519301968459247,77.35349859465957
267.748137138,-6.299999999999999,6.200000000000001,-7.571792267222485,5.175877628190886,1.6328754402607812,77.35349859465957
267.948127903,-6.9,6.200000000000001,-7.671783902889784,5.167857189673655,1.288785930117238,83.50180568070593
268.248196705,-6.9,6.200000000000001,-7.826404816594047,5.155134052603101,1.3964135247978195,83.50180568070593
268.448168335,-6.9,6.200000000000001,-7.8881921620032545,5.15038593854323,1.4416009943990897,83.50180568070593
268.748634868,-6.9,6.200000000000001,-7.910982387377046,5.148672461015791,1.4585523582693853,83.50180568070593
268.948171332,-6.9,6.200000000000001,-7.911013809694118,5.148713197082128,1.4585447766117758,83.50180568070593
269.24855644800004,-6.9,6.200000000000001,-7.910956791850511,5.148951605682083,1.4583334194164754,83.50180568070593
269.448360692,-6.9,6.200000000000001,-7.910921429210927,5.1490866396479245,1.4582115851289745,83.50180568070593
269.748746649,-7.6,6.100000000000001,-7.910870398800485,5.149235255146181,1.0002969583615278,80.93999509617203
269.94819831300003,-7.6,6.100000000000001,-7.910833129885363,5.149316196255883,1.0002084429436278,80.93999509617203
270.24777267900004,-7.6,6.100000000000001,-7.910772437235836,5.149407195730882,1.0001030883232636,80.93999509617203
270.44713460400004,-7.6,6.100000000000001,-7.910734250503567,5.149445358528517,1.000054948919806,80.93999509617203
270.748768798,-7.6,6.100000000000001,-7.9106810669271646,5.149483232588919,1.000002425235367,80.93999509617203
270.948195541,-7.6,6.100000000000001,-7.910643600597112,5.149502971978116,0.9999720230438327,80.93999509617203
271.248215308,-7.6,6.100000000000001,-7.910584756102805,5.149525448589533,0.9999323795149201,80.93999509617203
271.448108653,-7.6,6.100000000000001,-7.910548766867546,5.1495354214518105,0.999911721942364,80.93999509617203
271.748148472,-7.6,6.100000000000001,-7.910499373037583,5.149544227497613,0.9998880117992432,80.93999509617203
271.948155375,-7.6,6.100000000000001,-7.910464888019939,5.1495481814711335,0.9998735450236022,80.93999509617203
272.24814868100003,-7.6,6.100000000000001,-7.910411132973567,5.149552036380721,0.9998531907345055,80.93999509617203
272.44756900600004,-7.6,6.100000000000001,-7.910378457940831,5.149553335629622,0.9998418119715283,80.93999509617203
272.74817583000004,-7.6,6.100000000000001,-7.910333887233403,5.149554439866232,0.999826927194597,80.93999509617203
272.94870952900004,-7.6,6.100000000000001,-7.910302906663504,5.149554818676504,0.9998169515390686,80.93999509617203
273.24787965,-7.6,6.100000000000001,-7.91025472926346,5.149554766915987,0.9998020494690286,80.93999509617203
273.44800081,-7.6,6.100000000000001,-7.910225500307215,5.1495546511714245,0.9997930896694261,80.93999509617203
273.748271362,-7.6,6.100000000000001,-7.910185690898266,5.149554336240632,0.9997810373261853,80.93999509617203
273.94734954800003,-7.6,6.100000000000001,-7.91015801729266,5.149553932956192,0.9997728352230615,80.93999509617203
274.247813591,-7.6,6.100000000000001,-7.910115052773394,5.149553250745535,0.9997601557998941,80.93999509617203
274.44868817500003,-7.6,6.100000000000001,-7.910088983327059,5.1495528083348825,0.9997524902319177,80.93999509617203
274.748774019,-7.6,6.100000000000001,-7.910053476278858,5.149552152230768,0.9997421014850638,80.93999509617203
274.948778162,-7.6,6.100000000000001,-7.910028809511038,5.149551711628371,0.9997348706509109,80.93999509617203
275.24818954,-7.6,6.100000000000001,-7.909990518938459,5.149551037374395,0.9997236380059376,80.93999509617203
275.44886873900003,-7.6,6.100000000000001,-7.90996729632621,5.149550640087245,0.9997168151783528,80.93999509617203
275.74865971500003,-7.6,6.100000000000001,-7.909935665723736,5.149550075767076,0.9997075449160067,80.93999509617203
275.948758165,-7.6,6.100000000000001,-7.909913691688554,5.149549688017582,0.9997011012515225,80.93999509617203
276.24865132400004,-7.6,6.100000000000001,-7.909879575514649,5.149549091831116,0.9996910923681364,80.93999509617203
276.448251202,-7.6,6.100000000000001,-7.909858876266504,5.149548735883167,0.9996850147233522,80.93999509617203
276.748132632,-8.1,6.300000000000001,-7.909830698710463,5.149548263280276,1.1660632751589346,76.06654482532262
276.948742815,-8.1,6.300000000000001,-7.909811121093199,5.149547936437468,1.1660667906321298,76.06654482532262
277.24825172500005,-8.1,6.300000000000001,-7.90978072315861,5.1495474288716245,1.1660722497761247,76.06654482532262
277.448635033,-8.1,6.300000000000001,-7.909762284070805,5.14954712015532,1.1660755624336174,76.06654482532262
277.748784834,-8.1,6.300000000000001,-7.909737176297821,5.1495466975743405,1.1660800757860645,76.06654482532262
277.9487926,-8.1,6.300000000000001,-7.909719732859783,5.149546404635703,1.1660832110744037,76.06654482532262
278.248502554,-8.1,6.300000000000001,-7.90969264787529,5.149545950009244,1.1660880796118498,76.06654482532262
278.448016971,-8.1,6.300000000000001,-7.909676220659287,5.149545673852612,1.1660910331246763,76.06654482532262
278.748162558,-8.1,6.300000000000001,-7.909653850029588,5.1495452971671085,1.1660950561934806,76.06654482532262
278.948177084,-8.1,6.300000000000001,-7.9096383086064925,5.149545034700114,1.1660978521262102,76.06654482532262
279.248056306,-8.1,6.300000000000001,-7.909614181754655,5.149544626129165,1.1661021940881655,76.06654482532262
279.448573221,-8.1,6.300000000000001,-7.909599533976511,5.149544379112602,1.1661048293757175,76.06654482532262
279.748153338,-8.1,6.300000000000001,-7.90957960264968,5.149544042410168,1.1661084160921709,76.06654482532262
279.94834657900003,-8.1,6.300000000000001,-7.909565752120731,5.1495438070756325,1.1661109100781855,76.06654482532262
280.248571221,-8.1,6.300000000000001,-7.909544248153527,5.149543445437847,1.166114778804568,76.06654482532262
280.447039732,-8.1,6.300000000000001,-7.909531211086505,5.149543228510692,1.1661171221690287,76.06654482532262
280.747661465,-8.1,6.300000000000001,-7.909513449890112,5.149542933021236,1.1661203148621282,76.06654482532262
280.948749877,-8.1,6.300000000000001,-7.909501105872412,5.149542727271051,1.1661225343156556,76.06654482532262
281.24823240200004,-8.1,6.300000000000001,-7.909481947343618,5.149542404778506,1.166125982383895,76.06654482532262
281.44805888300004,-8.1,6.300000000000001,-7.909470325554414,5.149542210159346,1.1661280731760917,76.06654482532262
281.748149351,-8.1,6.300000000000001,-7.909454500333662,5.149541945627925,1.1661309198853598,76.06654482532262
281.94883485,-8.1,6.300000000000001,-7.909443505924978,5.149541762297362,1.1661328972857357,76.06654482532262
282.24841470900003,-8.1,6.300000000000001,-7.909426431542735,5.149541475560949,1.166135970394969,76.06654482532262
282.44909022400003,-8.1,6.300000000000001,-7.909416078610544,5.149541300125996,1.166137835424255,76.06654482532262
282.748899911,-8.1,6.300000000000001,-7.909401977482051,5.149541062280274,1.166140374726368,76.06654482532262
282.948814715,-8.1,6.300000000000001,-7.909392180224426,5.1495408955919855,1.1661421405107055,76.06654482532262
283.248637271,-8.1,6.300000000000001,-7.90937696825248,5.149540631246068,1.166144887818968,76.06654482532262
283.44862520500004,-8.1,6.300000000000001,-7.909367743652656,5.149540469745271,1.1661465550753096,76.06654482532262
283.748777947,-8.1,6.300000000000001,-7.909355175263736,5.149540249952159,1.166148826556397,76.06654482532262
283.948561031,-8.1,6.300000000000001,-7.909346447208097,5.149540097237476,1.1661504041317023,76.06654482532262
284.247801927,-8.1,6.300000000000001,-7.909332904708239,5.149539859230799,1.1661528530710235,76.06654482532262
284.448522965,-8.1,6.300000000000001,-7.909324672274208,5.14953971616244,1.1661543402530121,76.06654482532262
284.74873327200004,-8.1,6.300000000000001,-7.909313471895385,5.149539517956273,1.166156367193044,76.06654482532262
284.94872698700004,-8.1,6.300000000000001,-7.909305695731972,5.14953938039106,1.1661577744676126,76.06654482532262
285.24867222700004,-8.1,6.300000000000001,-7.909293620404584,5.149539168474085,1.1661599581934254,76.06654482532262
285.44878124800005,-8.1,6.300000000000001,-7.910511966242716,5.149511916032562,1.1659882273369098,76.06654482532262
285.748721487,-8.1,6.300000000000001,-7.911458077118382,5.148927710424306,1.1664113650479109,76.06654482532262
285.948778521,-8.1,6.300000000000001,-7.910299327008573,5.149852933769522,1.165686329718238,76.06654482532262
286.248606752,-8.1,6.300000000000001,-7.910311730548292,5.149594372313499,1.1659394271489227,76.06654482532262
286.448168136,-8.1,6.300000000000001,-7.91102244965384,5.149367571631847,1.1660478119473612,76.06654482532262
286.748232008,-8.1,6.300000000000001,-7.911359896954513,5.149639917296851,1.1657244135531382,76.06654482532262
286.948265653,-8.1,6.300000000000001,-7.911665643763307,5.149231972503358,1.1660775629638034,76.06654482532262
287.248232181,-8.1,6.300000000000001,-7.911783995181738,5.149139541415713,1.1661496728990601,76.06654482532262
287.44858161,-8.1,6.300000000000001,-7.911024165843443,5.148748026557043,1.1666588928437782,76.06654482532262
287.748739521,-8.1,6.300000000000001,-7.911181967752745,5.148477998835729,1.1668998108094342,76.06654482532262
287.94819094900004,-8.1,6.300000000000001,-7.9113814888987,5.148666981854198,1.1666810452744973,76.06654482532262
288.248093154,-8.1,6.300000000000001,-7.913436921550722,5.151669508699348,1.1633867368554924,76.06654482532262
288.448821038,-8.1,6.300000000000001,-7.922074151740954,5.184469848182262,1.129630526806534,76.06654482532262
288.748177005,-8.1,6.300000000000001,-7.945298917216009,5.296340287283493,1.0155123061512954,76.06654482532262
288.94783717800004,-8.1,6.300000000000001,-7.966299803017373,5.395152405143219,0.9146720246029699,76.06654482532262
289.24815565200004,-8.1,6.300000000000001,-8.001301637528622,5.551885793816306,0.7545967348513977,76.06654482532262
289.44807229500003,-8.1,6.300000000000001,-8.024242030830353,5.649893517135968,0.654505698183409,76.06654482532262
289.74814092500003,-8.1,6.300000000000001,-8.055461751901527,5.786315015262847,0.5156121789563265,76.06654482532262
289.948234162,-8.1,6.300000000000001,-8.077377869133183,5.88435418673675,0.4162609793005161,76.06654482532262
290.24809943900004,-8.1,6.300000000000001,-8.113782556222276,6.040374941952565,0.2599906337200529,76.06654482532262
290.447354059,-8.1,6.300000000000001,-8.143997928565682,6.136177537798119,0.16962787754363332,76.06654482532262
290.748814894,-8.1,6.300000000000001,-8.195463917272264,6.2671004893019,0.10097394369410426,76.06654482532262
290.948174772,-8.2,7.0,-8.232280459692062,6.359586230828466,0.6412268115280442,62.58490154520998
291.24809460700004,-8.2,7.0,-8.290836755497203,6.508863643708757,0.4994659514124034,62.58490154520998
291.448063349,-8.2,7.0,-8.320135972718044,6.604837165964807,0.4130209647749568,62.58490154520998
291.74808975400003,-8.2,7.0,-8.357152493596985,6.739761784826345,0.30400795200211483,62.58490154520998
291.94879944900003,-8.2,7.0,-8.383778778597394,6.836408416401245,0.24604236563465817,62.58490154520998
292.24811123200004,-8.1,7.5,-8.428364817792167,6.990437930199442,0.6061987764282536,52.77878234608182
292.44819455500004,-8.1,7.5,-8.45735156753946,7.085846667165154,0.5470129120241312,52.77878234608182
292.747524621,-8.1,7.5,-8.494101753607753,7.220540368692175,0.4831292557146705,52.77878234608182
292.94876080800003,-8.1,7.5,-8.519627905290413,7.317228667767192,0.4577039859828356,52.77878234608182
293.24826626500004,-8.299999999999999,8.0,-8.553126775217889,7.451907487433109,0.603720603146932,52.77878234608182
293.44797061900005,-8.299999999999999,8.0,-8.561160912575456,7.4895167123585695,0.5734092859541507,52.77878234608182
293.74875500300004,-8.299999999999999,8.0,-8.561808333593557,7.495607246609292,0.5682918732588877,52.77878234608182
293.948797931,-8.299999999999999,8.0,-8.561931620981639,7.49555528526189,0.5683947961560544,52.77878234608182
294.248066853,-8.299999999999999,8.0,-8.562084275337341,7.495474492971282,0.5685368542334652,52.77878234608182
309.948159963,-8.5,7.300000000000001,-8.200068087866603,5.740076756357242,1.5884960427942343,55.271222819670335
310.248184814,-8.5,7.300000000000001,-8.179710001651783,5.581073316551382,1.7485121178057554,55.271222819670335
310.44877751300004,-8.5,7.300000000000001,-8.16211804718679,5.482360112587148,1.8487776973857823,55.271222819670335
310.74873516900004,-8.5,7.300000000000001,-8.134571786240468,5.344825188375444,1.9890315038788606,55.271222819670335
310.94874189800004,-8.5,7.300000000000001,-8.115049524916044,5.246561753632195,2.0892093001691943,55.271222819670335
311.248231603,-8.6,6.600000000000001,-8.081953325587097,5.089510351799476,1.5968567043386246,69.55603998949549
311.44774601,-8.6,6.600000000000001,-8.060840166100435,4.992196602197614,1.6957963004074241,69.55603998949549
311.74808961,-8.6,6.600000000000001,-8.030083327761355,4.855436834829487,1.8352944315736732,69.55603998949549
311.948232732,-8.6,6.600000000000001,-8.006111277032156,4.7587449259650025,1.9346638113450112,69.55603998949549
312.248096631,-8.399999999999999,6.0,-7.9668989194698,4.603379597816743,1.4622329136464367,81.12007251956747
312.448199507,-8.399999999999999,6.0,-7.941960409300903,4.506392272040624,1.5622625616930608,81.12007251956747
312.748174264,-8.399999999999999,6.0,-7.898561084943298,4.372958362956945,1.7025585083059511,81.12007251956747
312.948662354,-8.399999999999999,6.0,-7.857530368575849,4.281173895533152,1.8023974252129111,81.12007251956747
313.248673138,-8.399999999999999,6.0,-7.783997064001334,4.139363516868956,1.9599560555066622,81.12007251956747
313.44829547300003,-8.399999999999999,5.4,-7.7411644368390595,4.049487688203247,1.502646932449603,90.66308087871518
313.74821539600003,-8.399999999999999,5.4,-7.686942380177219,3.919763831710521,1.6430308223218602,90.66308087871518
313.94802747100005,-8.399999999999999,5.4,-7.648682842575944,3.8276420108835247,1.7426379764535629,90.66308087871518
314.247994399,-8.399999999999999,5.4,-7.587586020953056,3.680262340301494,1.9019763646102916,90.66308087871518
314.448237682,-8.399999999999999,5.4,-7.555762403827548,3.5855160083715214,2.001271914225315,90.66308087871518
314.748726065,-8.299999999999999,4.800000000000001,-7.518405475207995,3.4513139190844666,1.5587957358294706,97.91851335789079
314.94868461000004,-8.299999999999999,4.800000000000001,-7.497989507103921,3.3533462753088417,1.6540942626943043,97.91851335789079
315.24833837100005,-8.299999999999999,4.800000000000001,-7.483362285817217,3.1944859500677656,1.8012696968403945,97.91851335789079
315.44768762200005,-8.299999999999999,4.800000000000001,-7.475704812147294,3.094558268478404,1.8942001098966572,97.91851335789079
315.747502058,-8.1,4.300000000000001,-7.465706052571522,2.9552855332941386,1.4868038904685552,100.0
315.94821410400004,-8.1,4.300000000000001,-7.457997366702215,2.8554860920377485,1.5807554559316466,100.0
316.248065558,-8.1,4.300000000000001,-7.44586372444803,2.695797572441006,1.7324432734087354,100.0
316.448180196,-8.1,4.300000000000001,-7.437649877491951,2.5959418136091026,1.8282565431011766,100.0
316.74823660600003,-8.1,4.300000000000001,-7.4268616528483795,2.4564472389409104,1.9626008298211357,100.0
316.948175822,-8.1,4.300000000000001,-7.418749781556269,2.356816654960617,2.0591414163597603,100.0
317.24825571,-8.1,4.300000000000001,-7.405645313848866,2.196854916169013,2.214801949119264,100.0
317.447436588,-7.999999999999999,3.700000000000001,-7.397326152375107,2.097326693164609,1.7122434099898538,100.0
317.748146228,-7.999999999999999,3.700000000000001,-7.385590054772816,1.957673484925288,1.8474851192706438,100.0
317.94817092700004,-7.999999999999999,3.700000000000001,-7.37725539136176,1.8579209716841008,1.9444963343110846,100.0
318.24850786800005,-7.999999999999999,3.700000000000001,-7.362991046977564,1.6984454257857131,2.1004764030545258,100.0
318.44824164,-7.999999999999999,3.700000000000001,-7.35456631593345,1.59905739235445,2.1978499678431658,100.0
318.748153017,-8.2,3.0,-7.342586225293997,1.4597344772811458,1.7628318869171788,100.0
318.948144802,-8.2,3.0,-7.334194598969629,1.3607236883655005,1.8538731937053756,100.0
319.24768998300004,-8.2,3.0,-7.319687546683758,1.2011661492442065,2.0026865051946037,100.0
319.448492433,-8.2,3.0,-7.31079055469052,1.1017572910440678,2.096191503592157,100.0
319.748169792,-8.1,2.5,-7.2978154702948865,0.96184480957413,1.7347684022751444,98.80701012394354
319.948911386,-8.1,2.5,-7.288775463519772,0.861891720264547,1.827972643319753,98.80701012394354
320.248519265,-8.1,2.5,-7.274294449846834,0.7019761326679695,1.9785548976587364,98.80701012394354
320.448093702,-8.1,2.5,-7.264722377167186,0.6022670879401246,2.0734220295734516,98.80701012394354
320.74813635000004,-8.1,2.5,-7.251563746947418,0.4630334278250546,2.2065984889988597,98.80701012394354
320.94843508400004,-8.299999999999999,1.6000000000000014,-7.241812498438464,0.3634979834305854,1.6274821121724428,90.64265463051673
321.24826939400003,-8.299999999999999,1.6000000000000014,-7.226557432489871,0.2043288711292231,1.7607319062555118,90.64265463051673
321.44891370000005,-8.299999999999999,1.6000000000000014,-7.216868173434864,0.1051109761699661,1.8460411011908273,90.64265463051673
321.748944557,-8.299999999999999,1.6000000000000014,-7.203002638396661,-0.0345615990622268,1.9685514553837682,90.64265463051673
321.94821414700004,-8.299999999999999,1.6000000000000014,-7.19331734763604,-0.134067972008878,2.0571189135755654,90.64265463051673
322.2482314,-8.1,1.0,-7.177258929860527,-0.29321448409291,1.5886644656408193,78.89756414760755
322.448715067,-8.1,1.0,-7.16649779296931,-0.3922848226243578,1.6762706815551323,78.89756414760755
322.74880387800005,-8.1,1.0,-7.152068052258354,-0.5315858231555535,1.8012024070715495,78.89756414760755
322.94894762900003,-8.1,1.0,-7.14172165700909,-0.6312554634331464,1.8919016278934517,78.89756414760755
323.24881423600004,-8.1,0.5,-7.125745842184996,-0.7900296896709943,1.61658521713285,68.58790469820046
336.447468007,-7.499999999999999,-0.6999999999999993,-5.865185768897929,-1.1792905684429986,1.7036246708745055,37.54099247952771
336.748013042,-7.499999999999999,-0.6999999999999993,-5.725009534675338,-1.171548150338838,1.83655895905398,37.54099247952771
336.94814228300004,-7.499999999999999,-0.6999999999999993,-5.62542462006596,-1.1677920911342174,1.9320616697151702,37.54099247952771
337.24804570400005,-6.9,-0.5,-5.465283876560259,-1.1611344426092,1.5797180463811051,40.05719504588681
337.44850341700004,-6.9,-0.5,-5.365489344957815,-1.1599116054737626,1.670391055255312,40.05719504588681
337.747672981,-6.9,-0.5,-5.225449252728379,-1.1605392889401296,1.8001200952773895,40.05719504588681
337.948119554,-6.9,-0.5,-5.1253429971316855,-1.1614963274675845,1.893933702398965,40.05719504588681
338.24786582,-6.1,-0.3999999999999986,-4.965011237258552,-1.1607408426828365,1.3663550494930505,46.12641459108062
338.448214601,-6.1,-0.3999999999999986,-4.865043725144409,-1.15873451496502,1.4494119721474645,46.12641459108062
338.747980375,-6.1,-0.3999999999999986,-4.725462811134318,-1.1526855051602105,1.5671272932512703,46.12641459108062
338.94806355000003,-6.1,-0.3999999999999986,-4.625741188654222,-1.14738902233073,1.6528851725183915,46.12641459108062
339.248397699,-6.1,-0.3999999999999986,-4.465871584444121,-1.1378100189347238,1.7929694092671038,46.12641459108062
339.447926562,-5.499999999999999,-0.2999999999999989,-4.365630737611392,-1.131812816961149,1.406664916002712,56.48302532811613
339.748186256,-5.499999999999999,-0.2999999999999989,-4.225825888161371,-1.122341578532271,1.5164977214169189,56.48302532811613
339.94878281,-5.499999999999999,-0.2999999999999989,-4.126497791722317,-1.1151333263660208,1.5971695764370812,56.48302532811613
340.24887468900005,-5.499999999999999,-0.2999999999999989,-3.9663785601707273,-1.1024549941928956,1.7308751365737305,56.48302532811613
340.44739848,-5.499999999999999,-0.2999999999999989,-3.866708244872499,-1.0939898382387665,1.8160566677815682,56.48302532811613
340.748222628,-4.9,-0.3999999999999986,-3.727213655836388,-1.0830730869870977,1.3572091405611502,60.325900314654085
340.948500803,-4.9,-0.3999999999999986,-3.626896614669121,-1.0749581308473268,1.440958260373237,60.325900314654085
341.248791863,-4.4,-0.5,-3.4679996000746565,-1.0622087788587198,1.0884408373847492,60.004800385668716
341.44805155700004,-4.4,-0.5,-3.367976716291157,-1.0535280288981157,1.1710957846790402,60.004800385668716
341.74815722600005,-4.4,-0.5,-3.228649811939355,-1.0414340004454872,1.2904309512361027,60.004800385668716
341.947972379,-4.4,-0.5,-3.12910338791778,-1.0321060170385914,1.3777935302398323,60.004800385668716
342.24850263900004,-4.4,-0.5,-2.9692638333443635,-1.0174292575674708,1.5214266381141388,60.004800385668716
342.448074405,-3.9,-0.2999999999999989,-2.8700578090783377,-1.0074224006733248,1.2494908441500983,55.1610650670247
342.748191533,-3.9,-0.2999999999999989,-2.730437751414372,-0.9943148056652412,1.3601282669964012,55.1610650670247
342.94826316,-3.9,-0.2999999999999989,-2.6308031832360235,-0.9844308651010816,1.4419799474288215,55.1610650670247
343.24822314,-3.9,-0.2999999999999989,-2.4718289777301563,-0.968728151071454,1.5769812328898327,55.1610650670247
343.447735013,-3.299999999999999,-0.5,-2.372583512973826,-0.9591691179356152,1.0348611594188557,49.284323023682155
343.748071316,-3.299999999999999,-0.5,-2.274385097103996,-0.9481280095998158,1.1192428878622682,49.284323023682155
343.9471075,-3.299999999999999,-0.5,-2.2522031262765334,-0.9448136345225742,1.1383046420189324,49.284323023682155
344.247942393,-3.299999999999999,-0.5,-2.25100705727938,-0.9449212043451942,1.139447704791072,49.284323023682155
344.448753246,-3.299999999999999,-0.5,-2.251034904443815,-0.945014888504657,1.1394586533464064,49.284323023682155
344.748725697,-3.299999999999999,-0.5,-2.251074187149477,-0.9451281659193972,1.1394667371006908,49.284323023682155
344.948165878,-3.299999999999999,-0.5,-2.251102282998522,-0.9451985065801468,1.139468354537371,49.284323023682155
345.248664093,-2.8999999999999995,-1.0,-2.251147424605463,-0.9452921850262888,0.6511548276833404,43.54722842782575
345.448582391,-2.8999999999999995,-1.0,-2.2511753879863865,-0.9453426668396412,0.6511227236265202,43.54722842782575
345.748133326,-2.8999999999999995,-1.0,-2.25121419394476,-0.9454043558947842,0.6510788788572475,43.54722842782575
345.94811712700005,-2.8999999999999995,-1.0,-2.2512417435668644,-0.9454408245023976,0.651048369110268,43.54722842782575
346.24851209400003,-2.8999999999999995,-1.0,-2.251285051110944,-0.9454921299174884,0.6510009161384196,43.54722842782575
346.74823032800003,-2.8999999999999995,-1.0,-2.251347939474276,-0.9455567797256432,0.6509328382084505,43.54722842782575
353.248113561,-2.8999999999999995,-1.0,-2.241415523836632,-0.911722125331538,0.6644746010189991,43.54722842782575
353.44863863200004,-2.8999999999999995,-1.0,-2.233271989288081,-0.8364248718690794,0.6865005919960442,43.54722842782575
353.74815298600004,-2.6,-0.5999999999999996,-2.2253523190036417,-0.6962101139546305,0.3868039179004165,38.003154809533804
353.948912747,-2.6,-0.5999999999999996,-2.221023853633188,-0.5957961132620198,0.3789994619768546,38.003154809533804
354.24745752,-2.6,-0.5999999999999996,-2.219666828335517,-0.4352012179288872,0.4145020627698818,38.003154809533804
355.448149011,-2.6,-0.5999999999999996,-2.2351924928870965,0.1653901825860913,0.8478836293059919,38.003154809533804
355.74823924500004,-2.6,-0.5999999999999996,-2.24468114080893,0.3048283070050061,0.9720934918280177,38.003154809533804
355.948761551,-2.6,-0.5999999999999996,-2.2530261873029858,0.4047250918732605,1.0629502984322616,38.003154809533804
356.248666238,-2.6,-0.5999999999999996,-2.267452952973936,0.5639642294607332,1.2105371807383172,38.003154809533804
356.448770559,-2.6,-0.5999999999999996,-2.2768824082742145,0.6638568538402292,1.3045072345838458,38.003154809533804
356.74817670000004,-2.6999999999999997,0.0,-2.2901881443024443,0.8032137099849457,0.9017194802032695,30.286840568064736
356.948326947,-2.6999999999999997,0.0,-2.3003497619964275,0.902398381562341,0.9869362450445541,30.286840568064736
357.24847887500005,-2.6999999999999997,0.0,-2.328437117133076,1.0592901153091687,1.1225660445230343,30.286840568064736
357.44800311100005,-2.6999999999999997,0.0,-2.354810788996452,1.155703840924995,1.2061537875917971,30.286840568064736
357.748715315,-2.8999999999999995,0.5,-2.3918485781648866,1.2902459740401797,0.9395246494902404,35.920129606112795
357.948315127,-2.8999999999999995,1.0,-2.41049637445454,1.3885918751211292,0.6249939558366182,44.05333153396797
358.24810507800004,-2.8999999999999995,1.0,-2.421599342914221,1.548338678757782,0.7276967055868362,44.05333153396797
358.448561289,-2.8999999999999995,1.0,-2.423411513286457,1.6487684950640078,0.8050075439742921,44.05333153396797
358.748771842,-2.8999999999999995,1.0,-2.42692920841283,1.7887460228958807,0.9197370616034674,44.05333153396797
358.94728149400004,-3.1,1.6000000000000014,-2.42914545569366,1.8882719399790928,0.7301688373217364,50.61669033941023
359.248569808,-3.1,1.6000000000000014,-2.430677303080085,2.048635705216895,0.805770977764531,50.61669033941023
359.448574511,-3.1,1.6000000000000014,-2.4298013546066937,2.1480611838371124,0.8657582142353364,50.61669033941023
359.748236323,-3.1,1.6000000000000014,-2.438760498181636,2.286806187389719,0.9533836676814839,50.61669033941023
359.94881170300005,-3.1,1.6000000000000014,-2.446109129805142,2.3859671035656693,1.0224077259154463,50.61669033941023
360.248748449,-2.799999999999999,2.5,-2.4597589399399213,2.54081127882288,0.34267993730296525,59.31947062297916
360.44898792,-2.799999999999999,2.5,-2.4655539799355,2.601695939140541,0.34956573684310044,59.31947062297916
360.748913435,-2.799999999999999,2.5,-2.46701847548566,2.623881586317313,0.3552792466446458,59.31947062297916
360.948262343,-2.799999999999999,2.5,-2.4663933395157605,2.6240986419075005,0.3559408333455604,59.31947062297916
361.248179491,-2.799999999999999,2.5,-2.4656729058933604,2.6240725777527483,0.3566070812589129,59.31947062297916
361.448586709,-2.799999999999999,2.5,-2.465345115162067,2.6240498614978387,0.35690651448736876,59.31947062297916
361.748808642,-2.799999999999999,2.5,-2.465030596067011,2.6240105940437304,0.35718780635164493,59.31947062297916
361.948797488,-2.799999999999999,2.5,-2.464868193735439,2.6239797864006467,0.35732942085153946,59.31947062297916
362.248499581,-2.799999999999999,2.5,-2.464686089331329,2.6239275051777,0.3574820907786649,59.31947062297916
362.447717161,-2.799999999999999,2.5,-2.464605124354549,2.62389372458074,0.3575463293053294,59.31947062297916
362.7480781910001,-2.799999999999999,2.5,-2.46451993465914,2.623846646618841,0.3576099357118578,59.31947062297916
362.948188548,-3.1,3.0,-2.464472410587556,2.623813044000436,0.7385201031580724,62.38424055070606
363.248793425,-3.1,3.0,-2.464415291458311,2.623759817048805,0.7385963694733224,62.38424055070606
363.4481524840001,-3.1,3.0,-2.464386435476384,2.6237271807430527,0.7386378259458342,62.38424055070606
363.748809639,-3.1,3.0,-2.464351528221011,2.623682449673229,0.7386906513276759,62.38424055070606
363.948826774,-3.1,3.0,-2.4643305108213984,2.6236511664000046,0.7387246740326611,62.38424055070606
364.248149364,-3.1,3.0,-2.4643007821410707,2.6236024000947418,0.7387751002848522,62.38424055070606
364.447673187,-3.1,3.0,-2.464283427146388,2.623572790397273,0.7388051198591121,62.38424055070606
364.7487842590001,-3.1,3.0,-2.46426014120086,2.623532430630448,0.7388457206027312,62.38424055070606
364.9482544,-3.1,3.0,-2.464256205007328,2.62353002812928,0.7388503316586017,62.38424055070606
365.2488175090001,-3.1,3.0,-2.464268035580744,2.6235130497884134,0.7388488033853666,62.38424055070606
365.448209211,-3.1,3.0,-2.4642535424832293,2.623486612205024,0.7388747454298145,62.38424055070606
365.748274011,-3.1,3.0,-2.464278536431981,2.623503266983891,0.7388447531199419,62.38424055070606
365.948179404,-3.1,3.0,-2.464263295721627,2.623478430846745,0.7388705226251464,62.38424055070606
366.248353763,-3.1,3.0,-2.464239032596224,2.6234399808049043,0.738910993104309,62.38424055070606
366.4489960190001,-3.1,3.0,-2.46421239085904,2.6234558334629843,0.7389258374764236,62.38424055070606
366.748771911,-2.6,3.1000000000000014,-2.464248944760855,2.623537335103011,0.49542408100463114,63.062698675961144
366.9488040490001,-2.6,3.1000000000000014,-2.4642371093618407,2.6235151275886697,0.49544868161220484,63.062698675961144
367.248307949,-2.6,3.1000000000000014,-2.4642191939748423,2.6234806165873703,0.49548678090620707,63.062698675961144
367.448166205,-2.6,3.1000000000000014,-2.464208591365696,2.6234596561657018,0.49550984446386237,63.062698675961144
367.748228926,-2.6,3.1000000000000014,-2.464194377259981,2.6234310931810465,0.4955412092999109,63.062698675961144
367.948243831,-2.6,3.1000000000000014,-2.4641845896406966,2.6234112390035405,0.495562985703339,63.062698675961144
368.24858829,-2.6,3.1000000000000014,-2.464169503362231,2.623380416235926,0.4955967629477651,63.062698675961144
368.448845395,-2.6,3.1000000000000014,-2.4641604166954347,2.623361710818359,0.49561724254343803,63.062698675961144
368.7487068690001,-2.6,3.1000000000000014,-2.464148078086075,2.623336232653833,0.49564512686835643,63.062698675961144
368.947523039,-2.6,3.1000000000000014,-2.464139526749517,2.623318531819208,0.4956644936838243,63.062698675961144
369.246985798,-2.6,3.1000000000000014,-2.4641262723197666,2.623291047464344,0.49569455847463756,63.062698675961144
369.448172577,-2.6,3.1000000000000014,-2.4641182393647605,2.6232743599921675,0.49571280870501155,63.062698675961144
369.748736504,-2.6,3.1000000000000014,-2.464107313048645,2.6232516550070017,0.4957376390999812,63.062698675961144
369.94819599,-2.6,3.1000000000000014,-2.4640997243660765,2.623235876657464,0.4957548932930007,63.062698675961144
370.248144051,-2.6,3.1000000000000014,-2.464087945367473,2.623211382486366,0.4957816781457325,63.062698675961144
370.448152001,-2.6,3.1000000000000014,-2.4640808015591213,2.6231965224936404,0.4957979272515869,63.062698675961144
370.748215143,-2.6,3.1000000000000014,-2.4640710747306933,2.6231762832592884,0.4958200576532745,63.062698675961144
370.948770388,-2.6,3.1000000000000014,-2.4640643197108982,2.6231622315134024,0.495835422928758,63.062698675961144
371.248293762,-2.6,3.1000000000000014,-2.4636446357946515,2.624865369413825,0.4943133647089015,63.062698675961144
371.448603577,-2.6,3.1000000000000014,-2.460429009018088,2.654862079028381,0.46650598089478956,63.062698675961144
371.748226383,-2.6,3.1000000000000014,-2.4520509449077106,2.762158366369665,0.3688168818217459,63.062698675961144
371.948759614,-2.6,3.1000000000000014,-2.4450329991126525,2.863242826174604,0.2829641862883158,63.062698675961144
372.248687862,-2.6,3.1000000000000014,-2.4324886441468965,3.008092422807728,0.19106820008860403,63.062698675961144
372.448352973,-2.6,3.1000000000000014,-2.4272305212049257,3.055364849256038,0.17844211802446758,63.062698675961144
372.747791331,-2.6,3.1000000000000014,-2.41646189184962,3.136887439451044,0.18720822720349392,63.062698675961144
372.948260671,-2.6,3.1000000000000014,-2.404344338860212,3.234361573063312,0.23734820423187322,63.062698675961144
373.248091646,-2.6,3.1000000000000014,-2.3848992106890283,3.393504343343197,0.36388617605444085,63.062698675961144
373.4485841230001,-2.6,3.1000000000000014,-2.3717992890384165,3.492737506997241,0.4542227580007182,63.062698675961144
373.748684735,-2.6,3.1000000000000014,-2.3624717889709648,3.63277470712698,0.5833254148319716,63.062698675961144
373.948852226,-2.499999999999999,3.8000000000000007,-2.3591922058996087,3.7326891777388895,0.15606915669947363,66.3100675298953
374.2480393510001,-2.499999999999999,3.8000000000000007,-2.3540510377628103,3.892879957762607,0.17299649167568665,66.3100675298953
374.448087841,-2.499999999999999,3.8000000000000007,-2.35387747791404,3.9932361716675593,0.24226433807206488,66.3100675298953
374.74878366,-2.499999999999999,3.8000000000000007,-2.3564271527628846,4.132861372327727,0.36250497327853176,66.3100675298953
374.94822499,-2.499999999999999,3.8000000000000007,-2.354108922638186,4.232815245312016,0.4567419873717438,66.3100675298953
375.248678088,-2.3999999999999995,4.300000000000001,-2.3422259492412305,4.39226006273151,0.10885660345747909,67.80938050661645
375.448462205,-2.3999999999999995,4.300000000000001,-2.3365724473996683,4.492222971429297,0.2024172057261334,67.80938050661645
375.748098748,-2.3999999999999995,4.300000000000001,-2.3334705140702674,4.632281989530421,0.3388768110455019,67.80938050661645
375.948266654,-2.3999999999999995,4.300000000000001,-2.333564933635035,4.732747393922091,0.43781722783517574,67.80938050661645
376.248484362,-2.299999999999999,4.9,-2.344006408565245,4.89286261657812,0.04458145620010962,68.13527875806876
376.4477844000001,-2.299999999999999,4.9,-2.351193254289819,4.992487739052106,0.10571060098094519,68.13527875806876
376.748120629,-2.299999999999999,4.9,-2.365071242331186,5.131922063383414,0.2408777907208226,68.13527875806876
376.948682071,-2.299999999999999,4.9,-2.3756385836397387,5.231475546747369,0.3399959314852058,68.13527875806876
377.248162883,-2.299999999999999,4.9,-2.3928760942845337,5.391006929633366,0.49971369186518644,68.13527875806876
377.4474310110001,-2.499999999999999,5.600000000000001,-2.4044111791602623,5.490873225539712,0.14507196687726476,66.80266654999959
377.748137411,-2.499999999999999,5.600000000000001,-2.41750834572194,5.629759381197859,0.08769546051427177,66.80266654999959
377.948152377,-2.499999999999999,5.600000000000001,-2.4207873641943314,5.729774811390996,0.1520399399593725,66.80266654999959
378.247835436,-2.499999999999999,5.600000000000001,-2.4185963253621807,5.889942325080101,0.3011529679704219,66.80266654999959
378.448110987,-2.8999999999999995,6.200000000000001,-2.410878800300152,5.98900758374036,0.532688790678854,63.608456712142214
378.74812277,-2.8999999999999995,6.200000000000001,-2.393268106079032,6.128161007508548,0.5117988405212711,63.608456712142214
378.947815194,-2.8999999999999995,6.200000000000001,-2.375651130910622,6.226607511576337,0.5250235196518287,63.608456712142214
379.246999253,-2.999999999999999,7.199999999999999,-2.327434932111444,6.379476062671661,1.0609445330801868,54.11984759105949
379.44819348,-2.999999999999999,7.199999999999999,-2.2867413287276284,6.470814184281131,1.0200244536239411,54.11984759105949
379.748119698,-2.999999999999999,7.199999999999999,-2.227580858133209,6.597020924396176,0.9799056568559391,54.11984759105949
379.948166555,-2.999999999999999,7.199999999999999,-2.1812409500248733,6.68582200795068,0.9668223153320575,54.11984759105949
380.248559727,-2.8999999999999995,8.0,-2.088364796849772,6.816428152172407,1.435128573321127,51.840045419058576
380.448117323,-2.8999999999999995,8.0,-2.0200473732424737,6.889456431329091,1.41690636361539,51.840045419058576
380.748147797,-2.8999999999999995,8.0,-1.9131123718656,6.980222782510691,1.419116895775319,51.840045419058576
380.9473241600001,-2.499999999999999,8.400000000000002,-1.829599049921332,7.034895649831658,1.520837703607757,51.840045419058576
381.248665725,-2.499999999999999,8.400000000000002,-1.6870110845956705,7.107749101344891,1.5267165295644276,51.840045419058576
381.44795737,-2.499999999999999,8.400000000000002,-1.5981292067816455,7.1529724380478426,1.538976500122289,51.840045419058576
381.748126598,-2.499999999999999,8.400000000000002,-1.472010980497259,7.2153745663701985,1.5684702235684316,51.840045419058576
381.948187875,-2.0,8.400000000000002,-1.380079572877556,7.254855452894028,1.302174093479908,49.74218585476897
382.2485083730001,-2.0,8.400000000000002,-1.2287946040333482,7.306946729053188,1.3377306215735696,49.74218585476897
382.448723287,-2.0,8.400000000000002,-1.129997069400187,7.328157750244317,1.3804893725101945,49.74218585476897
382.748175828,-2.0,8.400000000000002,-0.9933810468802088,7.353510722912836,1.4520404690773612,49.74218585476897
382.948753686,-2.0,8.400000000000002,-0.8942539516915142,7.365481212103533,1.5142336166723456,49.74218585476897
383.2481819670001,-1.299999999999999,8.3,-0.7339818981589369,7.361353089026911,1.0960996830083847,43.20352177899858
383.447984802,-1.299999999999999,8.3,-0.6354461711012654,7.346467071766929,1.1622636691941737,43.20352177899858
383.748697005,-1.299999999999999,8.3,-0.50073903783489,7.309492351910272,1.2727621484650387,43.20352177899858
383.948756473,-0.5999999999999996,8.8,-0.4078022278380427,7.27329272306556,1.5387576459821717,42.652208113085
384.248496883,-0.5999999999999996,8.8,-0.2677834760035419,7.196822324189252,1.637237453466736,42.652208113085
384.448731098,-0.5999999999999996,8.8,-0.1871581198713021,7.1377556321683935,1.7127448018826674,42.652208113085
384.7481424550001,-0.1999999999999993,8.5,-0.0851497276646749,7.041888193437623,1.4626279860210851,44.611402341473344
384.948141043,-0.1999999999999993,8.5,-0.0207157350188308,6.9650199221133935,1.5454147298309961,44.611402341473344
385.248176117,-0.1999999999999993,8.5,0.0652967048767859,6.830160317343924,1.6907829273420716,44.611402341473344
385.447738484,0.200000000000001,8.100000000000001,0.1083010232554817,6.7398926017327225,1.3631950840424045,44.611402341473344
385.748716158,0.200000000000001,8.100000000000001,0.1520508367411356,6.6070229390704975,1.4937468415762174,44.611402341473344
385.9487047820001,0.200000000000001,8.100000000000001,0.1712429598421485,6.508878436154549,1.5913814119476946,44.611402341473344
386.248015692,0.3000000000000007,7.600000000000001,0.1818315844552562,6.349698537726763,1.2558732105570827,44.611402341473344
386.4487301310001,0.3000000000000007,7.600000000000001,0.174485002030608,6.250285416840592,1.3555380742378411,44.611402341473344
386.748710512,0.3000000000000007,7.600000000000001,0.1489702501248248,6.112986715108711,1.4946633382774006,44.611402341473344
386.94816104,0.3000000000000007,7.600000000000001,0.1183949005575942,6.017599765592204,1.5927871527600093,44.611402341473344
387.24868492,0.200000000000001,6.900000000000002,0.0495762359055049,5.873370176139772,1.037591491890544,55.09909649355989
387.44834113,0.200000000000001,6.900000000000002,-0.0052451224900653,5.790216930067949,1.1286026858969347,55.09909649355989
387.747046404,0.200000000000001,6.900000000000002,-0.0930779009141234,5.681479789718645,1.2532701859010102,55.09909649355989
387.948213787,0.200000000000001,6.900000000000002,-0.1564741313438922,5.603905552799596,1.3442226833308202,55.09909649355989
388.248400862,0.5,6.300000000000001,-0.2412569561656338,5.468065536226342,1.1142606638835932,60.35888747796559
388.44808989100005,0.5,6.300000000000001,-0.282492204073161,5.376904153428309,1.2101239570362956,60.35888747796559
388.748153754,0.5,6.300000000000001,-0.3228881000753623,5.243293970361734,1.3393179078618749,60.35888747796559
388.948154503,0.1000000000000014,5.800000000000001,-0.3399515206503617,5.144465826569239,0.7894823576610934,62.281541322927126
389.248212739,0.1000000000000014,5.800000000000001,-0.3468916461850686,4.984908031926492,0.9295628326519667,62.281541322927126
389.447971373,0.1000000000000014,5.800000000000001,-0.3415143730675226,4.884967970476512,1.0159815730017367,62.281541322927126
389.7479927600001,0.1000000000000014,5.800000000000001,-0.3333806446298644,4.745410268891165,1.1401659020072492,62.281541322927126
389.948189069,0.1000000000000014,5.800000000000001,-0.3279232437178109,4.645790075949013,1.2309828801781773,62.281541322927126
390.2481467550001,0.1000000000000014,5.800000000000001,-0.3189657339788505,4.486703851041019,1.3785060975994734,62.281541322927126
390.448248726,0.1000000000000014,5.800000000000001,-0.3141708182562794,4.38672984548019,1.4727083880902991,62.281541322927126
390.748194624,0.200000000000001,5.200000000000001,-0.3064740402200228,4.246814049394089,1.0793884425216391,64.71454869671497
390.9481877550001,0.200000000000001,5.200000000000001,-0.3011914066296373,4.147030542484688,1.1661635839535924,64.71454869671497
391.247466241,0.200000000000001,5.200000000000001,-0.2927753559940372,3.9873316395427154,1.3089660438411732,64.71454869671497
391.448602442,0.200000000000001,5.200000000000001,-0.2874451737924933,3.887063657567264,1.4005015661305946,64.71454869671497
391.748196923,0.5,4.800000000000001,-0.2802668658888104,3.747459265320712,1.3102131048662133,65.23264134000279
391.948717937,0.5,4.800000000000001,-0.2752283317542858,3.647743561910221,1.3887670306692477,65.23264134000279
392.24852532,0.5,4.800000000000001,-0.2656523499058625,3.488338032127683,1.5187760331526998,65.23264134000279
392.448174822,0.3000000000000007,4.300000000000001,-0.255511879563626,3.3881137708666103,1.0677686749570001,64.2882334732419
392.748153837,0.3000000000000007,4.300000000000001,-0.2404030727494084,3.249132945452625,1.1816755254172273,64.2882334732419
392.948213596,0.3000000000000007,4.300000000000001,-0.2276049467235505,3.149660551151346,1.2655622574115382,64.2882334732419
393.248879449,0.3000000000000007,4.300000000000001,-0.2073629456616343,2.99068468914439,1.4041808081124654,64.2882334732419
393.448591659,0.200000000000001,3.6000000000000014,-0.1946268437410212,2.891257041208756,0.8112009168123334,62.016337320891665
393.748745996,0.200000000000001,3.6000000000000014,-0.1790536843445,2.75295044144016,0.9279949624171256,62.016337320891665
393.948176925,0.200000000000001,3.6000000000000014,-0.1711432134363869,2.652648892617014,1.017458306536273,62.016337320891665
394.248044495,0.200000000000001,3.6000000000000014,-0.158682454181654,2.4927983334689183,1.163850777938041,62.016337320891665
394.4483173,0.200000000000001,3.6000000000000014,-0.1507792532544089,2.393457611938777,1.2564993508562603,62.016337320891665
394.7481916050001,0.1000000000000014,2.9000000000000004,-0.1397760909578468,2.2543749851758577,0.6887120106123464,57.982870667172705
394.94818905,0.1000000000000014,2.9000000000000004,-0.1326644954155062,2.154380007116813,0.7810774233160737,57.982870667172705
395.248994237,0.1000000000000014,2.9000000000000004,-0.1222991613308516,1.9950893293814345,0.9318155605739492,57.982870667172705
395.448082042,0.1000000000000014,2.9000000000000004,-0.1156550253012108,1.895328099504496,1.0275566736598596,57.982870667172705
395.748624317,0.1000000000000014,2.9000000000000004,-0.1058827188875121,1.7557194834377088,1.1626545465100886,57.982870667172705
395.947856325,-0.1999999999999993,2.4000000000000004,-0.0986927318090921,1.6556276445422262,0.751234561344231,53.71062507754757
396.248757457,-0.1999999999999993,2.4000000000000004,-0.0868616045186998,1.495931270725186,0.9111204990475522,53.71062507754757
396.447974868,-0.1999999999999993,2.4000000000000004,-0.0791923969734892,1.3969867543562322,1.0102623658663412,53.71062507754757
396.748761209,-0.1999999999999993,2.4000000000000004,-0.071118886107837,1.256663601733273,1.1505774468151273,53.71062507754757
396.9485554520001,-0.1999999999999993,2.4000000000000004,-0.0658170563338808,1.1569628023595104,1.250258588088411,53.71062507754757
397.248721355,-0.1999999999999993,1.9000000000000004,-0.0583278026356869,0.9968018577027566,0.9142417053248144,48.81046203318093
397.4473025310001,-0.1999999999999993,1.9000000000000004,-0.0536333044448489,0.8973452343957973,1.013281692599128,48.81046203318093
397.748081325,-0.1999999999999993,1.9000000000000004,-0.0493605561505118,0.7573248256057793,1.1525618405188272,48.81046203318093
397.948112656,-0.1999999999999993,1.9000000000000004,-0.0460804205432723,0.6573116884628296,1.2521842821930165,48.81046203318093
398.248658492,-0.0999999999999996,1.200000000000001,-0.0393945696839883,0.4980062315462011,0.7046050447816538,41.515508145975986
398.448538325,-0.0999999999999996,1.200000000000001,-0.0349449677634882,0.3979684418594391,0.8046656308508964,41.515508145975986
398.748739637,-0.0999999999999996,1.200000000000001,-0.0289472941702412,0.2603837826279583,0.9422988501289153,41.515508145975986
398.948585374,-0.0999999999999996,1.200000000000001,-0.026195693244806,0.1889250060022316,1.0137651203228508,41.515508145975986
399.248888231,0.0,0.7000000000000011,-0.0254127050131038,0.1553047766024065,0.5452877148517454,35.62612993377688
399.449037749,0.0,0.7000000000000011,-0.0254306638584065,0.1553008740392647,0.5452924504214866,35.62612993377688
399.748743243,0.0,0.7000000000000011,-0.0255681471800897,0.1553871393277105,0.5452127090960724,35.62612993377688
399.948753715,0.0,0.7000000000000011,-0.0256696126236142,0.1554468536318029,0.5451578287356339,35.62612993377688
400.247993167,0.0,0.7000000000000011,-0.0257932432183708,0.1555409552626297,0.5450696678334367,35.62612993377688
400.448044233,0.0,0.7000000000000011,-0.025847796539896,0.1555988414393275,0.5450144310274468,35.62612993377688
400.748179417,0.0,0.7000000000000011,-0.0259039126089398,0.1556784242369925,0.5449376024184569,35.62612993377688
400.948128311,0.0,0.7000000000000011,-0.0259331533503398,0.1557341208160974,0.5448833597078552,35.62612993377688
401.248234713,0.0,0.7000000000000011,-0.025964616932284,0.1558211586516866,0.5447979191440017,35.62612993377688
401.4479214800001,0.0,0.7000000000000011,-0.0259777695315851,0.1558741787449497,0.5447455863669941,35.62612993377688
401.74816618,0.0,0.7000000000000011,-0.0259879014748743,0.1559467221742315,0.5446736088117652,35.62612993377688
401.94813907,0.0,0.7000000000000011,-0.025989694002829,0.1559973219412068,0.5446231522158242,35.62612993377688
402.248098303,0.0,0.7000000000000011,-0.0259874542558118,0.1560761125349743,0.5445443445062715,35.62612993377688
402.448109261,0.0,0.7000000000000011,-0.0259843438691372,0.1561239578283731,0.5444964052907825,35.62612993377688
402.7480608400001,0.0,0.7000000000000011,-0.025978007839965,0.1561892166743446,0.5444309184392427,35.62612993377688
402.9482413820001,0.0,0.7000000000000011,-0.0259721644750356,0.1562345947564238,0.5443853132361582,35.62612993377688
403.24818032200005,0.0,0.7000000000000011,-0.0259618719435877,0.1563051432303174,0.5443143540938656,35.62612993377688
403.448199922,0.0,0.7000000000000011,-0.0259551575059095,0.1563479448146395,0.544271280988097,35.62612993377688
403.7481566,0.0,0.7000000000000011,-0.0259456548266359,0.1564062516093264,0.5442125874084566,35.62612993377688
403.9482286810001,0.0,0.7000000000000011,-0.0259389779851955,0.1564467565355745,0.5441718102397575,35.62612993377688
404.248540459,0.0,0.7000000000000011,-0.0259285270514168,0.1565096467338527,0.5441084934169093,35.62612993377688
404.448603244,0.0,0.7000000000000011,-0.0259220631577751,0.1565478043166246,0.5440700711778205,35.62612993377688
404.748699253,0.0,0.7000000000000011,-0.025913112048939,0.1565997625834707,0.5440177454829965,35.62612993377688
404.948729893,0.0,0.7000000000000011,-0.0258776324358432,0.1557265309446591,0.5448883013774666,35.62612993377688
405.248105161,0.0,0.7000000000000011,-0.0258949098129139,0.1543402422937033,0.5462738484810659,35.62612993377688
405.44816675,0.0,0.7000000000000011,-0.0260498226191858,0.1540727184969283,0.5465484333047039,35.62612993377688
405.74875887,0.0,0.7000000000000011,-0.0254085731898364,0.1536591775955928,0.5469313392164217,35.62612993377688
405.94814058,0.0,0.7000000000000011,-0.0255342214537486,0.1539709710612179,0.546625737510666,35.62612993377688
406.247155736,0.0,0.7000000000000011,-0.0261129295437662,0.1544134538045043,0.546211098824336,35.62612993377688
406.448149607,0.0,0.7000000000000011,-0.0255224914411192,0.1547041529067257,0.5458928085499339,35.62612993377688
406.748731493,0.0,0.7000000000000011,-0.0254068753229582,0.1545905070114149,0.5460009380539039,35.62612993377688
406.9487896220001,0.0,0.7000000000000011,-0.0258570614496198,0.1544292934590485,0.5461831043362688,35.62612993377688
407.248212641,0.0,0.7000000000000011,-0.0259772332863823,0.1546569905463872,0.5459613673229448,35.62612993377688
407.448211568,0.0,0.7000000000000011,-0.0257804921295713,0.1548309557468944,0.5457782705332712,35.62612993377688
407.748133829,0.0,0.7000000000000011,-0.0256188056676976,0.1547697272356303,0.5458318180012497,35.62612993377688
407.948660353,0.1000000000000014,0.1000000000000014,-0.0254378122150846,0.1547722615144405,0.13687456069231158,31.984280279890896
408.248149069,0.1000000000000014,0.1000000000000014,-0.0264303210726973,0.1544184958017698,0.13764446509712175,31.984280279890896
408.448470164,0.1000000000000014,0.1000000000000014,-0.0265709729788928,0.1536968520213299,0.13749022917220124,31.984280279890896
408.748850315,0.1000000000000014,0.1000000000000014,-0.0266590540031575,0.1538576030116428,0.137634143159082,31.984280279890896
408.9486901190001,0.1000000000000014,0.1000000000000014,-0.0266931343211185,0.1543413811234118,0.1378554895044411,31.984280279890896
409.248512758,0.1000000000000014,0.1000000000000014,-0.0269217799169076,0.1541024930339117,0.13797180135723602,31.984280279890896
409.448341086,0.1000000000000014,0.1000000000000014,-0.0266447909387597,0.1539881170345394,0.1376721462491868,31.984280279890896
409.747358988,0.1000000000000014,0.1000000000000014,-0.0269486472020457,0.1536420349261445,0.13781664245455763,31.984280279890896
409.9487268250001,0.1000000000000014,0.1000000000000014,-0.0275519498871997,0.1534748529009508,0.1383078443646825,31.984280279890896
410.248636515,0.1000000000000014,0.1000000000000014,-0.0274797787804108,0.1536639843230978,0.13831455892758496,31.984280279890896
410.448076813,0.1000000000000014,0.1000000000000014,-0.0271524044719863,0.1540144921659175,0.1381495542046726,31.984280279890896
410.748124021,0.1000000000000014,0.1000000000000014,-0.0274044619954568,0.1541560001496248,0.13843687835457053,31.984280279890896
410.9481109510001,0.1000000000000014,0.1000000000000014,-0.026768119472446,0.1537550893201816,0.13769446518433937,31.984280279890896
411.248795777,0.1000000000000014,0.1000000000000014,-0.0266370961828378,0.1537925194456912,0.13758847799847404,31.984280279890896
411.448601263,0.1000000000000014,0.1000000000000014,-0.0272565234886536,0.1536824938854065,0.13811601254081712,31.984280279890896
411.748743404,0.1000000000000014,0.1000000000000014,-0.0268453343236337,0.1540859181977638,0.13789497955679825,31.984280279890896
411.948769364,0.1000000000000014,0.1000000000000014,-0.0266475680496592,0.1534730218895908,0.13747352677114935,31.984280279890896
412.248750825,0.1000000000000014,0.1000000000000014,-0.0266312706734676,0.1534805868104024,0.13746145597207315,31.984280279890896
412.448607014,0.1000000000000014,0.1000000000000014,-0.0266174893628967,0.153425020488615,0.13742714952574836,31.984280279890896
