timestamp_norm (s),x_uwb,y_uwb,x_odom,y_odom,rmse_xy,voxel_value
0.397564693,0.0,0.0,-0.0260185078897807,0.1505522180454964,0.15278394258307798,57.14285714285714
0.698628561,0.0,0.0,-0.0260185078676458,0.1505522180481733,0.15278394258194627,57.14285714285714
0.898401844,0.0,0.0,-0.0260185078524867,0.1505522180506924,0.15278394258184708,57.14285714285714
1.1984315,0.0,0.0,-0.0260185078290085,0.150552218054367,0.15278394258146974,57.14285714285714
1.398366832,0.0,0.0,-0.0260185078146805,0.1505522180567197,0.1527839425813481,57.14285714285714
1.6984589,0.0,0.0,-0.0260185077950342,0.1505522180597717,0.1527839425810098,57.14285714285714
1.898453959,0.0,0.0,-0.0260185077813595,0.1505522180619198,0.15278394258079778,57.14285714285714
2.1986080500000003,0.0,0.0,-0.026018507760169,0.1505522180653052,0.15278394258052508,57.14285714285714
2.3983563990000003,0.0,0.0,-0.0260185077473078,0.1505522180675121,0.15278394258050954,57.14285714285714
2.6985534010000003,0.0,0.0,-0.0260185077297904,0.1505522180701961,0.15278394258017117,57.14285714285714
2.898507184,0.0,0.0,-0.0260185077177874,0.150552218072152,0.15278394258005443,57.14285714285714
3.199067211,0.0,0.0,-0.0260185076991323,0.1505522180752285,0.15278394257990913,57.14285714285714
3.398065072,0.0,0.0,-0.0260185076878839,0.1505522180771387,0.15278394257987588,57.14285714285714
3.69826393,0.0,0.0,-0.0260185076725617,0.150552218079767,0.15278394257985645,57.14285714285714
3.898389490000001,0.0,0.0,-0.026018507662063,0.1505522180814791,0.15278394257975564,57.14285714285714
4.198472016,0.0,0.0,-0.0264322139325651,0.1509541965752391,0.15325087731250617,57.14285714285714
4.398992327,0.0,0.0,-0.0260806512145143,0.151137291865589,0.1533710577659207,57.14285714285714
4.6988865660000005,0.0,0.0,-0.0260093796925203,0.1517174088433547,0.1539306986215918,57.14285714285714
4.898625848,0.0,0.0,-0.0258419683876286,0.1518947180801751,0.1540772945985328,57.14285714285714
5.198887315,0.0,0.0,-0.0255951497672957,0.1516580020737567,0.1538026699528129,57.14285714285714
5.398387382,0.0,0.0,-0.0259099221643852,0.1512856872641446,0.15348838144155752,57.14285714285714
5.698396006,0.0,0.0,-0.0254593328384598,0.1519110340030178,0.15402967207796525,57.14285714285714
5.89837696,0.0,0.0,-0.0251874333801645,0.1522903450808622,0.15435917855809,57.14285714285714
6.197646649,0.0,0.0,-0.0258092625773649,0.1526833555680407,0.15484936261510446,57.14285714285714
6.398539042,0.0,0.0,-0.0250900200339991,0.1514470061227404,0.1535112529062539,57.14285714285714
6.698935346000001,0.0,0.0,-0.0247871491231967,0.1516837455166256,0.15369567793405262,57.14285714285714
6.899044376000001,0.0,0.0,-0.0249129351179956,0.1517520668750823,0.15378343258313917,57.14285714285714
7.1991205350000005,0.0,0.0,-0.0253976685426779,0.151987013586433,0.15409443165256265,57.14285714285714
7.398547169,0.0,0.0,-0.0253106101315901,0.1517830902710814,0.15387895722766187,57.14285714285714
7.699041701,0.0,0.0,-0.0257966492738468,0.1515697498867123,0.15374932908627076,57.14285714285714
7.89896578,0.0,0.0,-0.025724138714161,0.1509785194955251,0.15315431649694386,57.14285714285714
8.198874980000001,0.0,0.0,-0.0253111429404756,0.151013043656325,0.15311953928646832,57.14285714285714
8.397714607000001,0.0,0.0,-0.0249874222760402,0.1511730850762049,0.15322425696820535,57.14285714285714
8.699105358,0.0,0.0,-0.0255015140188685,0.1504777659904326,0.15262334446186776,57.14285714285714
8.899053316,0.0,0.0,-0.0131570852660419,0.1524027351419234,0.15296961322902386,57.14285714285714
9.198272808,0.0,0.0,0.0873955311417867,0.1559154820207593,0.17873896160971936,57.14285714285714
9.398404494,0.0,0.0,0.1873410261829946,0.1545407109345734,0.2428569361320793,57.14285714285714
9.698493774,0.0,0.0,0.327579394606063,0.1520847492303987,0.3611620560343348,57.14285714285714
9.89819701,0.0,0.0,0.4282337879051219,0.1504516345596586,0.4538941192009894,57.14285714285714
10.198359383,0.0,0.0,0.5886467632354561,0.1484596396946763,0.6070792999978274,57.14285714285714
10.399160992,0.0,0.0,0.6882394503837022,0.1448809110759013,0.7033235524697319,57.14285714285714
10.697411561,0.0,0.0,0.827644364289654,0.1284335756082046,0.8375502236188191,57.14285714285714
10.898490677,0.0,0.0,0.924840455262849,0.1042648279206693,0.9306992113632205,57.14285714285714
11.198501945,0.0,0.0,1.0751483169141332,0.0485988718202659,1.0762461399259446,57.14285714285714
11.398495299,0.0,0.0,1.163813016544732,0.0024838735060391,1.1638156671511783,57.14285714285714
11.699088364,0.0,0.0,1.279129515449626,-0.0768205980077014,1.2814342439519306,57.14285714285714
11.899145248,0.0,0.0,1.3599755089729526,-0.1354631586347378,1.3667054007186559,57.14285714285714
12.198843318000002,0.5999999999999996,0.3000000000000007,1.4937781751347932,-0.2232639136481136,1.0356855457491057,57.14285714285714
12.399231053,0.5999999999999996,0.3000000000000007,1.577809895662322,-0.2773474783549977,1.1355361301244613,57.14285714285714
12.699107597,0.5999999999999996,0.3000000000000007,1.7012806362459414,-0.3453432412322577,1.2764352466045519,57.14285714285714
12.898786263000002,0.5999999999999996,0.3000000000000007,1.7945637186020078,-0.382019087334756,1.375548077418304,57.14285714285714
13.198518241,0.5999999999999996,0.3000000000000007,1.9507352285334656,-0.417705029970527,1.529570582760518,57.14285714285714
13.398536925,1.0,0.0,2.0505623059337648,-0.4264958415477844,1.1338341419742228,57.14285714285714
13.698576204,1.0,0.0,2.1907495197522246,-0.4222463656686594,1.2633987541985883,57.14285714285714
51.899052451,0.0999999999999996,-0.3999999999999986,-0.0455717207808378,0.3567316232660183,0.7706061740875912,57.14285714285714
52.198526038,0.0999999999999996,-0.3999999999999986,-0.045587914751575,0.3566889305077906,0.7705673095030269,57.14285714285714
52.398584448,0.0999999999999996,-0.3999999999999986,-0.0455977803363462,0.356663047580659,0.7705437568450731,57.14285714285714
52.698933612000005,0.0999999999999996,-0.3999999999999986,-0.0456111385942655,0.3566277888312982,0.7705116576110032,57.14285714285714
52.898449283000005,0.0999999999999996,-0.3999999999999986,-0.0456203684342235,0.35660328668091,0.7704893413404704,57.14285714285714
53.198477407000006,0.0999999999999996,-0.3999999999999986,-0.0456346974214065,0.3565652400566816,0.770454688839679,57.14285714285714
53.398932633,0.0999999999999996,-0.3999999999999986,-0.0456433456758391,0.3565421633668889,0.7704336630051298,57.14285714285714
54.198937696,0.0999999999999996,-0.3999999999999986,-0.045675978857288,0.3564549921652404,0.7703542340947707,57.14285714285714
54.399061446000005,0.0999999999999996,-0.3999999999999986,-0.0456836514025859,0.3564344244291638,0.770335488438296,57.14285714285714
54.698971019000005,0.0999999999999996,-0.3999999999999986,-0.0456544448933348,0.3564099331603044,0.7703059160494351,57.14285714285714
54.899013107,0.0999999999999996,-0.3999999999999986,-0.0455061417186801,0.3574594964168759,0.7713085802647094,57.14285714285714
55.199032831,0.0999999999999996,-0.3999999999999986,-0.0452412222983432,0.361452572793375,0.7751806455713175,57.14285714285714
55.398739228,0.0999999999999996,-0.3999999999999986,-0.0392592837467298,0.3994396866868289,0.8114782564921779,57.14285714285714
55.697692386,0.0999999999999996,-0.3999999999999986,-0.0166745787192014,0.513282618469604,0.9207052180356081,57.14285714285714
55.898825152,0.0999999999999996,-0.3999999999999986,0.0082355626149522,0.6022959085562594,1.0064878540137525,57.14285714285714
56.198907533,0.0999999999999996,-0.3999999999999986,0.0351628314956144,0.6656160273097472,1.0675867065859668,57.14285714285714
56.398470368000005,-0.2999999999999989,-0.0999999999999996,0.0382423724265959,0.670438188269869,0.8414171999961308,57.14285714285714
56.698518571,-0.2999999999999989,-0.0999999999999996,0.067251924470399,0.7109573899689923,0.8902392174986061,57.14285714285714
56.899087357000006,-0.2999999999999989,-0.0999999999999996,0.12314485251179,0.771341269112471,0.9686522458889747,57.14285714285714
57.198459015000005,-0.2999999999999989,-0.0999999999999996,0.2486491094478679,0.8725121523586934,1.116600076922474,57.14285714285714
57.398433319000006,-0.2999999999999989,-0.0999999999999996,0.3324760883365985,0.927456420740846,1.2065209069216967,57.14285714285714
57.698447966,-0.2999999999999989,-0.0999999999999996,0.455922749721639,0.9934416757357666,1.3292982741967891,57.14285714285714
57.89848442700001,-0.2999999999999989,-0.0999999999999996,0.5486103245632425,1.0317128000189684,1.4145364416239345,57.14285714285714
58.198581068,0.0999999999999996,0.4000000000000003,0.697083492849913,1.0904654377733582,0.9128259517528011,57.14285714285714
58.398550483,0.0999999999999996,0.4000000000000003,0.7887470128298614,1.13040426026883,1.003923717769888,57.14285714285714
58.698454019,0.0999999999999996,0.4000000000000003,0.9153279527078708,1.1919408657817618,1.1366309890909956,57.14285714285714
58.898474192,0.0999999999999996,0.4000000000000003,1.005644364468504,1.2352110243279333,1.2319777473852669,57.14285714285714
59.198490509,0.0999999999999996,0.4000000000000003,1.1494394503002046,1.3050640611967022,1.3858081089083956,57.14285714285714
59.3984813,0.5999999999999996,0.9000000000000004,1.2395067043066703,1.349608466635903,0.7817394694678446,57.14285714285714
59.698430136000006,0.5999999999999996,0.9000000000000004,1.36377187444543,1.4138301972820089,0.9205264514574004,57.14285714285714
59.899101162,0.5999999999999996,0.9000000000000004,1.4491067552664492,1.4660689145006385,1.0204980635959329,57.14285714285714
60.199091001000006,0.5999999999999996,0.9000000000000004,1.5742986450805885,1.5657192575574164,1.1800169404244452,57.14285714285714
60.39906078400001,0.8000000000000007,1.3000000000000007,1.6439078240755465,1.6378170406480663,0.9090108736908151,57.14285714285714
60.699082291,0.8000000000000007,1.3000000000000007,1.7284287750178104,1.7491318261920754,1.0313580307437853,57.14285714285714
60.898624025,0.8000000000000007,1.3000000000000007,1.777995222852007,1.835607005333086,1.1150558372042276,57.14285714285714
61.198587877,0.8000000000000007,1.3000000000000007,1.8392600239182533,1.983009775405804,1.2436091631274082,57.14285714285714
61.399096014,0.8000000000000007,1.3000000000000007,1.8718446288700008,2.0775098327908617,1.3241497077460467,57.14285714285714
61.69849961800001,1.5,1.6000000000000014,1.9178726145648184,2.209776734446167,0.7392193097282207,57.14285714285714
61.897468235000005,1.5,1.6000000000000014,1.9510706099526576,2.3040365749735674,0.8361412524589205,57.14285714285714
62.198431887000005,1.5,1.6000000000000014,2.012979399472618,2.4516519563808603,0.9942127132010696,57.14285714285714
62.398424126,1.5,1.6000000000000014,2.0545820430678416,2.542754417710156,1.093776546925977,57.14285714285714
62.698317622000005,1.5,1.6000000000000014,2.1154829007329745,2.668529275964416,1.2331155723157958,57.14285714285714
62.898630100000005,1.8000000000000007,2.0,2.165978836492635,2.7546748888362407,0.8387339844077469,42.857142857142854
63.198267079,1.8000000000000007,2.0,2.257506028377062,2.885982137647989,0.9971339499950105,42.857142857142854
63.39894214900001,1.8000000000000007,2.0,2.3155036563652254,2.967302187082889,1.0960919399672893,42.857142857142854
63.699123487,1.8000000000000007,2.0,2.396348205494331,3.0816633223864804,1.2351626310702843,42.857142857142854
63.898113755,1.700000000000001,2.700000000000001,2.456535297309254,3.161069861620751,0.8859633589318335,42.857142857142854
64.198536049,1.700000000000001,2.700000000000001,2.5656146804126694,3.277996113230552,1.040849788324689,42.857142857142854
64.399063303,1.700000000000001,2.700000000000001,2.6418459259154075,3.342012063598384,1.13984790124354,42.857142857142854
64.699155739,1.700000000000001,2.700000000000001,2.7337950461718727,3.399846919912889,1.248406147373946,42.857142857142854
64.898919445,1.700000000000001,2.700000000000001,2.762111790160992,3.4121305756490954,1.2787538510492533,42.857142857142854
65.19927796200001,2.3000000000000007,2.9000000000000004,2.777331075229443,3.416333997577135,0.7031683670598954,42.857142857142854
65.398909689,2.3000000000000007,2.9000000000000004,2.828595847923706,3.4263399461592803,0.7459539592797497,42.857142857142854
65.69895399900001,2.3000000000000007,2.9000000000000004,2.959628682138876,3.4341886740640097,0.8488035920037885,42.857142857142854
65.89856081100001,2.3000000000000007,2.9000000000000004,3.06000562243328,3.427239913352794,0.9249813362238491,42.857142857142854
66.198195854,2.3000000000000007,2.9000000000000004,3.217146477627987,3.394294542140199,1.0418659970528892,42.857142857142854
66.399018087,2.3000000000000007,2.9000000000000004,3.3135242429650065,3.368585578765086,1.116603705754373,42.857142857142854
66.698553835,2.3000000000000007,2.9000000000000004,3.448916437938641,3.33239299212749,1.2275881561039015,42.857142857142854
66.89916234,2.3000000000000007,2.9000000000000004,3.5455726365252893,3.3066202252170456,1.3102637903934151,42.857142857142854
67.199200745,2.3000000000000007,2.9000000000000004,3.699062541558224,3.26537573246125,1.445985968487575,42.857142857142854
67.39893848700001,3.0,3.0,3.797707735535215,3.244759535666514,0.8344128843878239,42.857142857142854
67.698487791,3.0,3.0,3.922776599175918,3.233615897504254,0.9518891949977114,42.857142857142854
67.898458266,3.0,3.0,3.9697082374578097,3.234429669042264,0.9976428897760947,42.857142857142854
68.198362036,3.0,3.0,3.9899741141276817,3.2371100757335767,1.0179734449666507,42.857142857142854
68.398496588,3.0,3.0,4.030668813588258,3.250588434147585,1.060694473744426,42.857142857142854
68.698460059,3.0,3.0,4.1433966551015855,3.301967576958301,1.1825989719391614,42.857142857142854
68.898517053,3.5,2.9000000000000004,4.2338250553493975,3.3474363798925224,0.8594757273535254,42.857142857142854
69.19864733700001,3.5,2.9000000000000004,4.377125492245891,3.415917931227756,1.0176052480750692,42.857142857142854
69.398488059,3.5,2.9000000000000004,4.459283094223541,3.452676679843961,1.1071023291938442,42.857142857142854
69.698436236,3.5,2.9000000000000004,4.518966120581093,3.478663830598102,1.171812179376265,42.857142857142854
69.89862999500001,3.5,2.9000000000000004,4.524106557991376,3.480269757209685,1.1770757126256284,42.857142857142854
70.198551381,3.5,2.9000000000000004,4.5241338589894085,3.480134743656602,1.1770329145465934,42.857142857142854
70.399112407,4.0,3.0,4.524095287847112,3.4801468457276106,0.7107860889224841,42.857142857142854
70.699138137,4.0,3.0,4.524026545479767,3.480199083432811,0.7107706944557931,42.857142857142854
70.8984903,4.0,3.0,4.523976250720262,3.480240960658158,0.7107619092303225,42.857142857142854
71.199175882,4.0,3.0,4.523902674003962,3.4802960377385634,0.7107448879139863,42.857142857142854
71.398316014,4.0,3.0,4.523861751012348,3.4803212690093086,0.7107317747479962,42.857142857142854
71.698491307,4.0,3.0,4.523809086524606,3.480348951002492,0.7107116671723751,42.857142857142854
71.898507752,4.0,3.0,4.523774156014204,3.480364439664207,0.7106963918596316,42.857142857142854
72.198387955,4.0,3.0,4.52372194881447,3.480384070919172,0.7106711864589009,42.857142857142854
72.397321612,4.0,3.0,4.523691171591232,3.480394048556107,0.7106552505193533,42.857142857142854
72.699091292,4.0,3.0,4.523650454991027,3.480404953522649,0.7106326184333281,42.857142857142854
72.898439724,4.0,3.0,4.523622587114428,3.4804116038764565,0.7106165793700256,42.857142857142854
73.198437891,4.0,3.0,4.523579965092277,3.4804205126243093,0.7105911966779733,42.857142857142854
73.398402321,4.0,3.0,4.523554563135688,3.4804249231053754,0.7105754620876006,42.857142857142854
73.698492124,4.0,3.0,4.523520303521397,3.480430201411353,0.7105537886939234,42.857142857142854
73.899011822,4.0,3.0,4.523496588961542,3.480433674251615,0.7105386646828425,42.857142857142854
74.197952457,4.0,3.0,4.523459895771529,3.4804387873326257,0.7105150884075466,42.857142857142854
74.39912637100001,4.0,3.0,4.523437653573456,3.480441839966149,0.7105007661984216,42.857142857142854
74.699039891,4.0,3.0,4.523407321441874,3.4804461206321067,0.7104813150037077,42.857142857142854
74.89892051300001,4.0,3.0,4.5233862355352175,3.4804491122185355,0.7104678043228314,42.857142857142854
75.19853607200001,4.0,3.0,4.524438357239441,3.4807353267278858,0.7114366063875054,42.857142857142854
75.39885924500001,4.0,3.0,4.524796239016156,3.480682557057024,0.7116648179756963,42.857142857142854
75.698545038,4.0,3.0,4.524730010250623,3.4804191440087378,0.7114380771280854,42.857142857142854
75.89915912500001,4.0,3.0,4.524201437112728,3.480600787590044,0.7111710509457061,42.857142857142854
76.198371103,4.0,3.0,4.524077152709408,3.481112633572326,0.7114254902482054,42.857142857142854
76.398521331,4.0,3.0,4.524341264584774,3.4809296751693286,0.7114963908586158,42.857142857142854
76.699202067,4.0,3.0,4.5245460130944455,3.4806004162453426,0.7114248238208128,42.857142857142854
76.89886969300001,4.0,3.0,4.524403190192356,3.4805399686501293,0.7112786847320726,42.857142857142854
77.198525253,4.0,3.0,4.524632067288998,3.480533103421064,0.7114428083208142,42.857142857142854
77.398389229,4.0,3.0,4.524388175272966,3.4804184261002225,0.7111855049863754,42.857142857142854
77.698464223,4.0,3.0,4.524639507636207,3.4805236979027394,0.711441942268577,42.857142857142854
77.89853245900001,4.0,3.0,4.524663723417087,3.4804855695406496,0.7114340483886638,42.857142857142854
78.198472689,4.0,3.0,4.524530689374078,3.480602285252357,0.7114147880702465,42.857142857142854
78.39850707400001,4.0,3.0,4.525112993536657,3.480801606778237,0.7119788206551962,42.857142857142854
78.698456323,4.0,3.0,4.527435481191626,3.4737374133822847,0.7089536823079344,42.857142857142854
78.898485452,4.0,3.0,4.535723700133701,3.433659813393619,0.6892464846754986,42.857142857142854
79.198463977,4.0,3.0,4.551867408039718,3.292906027591317,0.624781223354065,42.857142857142854
79.399024525,4.0,3.0,4.554133750866652,3.191674472773752,0.5863474374145762,42.857142857142854
79.69895583,4.0,3.0,4.540262202269771,3.052337358063343,0.5427913468824217,42.857142857142854
79.89863710600001,4.0,3.0,4.51874395514972,2.954921902152704,0.5206988821861489,42.857142857142854
80.198341556,4.0,3.0,4.465412745003476,2.8046161027651944,0.5047612212822337,42.857142857142854
80.39766137800001,4.0,3.0,4.419721249393482,2.7163375535814738,0.506586923144063,42.857142857142854
80.6991546,4.0,3.0,4.342524349820018,2.6002467228436186,0.526427215118,42.857142857142854
80.89846029600001,4.0,3.0,4.277433663496427,2.5241182609480246,0.5508474082758138,42.857142857142854
81.198500748,4.0,3.0,4.161873801220048,2.414161417289789,0.6077910599156064,42.857142857142854
81.39894032100001,4.0,3.0,4.082440695755324,2.353229883025948,0.6520031077588898,42.857142857142854
81.698394744,4.1,2.3000000000000007,3.961923528749515,2.280871787336718,0.13939512341785026,42.857142857142854
81.898416653,4.1,2.3000000000000007,3.876135929552333,2.229303851360996,0.23476172488245625,42.857142857142854
82.198387861,4.1,2.3000000000000007,3.739923922582596,2.144764769628584,0.3921131957442529,42.857142857142854
82.39825795200001,4.1,2.3000000000000007,3.6506008094138345,2.0994319980938374,0.49212514250760564,42.857142857142854
82.69918513900001,4.1,2.3000000000000007,3.5219912679073087,2.0428139128744616,0.6326442742855938,42.857142857142854
82.89903113400001,3.5,1.9000000000000004,3.4261448425958725,2.0142627296450257,0.13605350293586935,42.857142857142854
83.19865604900001,3.5,1.9000000000000004,3.2674922360663308,1.98851504308216,0.24878660161124322,42.857142857142854
83.398997307,3.5,1.9000000000000004,3.168600221368869,1.9760587404020733,0.34001580149797817,42.857142857142854
83.69844994500001,3.5,1.9000000000000004,3.0300968082526807,1.9577603707052065,0.4734398272624735,42.857142857142854
83.898501783,3.5,1.9000000000000004,2.932221422644285,1.9366371471788373,0.5689593952625119,42.857142857142854
84.198959314,3.5,1.9000000000000004,2.7789467641702426,1.892208092246661,0.7210953353940105,42.857142857142854
84.398544224,3.5,1.9000000000000004,2.684258466145657,1.8599870891759485,0.816722280268911,42.857142857142854
84.697570247,2.700000000000001,1.700000000000001,2.5537836326010286,1.808940108691817,0.18233807440338948,42.857142857142854
84.898490354,2.700000000000001,1.700000000000001,2.4604686843324552,1.7730760466596496,0.2504303491608567,42.857142857142854
85.19850972200001,2.700000000000001,1.700000000000001,2.311679936892892,1.7143218139288694,0.38858407811659285,42.857142857142854
85.398317117,2.700000000000001,1.700000000000001,2.2192955889332704,1.677084622641163,0.48125029385810286,42.857142857142854
85.69909302800001,2.700000000000001,1.700000000000001,2.095093653786079,1.6128025722376904,0.6111588002297281,42.857142857142854
85.899131663,2.0,1.4000000000000004,2.0132375871664525,1.5558442499078078,0.15640544729425687,42.857142857142854
86.198788594,2.0,1.4000000000000004,1.891957622631785,1.4523101237752825,0.12003959495416973,42.857142857142854
86.398414816,2.0,1.4000000000000004,1.8165900907306631,1.386596440475543,0.18389902181934534,42.857142857142854
86.698435993,2.0,1.4000000000000004,1.709959038126648,1.29646993515119,0.3079646633820479,42.857142857142854
86.89844213800001,2.0,1.4000000000000004,1.6338283023509257,1.2309629477392798,0.4033053894956013,42.857142857142854
87.198472785,1.4000000000000004,1.1000000000000014,1.5191288877512783,1.1190809500570318,0.1206473147315574,57.14285714285714
87.39878219,1.4000000000000004,1.1000000000000014,1.4518230051895842,1.0457640238922727,0.07501443175308167,57.14285714285714
87.69901789400001,1.4000000000000004,1.1000000000000014,1.356858037072222,0.9424409458257638,0.16335876014937842,57.14285714285714
87.89848572700001,1.4000000000000004,1.1000000000000014,1.2891140023679497,0.8688217562772145,0.25639634326879046,57.14285714285714
88.19841761900001,1.4000000000000004,1.1000000000000014,1.1809542537438755,0.7507576628401248,0.41225143907304385,57.14285714285714
88.39912138300001,1.4000000000000004,1.1000000000000014,1.1131092930659316,0.6766017743515018,0.5114414289118818,57.14285714285714
88.69909273200001,0.8000000000000007,0.6000000000000014,1.018647292266964,0.5732293794190343,0.22028005933802766,57.14285714285714
88.898427391,0.8000000000000007,0.6000000000000014,0.9504221167851126,0.5001154386195331,0.18056505426101244,57.14285714285714
89.19910210600001,0.8000000000000007,0.6000000000000014,0.8371337856711959,0.3870278538265014,0.2161852286443755,57.14285714285714
89.398932704,0.8000000000000007,0.6000000000000014,0.7589542573516715,0.3240001932436258,0.279035206235897,57.14285714285714
89.69845222100001,0.8000000000000007,0.6000000000000014,0.6419920982157503,0.2472831265530896,0.3864915132838315,57.14285714285714
89.89853782600001,0.4000000000000003,0.3000000000000007,0.5559164282570204,0.2045036206896279,0.1828373349778898,57.14285714285714
90.198245677,0.4000000000000003,0.3000000000000007,0.4768393639465701,0.1761917681032188,0.14571467371929547,57.14285714285714
90.398500248,0.4000000000000003,0.3000000000000007,0.4509970458957632,0.1714051473270224,0.1383377563215464,57.14285714285714
90.697505756,0.4000000000000003,0.3000000000000007,0.3523208802602336,0.1625201090105754,0.145512950920608,57.14285714285714
90.898009503,0.4000000000000003,0.3000000000000007,0.2517398921010729,0.1601228588943264,0.203830012996365,57.14285714285714
91.198475818,0.0999999999999996,-0.0999999999999996,0.1230242797282252,0.1673731290800632,0.26836264198108406,57.14285714285714
91.398364365,0.0999999999999996,-0.0999999999999996,0.0937212226496376,0.1725927492123512,0.272665050874077,57.14285714285714
91.698400927,0.0999999999999996,-0.0999999999999996,0.0906409360879397,0.17466570347298,0.27482510937251853,57.14285714285714
91.89853775,0.0999999999999996,-0.0999999999999996,0.0913454572897139,0.1748728952498474,0.2750091083083568,57.14285714285714
94.398474262,0.0999999999999996,-0.0999999999999996,0.0926298581003414,0.174469567892835,0.2745685027291012,57.14285714285714
94.699035299,0.0999999999999996,-0.0999999999999996,0.0924661851174903,0.1742145189063542,0.27431799201971235,57.14285714285714
94.899010225,0.0999999999999996,-0.0999999999999996,0.0922348136798633,0.1740342138943992,0.27414421114316373,57.14285714285714
95.198100698,0.0999999999999996,-0.0999999999999996,0.0922508690458925,0.1738888735000902,0.27399847455358595,57.14285714285714
95.398567203,0.0999999999999996,-0.0999999999999996,0.0922389875116925,0.1738315125251627,0.273941472885472,57.14285714285714
95.699010409,0.0999999999999996,-0.0999999999999996,0.0922227914431459,0.1737534583552958,0.2738639095142353,57.14285714285714
95.899052707,0.0999999999999996,-0.0999999999999996,0.0922115205923044,0.1736992346719379,0.27381002806962423,57.14285714285714
96.198823913,0.0999999999999996,-0.0999999999999996,0.0921940237395836,0.1736150498705073,0.27372637574961267,57.14285714285714
96.399039968,0.0999999999999996,-0.0999999999999996,0.0921834033002705,0.1735639851049217,0.27367563488635926,57.14285714285714
96.699219001,0.0999999999999996,-0.0999999999999996,0.0921689170223751,0.1734943983171302,0.2736064907334095,57.14285714285714
96.898562842,0.0999999999999996,-0.0999999999999996,0.0921588574526287,0.1734461731203946,0.27355857345482115,57.14285714285714
97.198980305,0.0999999999999996,-0.0999999999999996,0.0921432171937117,0.1733711585751499,0.2734840386142941,57.14285714285714
97.39902216,0.0999999999999996,-0.0999999999999996,0.0921337329497286,0.1733256793825969,0.27343885087394604,57.14285714285714
97.698772377,0.0999999999999996,-0.0999999999999996,0.0921208216443128,0.1732637418403757,0.2733773107925455,57.14285714285714
97.898698049,0.0999999999999996,-0.0999999999999996,0.0921118515816809,0.1732207229069382,0.2733345684527647,57.14285714285714
98.198111246,0.0999999999999996,-0.0999999999999996,0.0920979189394516,0.1731539010899813,0.2732681770088909,57.14285714285714
98.398946919,0.0999999999999996,-0.0999999999999996,0.0920894694991997,0.1731133680255107,0.2732279053959202,57.14285714285714
98.698340525,0.0999999999999996,-0.0999999999999996,0.0920779707648819,0.1730581865042937,0.2731730802334218,57.14285714285714
98.898003107,0.0999999999999996,-0.0999999999999996,0.0920699804667067,0.1730198378753362,0.27313497960399186,57.14285714285714
99.198762671,0.0999999999999996,-0.0999999999999996,0.0920575664593177,0.172960300856494,0.2730758284693386,57.14285714285714
99.399230087,0.0999999999999996,-0.0999999999999996,0.0920500362744825,0.1729241943379168,0.27303995637678713,57.14285714285714
99.699239456,0.0999999999999996,-0.0999999999999996,0.0921391946621162,0.1743299985333167,0.2744425993825474,57.14285714285714
99.899198473,0.0999999999999996,-0.0999999999999996,0.0926135188791177,0.2000557133392258,0.30014661619092187,57.14285714285714
100.198177733,0.0999999999999996,-0.0999999999999996,0.0911257067833169,0.3257074785237282,0.4257999651845052,57.14285714285714
100.398656321,0.0999999999999996,-0.0999999999999996,0.091528726215692,0.4266795692315943,0.5267476920931937,57.14285714285714
100.698956385,0.0999999999999996,-0.0999999999999996,0.0930107853401597,0.5674120991488787,0.6674486940670973,57.14285714285714
100.899084597,0.0999999999999996,-0.0999999999999996,0.0927409072427276,0.6673316110195932,0.7673659464020945,57.14285714285714
101.199010887,0.0999999999999996,-0.0999999999999996,0.0912578290365893,0.8269636153483672,0.9270048380309934,57.14285714285714
101.399072712,0.0999999999999996,-0.0999999999999996,0.088529033203647,0.9269545558887085,1.02701861859453,57.14285714285714
101.699137574,0.0999999999999996,-0.0999999999999996,0.0849207165061904,1.0669408453229796,1.1670382689842678,57.14285714285714
101.898061979,0.0,0.4000000000000003,0.0826476357777234,1.167187193575902,0.7716260892987712,57.14285714285714
102.198073049,0.0,0.4000000000000003,0.0779175058526671,1.3272762845022386,0.9305441663449275,57.14285714285714
102.398464318,0.0,0.4000000000000003,0.0757446875039028,1.4269126751095378,1.02970233562214,57.14285714285714
102.698161528,0.0,0.4000000000000003,0.0710960590159447,1.5671016998079594,1.1692651655215878,57.14285714285714
102.898432489,0.0,0.4000000000000003,0.0682143917963471,1.6671793320834285,1.269014051501223,57.14285714285714
103.198131246,0.0,1.200000000000001,0.063603272091601,1.8267190017245287,0.6299381583483784,57.14285714285714
103.398435748,0.0,1.200000000000001,0.0602538333817832,1.926670505425206,0.7291642804554557,57.14285714285714
103.698173372,0.0,1.200000000000001,0.0555179347358895,2.066424879761225,0.8682017699513112,57.14285714285714
103.898193422,0.0,1.200000000000001,0.0518633562224554,2.1667805670471907,0.9681706835774067,57.14285714285714
104.198015779,-0.1999999999999993,1.700000000000001,0.0470941170761749,2.326624325836521,0.6735826218243218,57.14285714285714
104.398237926,-0.1999999999999993,1.700000000000001,0.0434548663155389,2.4266360488160634,0.7663355788241438,57.14285714285714
104.698267129,-0.1999999999999993,1.700000000000001,0.0381715263664224,2.5664936321393106,0.8986305639748094,57.14285714285714
104.898598264,-0.1999999999999993,1.700000000000001,0.0349188010452391,2.6663381854214574,0.9944829469066653,57.14285714285714
105.198309879,-0.1999999999999993,1.700000000000001,0.0272878684121215,2.8257009125621857,1.1484173107675888,57.14285714285714
105.398723678,-0.1999999999999993,1.700000000000001,0.0218104449613629,2.925551543651339,1.245462347740844,57.14285714285714
105.698104548,-0.1999999999999993,1.700000000000001,0.0149119281504846,3.0657898803507404,1.3825950723656748,57.14285714285714
105.898159485,-0.1999999999999993,2.5,0.0088933650589308,3.165321878487084,0.6973447066976458,57.14285714285714
106.198283663,-0.1999999999999993,2.5,-0.0005130285922329,3.324654622559618,0.8484399202479742,57.14285714285714
106.398438307,-0.1999999999999993,2.5,-0.0070595255522187,3.4249278449628853,0.944837311428704,57.14285714285714
106.698170257,-0.1999999999999993,2.5,-0.0162303174089425,3.564772893042212,1.0805149744437137,57.14285714285714
106.898626305,-0.1999999999999993,2.5,-0.0225525190956905,3.6647846100498014,1.1782235765287303,57.14285714285714
107.198305771,0.0999999999999996,3.200000000000001,-0.0330177716259893,3.824573704428885,0.6385812711255808,57.14285714285714
107.398908051,0.0999999999999996,3.200000000000001,-0.0390478406034069,3.924563410224751,0.7377848178249466,57.14285714285714
107.697712174,0.0999999999999996,3.200000000000001,-0.0476803816963746,4.064734027960237,0.8772539166343581,57.14285714285714
107.898409749,0.0999999999999996,3.200000000000001,-0.05291001568136,4.163810109857762,0.9758644376959857,57.14285714285714
108.197761501,0.0999999999999996,3.200000000000001,-0.0607369532130144,4.324438939957433,1.1358694017451103,57.14285714285714
108.398465798,0.0999999999999996,3.8000000000000007,-0.0659171494475864,4.424329062642706,0.6459994419046599,57.14285714285714
108.698143848,0.0999999999999996,3.8000000000000007,-0.0728018375282476,4.563659047793823,0.7829659100692095,57.14285714285714
108.898386834,0.0999999999999996,3.8000000000000007,-0.0781276592233871,4.66371027512691,0.881887125623344,57.14285714285714
109.197680323,0.0999999999999996,3.8000000000000007,-0.0863688910775865,4.823726307298953,1.0405522167663852,57.14285714285714
109.397455514,0.0999999999999996,4.5,-0.091708195267591,4.9231782234906,0.46457705600838395,57.14285714285714
109.697657534,0.0999999999999996,4.5,-0.0993739625355357,5.062168153555207,0.5964754896965946,57.14285714285714
109.898497497,0.0999999999999996,4.5,-0.105025910134461,5.161611428469216,0.6926509265911227,57.14285714285714
110.197727715,0.0999999999999996,4.5,-0.1107899544065684,5.267621969401469,0.7960376202080612,57.14285714285714
110.398493012,0.0999999999999996,4.5,-0.1116312484862559,5.283101072945259,0.8111936117745671,57.14285714285714
110.698987739,0.0,5.100000000000001,-0.1119505278231388,5.283313350657196,0.21479456512921147,57.14285714285714
110.898542951,0.0,5.100000000000001,-0.1120650697772085,5.283278823652706,0.21482482878775874,57.14285714285714
111.198413293,0.0,5.100000000000001,-0.1121718370414366,5.283229052466311,0.21483809413824206,57.14285714285714
111.398389194,0.0,5.100000000000001,-0.1122136299570081,5.28320009906165,0.21483522766140176,57.14285714285714
111.698905101,0.0,5.100000000000001,-0.1122515035078103,5.283161705008029,0.21482227589617311,57.14285714285714
111.898486398,0.0,5.100000000000001,-0.1122685915304114,5.283135531139837,0.2148088904354099,57.14285714285714
112.198434883,0.0,5.100000000000001,-0.1122873871664213,5.283095296658286,0.21478441511210017,57.14285714285714
112.399104118,0.0,5.100000000000001,-0.1122959501565758,5.283071051418354,0.21476822457940356,57.14285714285714
112.699238053,0.0,5.100000000000001,-0.112305782121734,5.28303813643801,0.21474530981763795,57.14285714285714
112.899156451,0.0,5.100000000000001,-0.1123112853373621,5.283015335720377,0.2147287542993998,57.14285714285714
113.198606889,0.0,5.100000000000001,-0.1123187250679282,5.282979988140007,0.2147025199214055,57.14285714285714
113.399213639,-0.4000000000000003,5.4,-0.1123227116813912,5.282958589942142,0.31057513403793274,57.14285714285714
113.698498443,-0.4000000000000003,5.4,-0.1123270026272561,5.282929490233852,0.3105821271005863,57.14285714285714
113.898534072,-0.4000000000000003,5.4,-0.1123297441093483,5.28290929331817,0.31058720146754865,57.14285714285714
114.198553039,-0.4000000000000003,5.4,-0.112333584261731,5.282877957692691,0.3105954596222196,57.14285714285714
114.398848998,-0.4000000000000003,5.4,-0.1123356773664265,5.282858958256827,0.3106006860535062,57.14285714285714
114.699161483,-0.4000000000000003,5.4,-0.1123384967539659,5.282833095288948,0.31060782992277736,57.14285714285714
114.89905366,-0.4000000000000003,5.4,-0.1123406983617505,5.282815104861681,0.3106125777678432,57.14285714285714
115.198786868,-0.4000000000000003,5.4,-0.1126471150531733,5.284428442123466,0.3097232078441548,57.14285714285714
115.397629986,-0.4000000000000003,5.4,-0.1126692523272929,5.2844061941468095,0.3097109725369481,57.14285714285714
115.699036707,-0.4000000000000003,5.4,-0.1127353025279054,5.284444876888448,0.3096352578293698,57.14285714285714
115.898528841,-0.4000000000000003,5.4,-0.1129105557513462,5.284162029964611,0.30957839766514866,57.14285714285714
116.198567474,-0.4000000000000003,5.4,-0.113181843302217,5.284493433817767,0.30920288136226165,57.14285714285714
116.398290682,-0.4000000000000003,5.4,-0.1133174032764509,5.284809177653679,0.3089592801923563,57.14285714285714
116.698619082,-0.4000000000000003,5.4,-0.1132439990625871,5.284518130895513,0.3091359994654191,57.14285714285714
116.899008612,0.0,5.700000000000001,-0.1134953100016613,5.28360561054338,0.4315848386624876,42.857142857142854
117.198821433,0.0,5.700000000000001,-0.1143297708864809,5.283965281677894,0.4314582058094508,42.857142857142854
117.398276098,0.0,5.700000000000001,-0.1139115271851039,5.284746518596383,0.4305941126437608,42.857142857142854
117.699091538,0.0,5.700000000000001,-0.1137093842486638,5.284653622550567,0.4306302791567006,42.857142857142854
117.899099648,0.0,5.700000000000001,-0.1141950705176319,5.283925498240461,0.43146089642628815,42.857142857142854
118.198368761,0.0,5.700000000000001,-0.1139972646402773,5.2850947395675725,0.43028101454743134,42.857142857142854
118.398491368,0.0,5.700000000000001,-0.1114843985354938,5.286202506382865,0.42855237350952186,42.857142857142854
118.698495627,0.0,5.700000000000001,-0.0494572024143345,5.297794211995626,0.40523513023289665,42.857142857142854
118.898441761,0.0,5.700000000000001,0.0398376366755289,5.309804575796552,0.3922237962760555,42.857142857142854
119.198471528,0.0,5.700000000000001,0.199856106001321,5.328896006328759,0.42149808685776546,42.857142857142854
119.399043861,0.0,5.700000000000001,0.299382534272624,5.340477770924,0.4678526851769426,42.857142857142854
119.697428278,0.0,5.700000000000001,0.4393235800357529,5.354404553375089,0.5589645970035163,42.857142857142854
119.899169363,0.0,5.700000000000001,0.5382817848967569,5.364558899733804,0.6342460182763748,42.857142857142854
120.198404354,0.0,5.700000000000001,0.6977267201082987,5.379879625407882,0.7676585374905193,42.857142857142854
120.398679922,0.0,5.700000000000001,0.7973901600325938,5.389668274346893,0.8556499560355516,42.857142857142854
120.698953387,0.0,5.700000000000001,0.9362335831151132,5.4035166060051685,0.982056884842858,42.857142857142854
120.899051382,0.5999999999999996,5.200000000000001,1.0360730854984244,5.413115120993383,0.4853635654765818,42.857142857142854
121.198301578,0.5999999999999996,5.200000000000001,1.1956262093174883,5.429446854334891,0.6382918142903738,42.857142857142854
121.398381039,0.5999999999999996,5.200000000000001,1.295064267499997,5.439515118404644,0.73517469209685,42.857142857142854
121.698248693,1.3000000000000007,5.300000000000001,1.4345395347389576,5.454216245959083,0.20465467726266887,42.857142857142854
121.8990907,1.3000000000000007,5.300000000000001,1.5336347870546578,5.464520662056469,0.2857485992364153,42.857142857142854
122.199124058,1.3000000000000007,5.300000000000001,1.6930529590421273,5.480547137956313,0.4325365853150311,42.857142857142854
122.39832166,1.3000000000000007,5.300000000000001,1.7925564052569465,5.491201424049821,0.5283652116844219,42.857142857142854
122.698585459,1.3000000000000007,5.300000000000001,1.931962414016765,5.505741403435065,0.6646096732799834,42.857142857142854
122.898501036,1.3000000000000007,5.300000000000001,2.031579642853616,5.516092028619933,0.7628266766906494,42.857142857142854
123.19855577,1.9000000000000004,5.5,2.191183181270244,5.5322781488629165,0.2929667625323324,42.857142857142854
123.398349345,1.9000000000000004,5.5,2.290594621078571,5.543390747723582,0.39299734732377467,42.857142857142854
123.698632897,1.9000000000000004,5.5,2.4297939013307595,5.558724014661795,0.5330385424950665,42.857142857142854
123.898449891,2.4000000000000004,5.200000000000001,2.529133349285777,5.569135912421397,0.3910712770543742,42.857142857142854
124.198399002,2.4000000000000004,5.200000000000001,2.6882626549372057,5.5866700513753385,0.48229564259077895,42.857142857142854
124.398487386,2.4000000000000004,5.200000000000001,2.78781050183154,5.5976835090585775,0.5554720143337318,42.857142857142854
124.698511362,2.4000000000000004,5.200000000000001,2.92699879433845,5.613527345646665,0.6698750591205457,42.857142857142854
124.89846106,2.4000000000000004,5.200000000000001,3.02633165786706,5.624848719560515,0.7568274441104179,42.857142857142854
125.198353729,2.4000000000000004,5.200000000000001,3.18529383067558,5.643371353252132,0.9018118192737061,42.857142857142854
125.398074291,2.4000000000000004,5.200000000000001,3.284901773786092,5.654690354325014,0.9948841478111798,42.857142857142854
125.697833818,3.0,5.100000000000001,3.4245680433205776,5.668223458207708,0.7093207468181011,42.857142857142854
125.898711862,3.0,5.100000000000001,3.5241793909291004,5.676308476420324,0.7790349760240013,42.857142857142854
126.198365595,3.0,5.100000000000001,3.669788818241681,5.685076050812041,0.8893430419559151,42.857142857142854
126.398481458,3.0,5.100000000000001,3.716253667976765,5.686614416359873,0.9258162832719045,42.857142857142854
126.699082674,3.0,5.100000000000001,3.727260616618001,5.686194902377866,0.9340944642044451,42.857142857142854
126.898488844,3.0,5.100000000000001,3.746205486141295,5.687338910312294,0.9496260438268309,42.857142857142854
127.198515287,3.0,5.100000000000001,3.766304150860616,5.687219776979993,0.9654269097671976,42.857142857142854
127.39848348,3.0,5.100000000000001,3.766275669832426,5.687307563006093,0.9654577027199519,42.857142857142854
127.69846433,3.0,5.100000000000001,3.766215238502451,5.68744100129162,0.9654909226460222,42.857142857142854
127.898183656,3.5,5.200000000000001,3.766173767538383,5.687526762035701,0.5554555051726388,42.857142857142854
128.199056456,3.5,5.200000000000001,3.766110621118653,5.68764163187786,0.555526078427158,42.857142857142854
128.398508571,3.5,5.200000000000001,3.766073029263472,5.6877013307737805,0.5555604782019289,42.857142857142854
128.698519302,3.5,5.200000000000001,3.766022690643212,5.687770478685181,0.5555970768586022,42.857142857142854
128.898473403,3.5,5.200000000000001,3.765988129570706,5.687812659420146,0.5556175625041716,42.857142857142854
129.198515155,3.5,5.200000000000001,3.765934930377589,5.687871657956437,0.5556438984026504,42.857142857142854
129.398355966,3.5,5.200000000000001,3.765903023198097,5.687902285392491,0.5556555208374183,42.857142857142854
129.699018209,3.5,5.200000000000001,3.7658597952584185,5.687940724113111,0.5556685891634278,42.857142857142854
129.899095354,3.5,5.200000000000001,3.7658298682341007,5.6879661788431815,0.5556766240721073,42.857142857142854
130.198381243,3.5,5.200000000000001,3.765783561322965,5.688003110709677,0.5556869060287803,42.857142857142854
130.39906747400002,3.5,5.200000000000001,3.7657555424728737,5.688024510545917,0.5556922990726363,42.857142857142854
130.698521199,3.5,5.200000000000001,3.765717445792384,5.688053049374655,0.5556991452236781,42.857142857142854
130.899034373,3.5,5.200000000000001,3.765690973089781,5.688072818993706,0.5557038508251102,42.857142857142854
131.198589255,3.5,5.200000000000001,3.765649899652713,5.688103223726874,0.5557109196318375,42.857142857142854
131.398402865,3.5,5.200000000000001,3.765624997824136,5.688121379247653,0.5557149632209861,42.857142857142854
131.699068297,3.5,5.200000000000001,3.7655911281818857,5.688145630940849,0.5557200773551066,42.857142857142854
131.89897888800002,3.5,5.200000000000001,3.765567619371138,5.688162401585375,0.5557235740726258,42.857142857142854
132.19836202300002,3.5,5.200000000000001,3.765531065477748,5.688188550965877,0.5557290779038914,42.857142857142854
132.399220816,3.5,5.200000000000001,3.7660466763335374,5.688194970530443,0.5559812615901195,42.857142857142854
132.699137217,3.5,5.200000000000001,3.767658705845216,5.688160421183749,0.5567241503878112,42.857142857142854
132.898500731,3.5,5.200000000000001,3.767686220191479,5.688389254758666,0.5569380366289637,42.857142857142854
133.19910876400002,3.5,5.200000000000001,3.767510101945384,5.6883435337583625,0.5568133094731426,42.857142857142854
133.399106792,3.5,5.200000000000001,3.76760580162088,5.688818543647345,0.5572759044447053,42.857142857142854
133.698518734,3.5,5.200000000000001,3.7674235122895134,5.689044100006663,0.5573862813853475,42.857142857142854
133.898417521,3.5,5.200000000000001,3.767679237609106,5.688944212555633,0.5574214000544284,42.857142857142854
134.198950965,3.5,5.200000000000001,3.766988599224608,5.688975381233719,0.5571174342708892,42.857142857142854
134.398429867,3.5,5.200000000000001,3.7673359489007305,5.689065507941655,0.5573630599823441,42.857142857142854
134.69851533300002,3.5,5.200000000000001,3.767303352325008,5.6892419683918485,0.5575022742555555,42.857142857142854
134.89844674900002,3.5,5.200000000000001,3.767032580664696,5.6896150002418215,0.5576999619851566,42.857142857142854
135.198485611,3.5,5.200000000000001,3.7672285611267378,5.690075283373807,0.5581978925576333,42.857142857142854
135.39835014300002,3.5,5.200000000000001,3.767624960286087,5.689761529641908,0.5581124217264029,42.857142857142854
135.698787321,3.5,5.200000000000001,3.766956268462189,5.69073008164159,0.5586426964520493,42.857142857142854
135.89912758900002,3.5,5.200000000000001,3.767038315267698,5.690664290537475,0.558624120343593,42.857142857142854
136.198880178,3.5,5.200000000000001,3.767080105612091,5.690626426964973,0.558610842761023,42.857142857142854
136.39843856500002,3.5,5.200000000000001,3.768629879285664,5.698004515346701,0.5658361152760862,42.857142857142854
136.69846981700002,3.5,5.200000000000001,3.7685165529485256,5.770125427043977,0.630193733521236,42.857142857142854
136.898604629,3.5,5.200000000000001,3.7631280929805127,5.865404874644939,0.715541781111912,42.857142857142854
137.198522044,3.5,5.200000000000001,3.7521850403380177,6.026757164972852,0.8643637569936825,42.857142857142854
137.39836054900002,3.5,5.200000000000001,3.745726637964159,6.126477375118019,0.9585102540978584,42.857142857142854
137.698474699,3.5,5.200000000000001,3.737157921448936,6.265976915082122,1.0920396802286882,42.857142857142854
137.898468501,3.5,5.200000000000001,3.732731052425845,6.366381537339548,1.1893736307022302,42.857142857142854
138.19738944,3.5,5.800000000000001,3.736368311064836,6.525919907829517,0.7634328333644401,42.857142857142854
138.398609123,3.5,5.800000000000001,3.742112954351652,6.625851854454887,0.8606102301108558,42.857142857142854
138.698683135,3.5,5.800000000000001,3.7535536086486334,6.7659619994388125,0.9986851439861171,42.857142857142854
138.89851924200002,3.5,5.800000000000001,3.7632003331949697,6.865217776310705,1.0972526265005087,42.857142857142854
139.19847762400002,3.5,5.800000000000001,3.778037848556265,7.0248613331026135,1.2560216282213084,42.857142857142854
139.398338413,3.5,6.400000000000002,3.7862860834739287,7.124056483793081,0.7785997131476725,28.57142857142857
139.69850711200002,3.5,6.400000000000002,3.7979584015534673,7.263671811488857,0.9136236681570467,28.57142857142857
139.899026388,3.5,6.400000000000002,3.8062271741714215,7.363383089684188,1.0108818228113818,28.57142857142857
140.198296335,3.5,6.400000000000002,3.813659274855504,7.523316228659467,1.1662853382738734,28.57142857142857
140.399051278,3.5,6.400000000000002,3.815751594949591,7.623321499241944,1.2634138515232298,28.57142857142857
140.699057519,3.5,6.400000000000002,3.8177260935659314,7.763205768645662,1.3997427757275518,28.57142857142857
140.899141318,3.5,6.400000000000002,3.816695653754431,7.863029689113912,1.496914161979801,28.57142857142857
141.19861233400002,3.700000000000001,6.900000000000002,3.812970947029101,8.023101628804728,1.128769109914193,42.857142857142854
141.398967228,3.700000000000001,6.900000000000002,3.811220504128235,8.12327922468632,1.2283249008660926,42.857142857142854
141.698831092,3.700000000000001,6.900000000000002,3.8089103047595625,8.263177589906967,1.3675213329624445,42.857142857142854
141.898434701,3.700000000000001,6.900000000000002,3.80631640154973,8.363153995701229,1.4670115174649954,42.857142857142854
142.19862376400002,3.700000000000001,6.900000000000002,3.801120691772168,8.490853076965513,1.594063645779275,42.857142857142854
142.399139916,3.700000000000001,7.5,3.798796419415328,8.520217528298375,1.0249900182619018,42.857142857142854
142.698526022,3.700000000000001,7.5,3.7982811562878607,8.52323985956147,1.0279489266868536,42.857142857142854
142.898709136,3.700000000000001,7.5,3.7983374528820337,8.523220961529356,1.0279354993151981,42.857142857142854
143.198562132,3.700000000000001,7.5,3.798439619648144,8.523185586977498,1.027910066160925,42.857142857142854
143.398915902,3.700000000000001,7.5,3.798500118149903,8.523164100746154,1.0278944743169072,42.857142857142854
143.69847609200002,3.700000000000001,7.5,3.798572804366747,8.523134646314391,1.0278721234908548,42.857142857142854
143.898537108,3.700000000000001,7.5,3.7986181434325608,8.523114090255683,1.0278560112650992,42.857142857142854
144.197757496,3.700000000000001,7.5,3.798681873541668,8.523082034184759,1.0278302198502034,42.857142857142854
144.39847180200002,3.700000000000001,7.5,3.79871401302364,8.523062447806613,1.0278138102201628,42.857142857142854
144.699297934,3.700000000000001,7.5,3.7987529290397446,8.523035694610769,1.0277909191278483,42.857142857142854
144.898493158,3.700000000000001,7.5,3.798777871140908,8.523017073553548,1.0277747810727778,42.857142857142854
145.198469682,3.700000000000001,7.5,3.798814697630031,8.522988102186028,1.027749483912245,42.857142857142854
145.398663594,3.700000000000001,7.5,3.798836302513584,8.522970524892777,1.027734065550987,42.857142857142854
145.699128992,3.5,8.100000000000001,3.7988644348185736,8.522946554949598,0.5178839046959829,42.857142857142854
145.898735135,3.5,8.100000000000001,3.798882135142133,8.522929878050716,0.5178805001688253,42.857142857142854
146.19895009200002,3.5,8.100000000000001,3.798908619959025,8.522903944534912,0.5178746077855098,42.857142857142854
146.398314828,3.5,8.100000000000001,3.798924967795751,8.522888240889028,0.5178712201444545,42.857142857142854
146.699110426,3.5,8.100000000000001,3.7989471656663847,8.522866813034858,0.517866536306625,42.857142857142854
146.898669084,3.5,8.100000000000001,3.798962509371972,8.522851927145119,0.5178632389930051,42.857142857142854
147.19915060300002,3.5,8.100000000000001,3.798986322188877,8.522828836015695,0.5178581325251317,42.857142857142854
147.39894955100002,3.5,8.100000000000001,3.799000686405521,8.522814826183758,0.5178549871457965,42.857142857142854
147.69911970700002,3.5,8.100000000000001,3.799020242998085,8.522795741161021,0.5178506970802776,42.857142857142854
147.899412563,3.5,8.100000000000001,3.799033796297189,8.522782484373726,0.5178477000249473,42.857142857142854
148.19832173400002,3.5,8.100000000000001,3.799054605778845,8.52276189293126,0.517842906055844,42.857142857142854
148.39855757700002,3.5,8.100000000000001,3.799067205808458,8.522749403464164,0.5178399865975822,42.857142857142854
148.69853032400002,3.5,8.100000000000001,3.7990843209798753,8.522732392785006,0.5178359846184197,42.857142857142854
148.899085946,3.5,8.100000000000001,3.799096215569511,8.522720570515224,0.5178332037487735,42.857142857142854
149.199111874,3.5,8.100000000000001,3.7989931341917074,8.523899940033592,0.5187369790696075,42.857142857142854
149.398252946,3.5,8.100000000000001,3.799135722901642,8.524072714971425,0.5189603533017929,42.857142857142854
149.698579327,3.5,8.100000000000001,3.79952019257801,8.524017046721085,0.5191365924995438,42.857142857142854
149.898900789,3.5,8.100000000000001,3.799526807025624,8.523740565168465,0.5189146121437074,42.857142857142854
150.198400053,3.5,8.100000000000001,3.799915768913528,8.523811854076648,0.5191974153430248,42.857142857142854
150.397576549,3.5,8.100000000000001,3.800309609048474,8.523011634622478,0.5187723048822348,42.857142857142854
150.69917013600002,3.5,8.100000000000001,3.800359236287943,8.523073671412991,0.5188516187373252,42.857142857142854
150.898982144,3.5,8.100000000000001,3.7998981070815487,8.522805430168297,0.518365996580499,42.857142857142854
151.198538256,3.5,8.100000000000001,3.799997337702405,8.522684010693675,0.5183243921760007,42.857142857142854
151.39889658,3.5,8.100000000000001,3.7999989949122592,8.521695999578046,0.5175199638743342,42.857142857142854
151.698463455,3.5,8.100000000000001,3.800472526994642,8.520988191793116,0.517218326345637,42.857142857142854
151.89868650300002,3.5,8.100000000000001,3.8006360004080935,8.521695919634565,0.5178894219597613,42.857142857142854
152.198471137,3.5,8.100000000000001,3.80072548773413,8.521473451145338,0.5177602620839986,42.857142857142854
152.399400409,3.5,8.100000000000001,3.8005700228938606,8.52166933121632,0.5178294734281091,42.857142857142854
152.698563011,3.5,8.100000000000001,3.800352904616543,8.521761700274965,0.5177787163744975,42.857142857142854
152.89849801300002,3.5,8.100000000000001,3.801019011100141,8.521973605784803,0.5183378907843162,42.857142857142854
153.19854805,3.5,8.100000000000001,3.8009847788694207,8.522257880532026,0.5185494718756074,42.857142857142854
153.398338224,3.5,8.100000000000001,3.8003877939692834,8.522532914111718,0.5184273240035403,42.857142857142854
153.698399365,3.5,8.100000000000001,3.801101117877986,8.522696254096065,0.5189739939671513,42.857142857142854
153.89843348300002,3.5,8.100000000000001,3.801055184654024,8.522528028639812,0.5188103306540001,42.857142857142854
154.19841865400002,3.5,8.100000000000001,3.800833932216361,8.521652471343169,0.5179689772202176,42.857142857142854
154.39872166400002,3.5,8.100000000000001,3.801111839543152,8.521433682519648,0.5179524000090463,42.857142857142854
154.69852049300002,3.5,8.100000000000001,3.801150811038871,8.522082974880774,0.5185034702618422,42.857142857142854
154.898390393,3.5,8.100000000000001,3.8009291339607647,8.522566556507629,0.5187685787951017,42.857142857142854
155.19852754200002,3.5,8.100000000000001,3.800875064026198,8.52252658807507,0.5187046575683776,42.857142857142854
155.398637099,3.5,8.100000000000001,3.800865165860916,8.496990411938986,0.49811769211703516,42.857142857142854
155.698528449,3.5,8.100000000000001,3.803134248185972,8.395166877131283,0.4231002928133084,42.857142857142854
155.900469082,3.5,8.100000000000001,3.804653013729813,8.294325509684587,0.3613528227215493,42.857142857142854
156.198378996,3.5,8.100000000000001,3.8069870217612056,8.133876788564901,0.3088505598720615,42.857142857142854
156.40132155100002,3.5,8.100000000000001,3.808773692961696,8.03380634827092,0.31578915908313676,42.857142857142854
156.698608959,3.5,8.100000000000001,3.811578522870245,7.8938478340707645,0.3736039232011881,42.857142857142854
156.900391079,3.5,8.100000000000001,3.813165206035295,7.793579839409861,0.43813897462701984,42.857142857142854
157.19853481,3.5,8.100000000000001,3.8161398107567046,7.633280505752267,0.5637122193603277,42.857142857142854
157.400127916,3.5,8.100000000000001,3.818676110067072,7.533086066245176,0.650342887569973,42.857142857142854
157.69848567,3.5,8.100000000000001,3.822950174619014,7.393776217562845,0.7765621972297491,42.857142857142854
157.90043821900002,3.700000000000001,7.600000000000001,3.825089422574795,7.29378940448763,0.33077528995397504,42.857142857142854
158.198446221,3.700000000000001,7.600000000000001,3.8293932011938048,7.133547640280926,0.48406652890142465,42.857142857142854
158.400253593,3.5,7.0,3.832503046885715,7.033528362679681,0.33418920882078784,42.857142857142854
158.69847534500002,3.5,7.0,3.837029396001628,6.893065716936005,0.3535869831648685,42.857142857142854
158.8984897,3.5,7.0,3.83971864004964,6.792510574262484,0.3980711195126583,42.857142857142854
159.19848628,3.5,7.0,3.845711330894292,6.632999861823381,0.5041878873300705,42.857142857142854
159.39840535000002,3.5,7.0,3.844271542977004,6.5325424196775135,0.5805510181755957,42.857142857142854
159.698587358,3.6,6.5,3.8256216164204817,6.39405345287629,0.24925846955244568,28.57142857142857
159.898515301,3.6,6.5,3.800027096744106,6.297182286265851,0.2848611318453661,28.57142857142857
160.198982599,3.6,6.5,3.74216770194428,6.148310441017526,0.37933784595450615,28.57142857142857
160.400412554,3.6,6.5,3.693855897450869,6.061184038687662,0.4487408800062453,28.57142857142857
160.698802376,3.6,6.5,3.610815091116044,5.948420142534238,0.551685875619268,28.57142857142857
160.900213459,3.6,5.900000000000002,3.5419154190288187,5.875555877956987,0.06301851830257141,28.57142857142857
161.19855404400002,3.6,5.900000000000002,3.417570573227137,5.776217015942891,0.2204602524147117,28.57142857142857
161.400288538,3.6,5.900000000000002,3.3327030651692726,5.7230717920242,0.32054834603758425,28.57142857142857
161.69847604900002,3.6,5.900000000000002,3.206717309010154,5.662814356759252,0.459269315752471,28.57142857142857
161.90002366000002,3.6,5.900000000000002,3.11166079377048,5.632672992636993,0.5567215724278517,28.57142857142857
162.19874987900002,3.6,5.900000000000002,2.954437174843436,5.603973233049736,0.7101994142317717,28.57142857142857
162.399211255,3.3000000000000007,5.4,2.855474272579396,5.591800770028845,0.4841390892320879,42.857142857142854
162.698505533,3.3000000000000007,5.4,2.7157006203158653,5.58468639158544,0.6127926470969735,42.857142857142854
162.900048481,3.3000000000000007,5.4,2.6159198142247884,5.584718774035856,0.7085807830103485,42.857142857142854
163.198455854,3.3000000000000007,5.4,2.455307825713144,5.584833414464804,0.864678125318419,42.857142857142854
163.399970755,3.3000000000000007,5.4,2.355520761046832,5.584729203004455,0.9623751406058958,42.857142857142854
163.698502453,2.6,5.300000000000001,2.2153650704877004,5.584602664188898,0.47847957685187564,42.857142857142854
163.89882697500002,2.6,5.300000000000001,2.1150844332948915,5.584601906916872,0.5622644860327356,42.857142857142854
164.198341564,2.6,5.300000000000001,1.954839258528384,5.58439578381256,0.705062652667524,42.857142857142854
164.39994945400002,2.6,5.300000000000001,1.8548505911931403,5.583894044063722,0.7973979368546592,42.857142857142854
164.69906494600002,2.0,5.100000000000001,1.7150559955825866,5.583251453516902,0.5610036122696788,42.857142857142854
164.99878771200002,2.0,5.100000000000001,1.5547225079516764,5.582292895924969,0.6564133472016974,42.857142857142854
165.19842208600002,2.0,5.100000000000001,1.4548358659533716,5.581573438132019,0.7274042269365106,42.857142857142854
165.497974236,2.0,5.100000000000001,1.3153034430579713,5.580754096213172,0.8366205090206739,42.857142857142854
165.698721105,2.0,5.100000000000001,1.215298088827789,5.579953285337615,0.9198435983925142,42.857142857142854
165.998475395,1.4000000000000004,5.200000000000001,1.0553781517568788,5.578185253458898,0.5116525229296491,42.857142857142854
166.19833911,1.4000000000000004,5.200000000000001,0.9547835125211652,5.57750798411477,0.5837208226484544,42.857142857142854
166.49850587600002,1.4000000000000004,5.200000000000001,0.815174605321052,5.57567081675652,0.6950894221781091,42.857142857142854
166.69926812,1.4000000000000004,5.200000000000001,0.7149561800415926,5.573933909239388,0.7804560229393182,42.857142857142854
166.997415735,1.4000000000000004,5.200000000000001,0.5549462752503368,5.571067354768107,0.9229337893304586,42.857142857142854
167.19846676600002,1.4000000000000004,5.200000000000001,0.4550735813018213,5.56897532009753,1.0144105301084172,42.857142857142854
167.40066181600002,1.4000000000000004,5.200000000000001,0.3545300442692609,5.567363096829218,1.1081349526332913,42.857142857142854
167.69854075700002,1.4000000000000004,5.200000000000001,0.2144799584562329,5.564782393172879,1.2403725098819582,42.857142857142854
167.998555434,1.4000000000000004,5.200000000000001,0.0547747728681928,5.561450885197376,1.3929384961733913,42.857142857142854
168.19836448200002,0.5999999999999996,5.300000000000001,-0.0449716813187237,5.55907071771303,0.6950583475359783,42.857142857142854
168.4985561,0.5999999999999996,5.300000000000001,-0.1770830315348087,5.556152726253233,0.8182128433765209,42.857142857142854
168.698573262,0.5999999999999996,5.300000000000001,-0.232261743200154,5.554403984517205,0.8702763908855558,42.857142857142854
168.998004349,0.5999999999999996,5.300000000000001,-0.2489112410326643,5.554081084743657,0.8861193445445881,42.857142857142854
169.198305804,0.5999999999999996,5.300000000000001,-0.2488714620971414,5.554163516743132,0.8861048766405554,42.857142857142854
169.49799206,0.5,6.0,-0.2495974937665188,5.555021459151523,0.8717237546818866,42.857142857142854
169.69906219,0.5,6.0,-0.2508951327301916,5.554199857277776,0.8732589922863933,42.857142857142854
169.998436803,0.5,6.0,-0.2507919874960447,5.554089747704153,0.8732265236413784,42.857142857142854
170.198510389,0.5,6.0,-0.2510686201119919,5.554434200391265,0.8732885856908373,42.857142857142854
170.49813867900002,0.5,6.0,-0.2511745813833312,5.554544065016572,0.873323675236383,42.857142857142854
170.69833475,0.5,6.0,-0.2515668405314561,5.554374181993473,0.8737477241517838,42.857142857142854
170.997705752,0.5,6.0,-0.2514961619038687,5.554486491650385,0.8736296512128169,42.857142857142854
171.198444832,0.5,6.0,-0.2519964192196434,5.5540440091714345,0.8742856285419847,42.857142857142854
171.49825776400002,0.5,6.0,-0.2515289784863528,5.554230457263692,0.8737884702467056,42.857142857142854
171.698683695,0.5,6.0,-0.25126934418001,5.554182939733433,0.873589422285656,42.857142857142854
171.999049899,0.5,6.0,-0.2512914727744448,5.554341320233322,0.8735276388958584,42.857142857142854
172.19889366200002,0.5,6.0,-0.251670434366713,5.554223985296269,0.8739134380395944,42.857142857142854
172.498371778,0.5,6.0,-0.2516265534506277,5.554223535497014,0.8738759249211818,42.857142857142854
172.699053907,0.5,6.0,-0.2512084444920716,5.554291829280226,0.8734814826443461,42.857142857142854
172.99886813400002,-0.0999999999999996,5.600000000000001,-0.2506791742767952,5.553406145889139,0.15771873953858906,57.14285714285714
173.19899123300002,-0.0999999999999996,5.600000000000001,-0.2506863095941791,5.5534322826296485,0.1577178372924191,57.14285714285714
173.49803972200002,-0.0999999999999996,5.600000000000001,-0.2507193824748388,5.553365614694498,0.15776912925670536,57.14285714285714
173.698483759,-0.0999999999999996,5.600000000000001,-0.2507423924626824,5.553319236032042,0.1578048244192991,57.14285714285714
173.99848843700002,-0.0999999999999996,5.600000000000001,-0.2507781465128229,5.553247143045487,0.1578603151499821,57.14285714285714
174.19835283700002,-0.0999999999999996,5.600000000000001,-0.2507998403960108,5.553203393022181,0.15789399699829962,57.14285714285714
174.498460176,-0.0999999999999996,5.600000000000001,-0.2508294066010825,5.553143789835805,0.157939907327395,57.14285714285714
174.698651622,-0.0999999999999996,5.600000000000001,-0.250849958225543,5.55310236647463,0.15797182637080645,57.14285714285714
174.998352079,-0.0999999999999996,5.600000000000001,-0.2508818993474869,5.553038009344792,0.15802144195331602,57.14285714285714
175.19783839800002,-0.0999999999999996,5.600000000000001,-0.2509012806659578,5.552998984334643,0.15805154849036304,57.14285714285714
175.498502151,-0.0999999999999996,5.600000000000001,-0.2509276924953436,5.55294579029121,0.15809259000120174,57.14285714285714
175.698446702,-0.0999999999999996,5.600000000000001,-0.250946042227499,5.552908856604113,0.15812110374797578,57.14285714285714
175.998542646,-0.0999999999999996,5.600000000000001,-0.250974547242972,5.552851484882565,0.15816540833254175,57.14285714285714
176.198323329,-0.0999999999999996,5.600000000000001,-0.2509918470642984,5.552816640135682,0.15819231121636237,57.14285714285714
176.49856816300002,-0.0999999999999996,5.600000000000001,-0.2510153836121684,5.552769293286437,0.15822890299876696,57.14285714285714
176.69845341,-0.0999999999999996,5.600000000000001,-0.2510317395953182,5.552736379860939,0.1582543400789936,57.14285714285714
176.998362823,-0.0999999999999996,5.600000000000001,-0.2510571407058367,5.552685253843047,0.15829385636252616,57.14285714285714
177.198267815,-0.0999999999999996,5.600000000000001,-0.2510725518878758,5.552654236309844,0.15831783624506518,57.14285714285714
177.498085992,-0.0999999999999996,5.600000000000001,-0.251093531213685,5.552612042102003,0.15835047751226844,57.14285714285714
177.69849864900002,-0.0999999999999996,5.600000000000001,-0.2511081235802804,5.552582690524334,0.1583731866505964,57.14285714285714
177.998492268,-0.0999999999999996,5.600000000000001,-0.2511307801459519,5.55253714203371,0.15840844546252109,57.14285714285714
178.198765618,-0.0999999999999996,5.600000000000001,-0.2511445208827993,5.552509517581504,0.1584298334065675,57.14285714285714
178.498003704,-0.0999999999999996,5.600000000000001,-0.2514980124588094,5.556423827740353,0.15764051055414727,57.14285714285714
178.69898857700002,-0.0999999999999996,5.600000000000001,-0.252729777724521,5.592777918067191,0.1529004364651257,57.14285714285714
178.99878795,-0.0999999999999996,5.600000000000001,-0.2462591893164747,5.728667813834186,0.19480029973380686,57.14285714285714
179.199016483,-0.0999999999999996,5.600000000000001,-0.2366392642360852,5.829535055668119,0.2671266185005617,57.14285714285714
179.498304181,-0.0999999999999996,5.600000000000001,-0.2220435985742076,5.9684655945094445,0.38815143216293785,57.14285714285714
179.699056549,-0.2999999999999989,6.199999999999999,-0.2080374017952336,6.068087983663023,0.16080391637848168,42.857142857142854
179.99908111800002,-0.2999999999999989,6.199999999999999,-0.1777327483865405,6.224996047763072,0.12479616669145947,42.857142857142854
180.198530734,-0.2999999999999989,6.199999999999999,-0.1493416109742587,6.320642521415683,0.19300924370963446,42.857142857142854
180.498456472,-0.2999999999999989,6.199999999999999,-0.1083127788814088,6.454964019068221,0.31898376410028745,42.857142857142854
180.699128709,-0.2999999999999989,6.199999999999999,-0.0784416341725827,6.550633175851878,0.41476708340475854,42.857142857142854
180.998832262,-0.2999999999999989,6.199999999999999,-0.0323965299632637,6.703661959244876,0.5703393607021082,42.857142857142854
181.199094406,-0.2999999999999989,6.199999999999999,-0.0100894588400385,6.800867838955702,0.6671508688197572,42.857142857142854
181.498009025,0.3000000000000007,6.600000000000001,0.0048024441525497,6.9395213744131,0.449907057803796,28.57142857142857
181.698874767,0.3000000000000007,6.600000000000001,0.0031158059213935,7.039637263895221,0.5304914217015947,28.57142857142857
181.999063203,0.3000000000000007,6.600000000000001,-0.0205269171629023,7.19748835521656,0.6780338039105005,28.57142857142857
182.19881895600005,0.3000000000000007,6.600000000000001,-0.0485255161716228,7.293526343326097,0.7761757689531169,28.57142857142857
182.498392443,0.3000000000000007,6.600000000000001,-0.1026689496200295,7.417564395083312,0.9113472571396912,28.57142857142857
182.698510666,0.200000000000001,7.400000000000002,-0.1338929627438493,7.471587794106776,0.34148107244024534,42.857142857142854
182.998447196,0.200000000000001,7.400000000000002,-0.1495240433662557,7.491746673816745,0.3613647866734287,42.857142857142854
183.19856935,0.200000000000001,7.400000000000002,-0.1552370079361018,7.497988398744713,0.368503810151194,42.857142857142854
183.498580919,0.200000000000001,7.400000000000002,-0.1897417098812838,7.524503498393363,0.40914511060670544,42.857142857142854
183.6991068,0.200000000000001,7.400000000000002,-0.1947592985746013,7.527579638841746,0.41486319197791194,42.857142857142854
183.999067102,0.200000000000001,7.400000000000002,-0.1943343319293147,7.5268881529373,0.4142465071596606,42.857142857142854
184.198538384,0.200000000000001,7.400000000000002,-0.1946648513207588,7.526697051320037,0.41450269924480454,42.857142857142854
184.498318992,0.200000000000001,7.400000000000002,-0.1950077333107815,7.526975347199016,0.4149142660497859,42.857142857142854
184.69857839,-0.0999999999999996,7.900000000000002,-0.1953775945333428,7.526501914431781,0.3854837291794471,42.857142857142854
184.998399034,-0.0999999999999996,7.900000000000002,-0.195304558927796,7.526549813863951,0.3854192528630003,42.857142857142854
185.198552535,-0.0999999999999996,7.900000000000002,-0.1952615016103441,7.526578401625705,0.38538090744284753,42.857142857142854
185.497712178,-0.0999999999999996,7.900000000000002,-0.1952066549753336,7.5266135690479,0.3853332764902889,42.857142857142854
185.699193238,-0.0999999999999996,7.900000000000002,-0.195170445417847,7.526636091007251,0.3853025074138222,42.857142857142854
185.998553133,-0.0999999999999996,7.900000000000002,-0.1951162495137356,7.526669076224942,0.3852571603076302,42.857142857142854
186.199109358,-0.0999999999999996,7.900000000000002,-0.1950841557485692,7.526688306798828,0.3852306023087284,42.857142857142854
186.498537667,-0.0999999999999996,7.900000000000002,-0.1950412438037563,7.526713711826926,0.3851953932250459,42.857142857142854
186.698975708,-0.0999999999999996,7.900000000000002,-0.1950118183559744,7.52673097912399,0.3851714002532455,42.857142857142854
186.999103435,-0.0999999999999996,7.900000000000002,-0.1949665054061121,7.526757415071578,0.3851346054992996,42.857142857142854
187.198509188,-0.0999999999999996,7.900000000000002,-0.1949392243673641,7.526773258492958,0.385112524983858,42.857142857142854
187.499663466,-0.0999999999999996,7.900000000000002,-0.1949022902495124,7.526794627752786,0.3850827113345724,42.857142857142854
187.698447621,-0.4000000000000003,8.400000000000002,-0.1948767370938101,7.5268093741147775,0.8969601006282901,57.14285714285714
187.999040112,-0.4000000000000003,8.400000000000002,-0.1948371487445114,7.526832182568457,0.8969469510140775,57.14285714285714
188.198382656,-0.4000000000000003,8.400000000000002,-0.1948131798099,7.526845977800288,0.8969390044274271,57.14285714285714
188.498511082,-0.4000000000000003,8.400000000000002,-0.1947805610150754,7.526864745145946,0.8969281974641814,57.14285714285714
188.699042129,-0.4000000000000003,8.400000000000002,-0.1947579115906263,7.526877771545549,0.8969206992125399,57.14285714285714
188.998906254,-0.4000000000000003,8.400000000000002,-0.1947227558977206,7.526897982646647,0.8969090698909928,57.14285714285714
189.198947923,-0.4000000000000003,8.400000000000002,-0.1947014503824889,7.526910230807793,0.8969020233800112,57.14285714285714
189.498439159,-0.4000000000000003,8.400000000000002,-0.1946724417786995,7.526926900000848,0.896892437311886,57.14285714285714
189.699192096,-0.4000000000000003,8.400000000000002,-0.1946523041593107,7.5269384752339965,0.8968857799150476,57.14285714285714
189.999047071,-0.4000000000000003,8.400000000000002,-0.2140462470682128,7.530909500890381,0.8887615506265033,57.14285714285714
190.198828735,-0.4000000000000003,8.400000000000002,-0.2748327354949002,7.537674344255745,0.8713623704627445,57.14285714285714
190.498566016,-0.4000000000000003,8.400000000000002,-0.4100406028404968,7.546868923521685,0.8531901589671865,57.14285714285714
190.698486791,-0.4000000000000003,8.400000000000002,-0.510617591008241,7.551946059478973,0.8552378250952841,57.14285714285714
190.999077567,-0.4000000000000003,8.400000000000002,-0.6707403578675655,7.559899682894468,0.8826487886917858,57.14285714285714
191.198359161,-0.4000000000000003,8.400000000000002,-0.770874268722101,7.564192031204553,0.9143974430750162,57.14285714285714
191.498487882,-0.4000000000000003,8.400000000000002,-0.9102445223568232,7.570973419336839,0.9734652248751353,57.14285714285714
191.697472869,-0.4000000000000003,8.400000000000002,-1.0098354990321143,7.575972850963428,1.0251439304941976,57.14285714285714
191.99831245700005,-0.4000000000000003,8.400000000000002,-1.169519377573144,7.583626367926728,1.1218850117570285,57.14285714285714
192.198376146,-0.4000000000000003,8.400000000000002,-1.269737994178903,7.58803443402987,1.1898454768748492,57.14285714285714
192.498426524,-0.4000000000000003,8.400000000000002,-1.409062967484915,7.592795121753857,1.2922026883634918,57.14285714285714
192.698440062,-0.4000000000000003,8.400000000000002,-1.50966696974646,7.594963548350494,1.3709283249793627,57.14285714285714
192.998365684,-1.5,8.600000000000001,-1.6697442520901846,7.593867626323504,1.020350657606276,42.857142857142854
193.198497735,-1.5,8.600000000000001,-1.7701367181479246,7.592564440147631,1.043024570059014,42.857142857142854
193.497970556,-1.799999999999999,9.0,-1.9083711598711808,7.589581034317971,1.4145762499941072,57.14285714285714
193.697822258,-1.799999999999999,9.0,-1.979210589530746,7.586986527210794,1.4243326541520316,57.14285714285714
193.99846493400003,-1.799999999999999,9.0,-2.0111220589441783,7.584841898186558,1.4308196870678898,57.14285714285714
194.198338512,-2.1999999999999997,8.5,-2.011216557021263,7.584937057493864,0.9343336540502509,57.14285714285714
194.498297291,-2.1999999999999997,8.5,-2.011189519740859,7.585059501041411,0.9342192002363678,57.14285714285714
194.69848516,-2.1999999999999997,8.5,-2.0111703845751925,7.585115295207757,0.9341684252447576,57.14285714285714
194.998439722,-2.1999999999999997,8.5,-2.011140387132492,7.585177220281271,0.9341138429895826,57.14285714285714
195.19839772,-2.5,8.2,-2.0111221093207936,7.585206955570094,0.7854757026632601,57.14285714285714
195.497916853,-2.5,8.2,-2.0110971496198884,7.585240516712254,0.7854649701940968,57.14285714285714
195.699215856,-2.5,8.2,-2.011079758485234,7.585260633857031,0.785460050447326,57.14285714285714
195.998574819,-2.5,8.2,-2.0110527260300874,7.5852871696529345,0.7854561098596841,57.14285714285714
196.198353308,-2.5,8.2,-2.011036312133884,7.585302860432467,0.785454047951972,57.14285714285714
196.498397548,-2.5,8.2,-2.011013959225507,7.585323130239285,0.7854521005708395,57.14285714285714
196.69849747,-2.5,8.2,-2.01099842754009,7.585336761526766,0.7854511026147125,57.14285714285714
196.998802995,-2.5,8.2,-2.010974302655244,7.585357991149069,0.7854495093306968,57.14285714285714
197.199063502,-2.5,8.2,-2.0109596742578417,7.58537081282258,0.7854485838884498,57.14285714285714
197.49833177,-2.5,8.2,-2.010939741264772,7.585387707847193,0.7854477744188308,57.14285714285714
197.698480077,-2.5,8.2,-2.010925888307405,7.585399053054928,0.7854475225714822,57.14285714285714
197.998362901,-2.5,8.2,-2.0109043676172664,7.585416298435381,0.7854474290776781,57.14285714285714
198.19838164,-2.5,8.2,-2.0121901798240724,7.58533793658618,0.7847087821989789,57.14285714285714
198.498025982,-2.5,8.2,-2.0133975989551383,7.58533715593223,0.7839593794196889,57.14285714285714
198.698437901,-2.5,8.2,-2.013007727317353,7.585133044160857,0.784361426279686,57.14285714285714
198.998078296,-2.5,8.2,-2.0129741651009,7.585176730781444,0.7843480198430781,57.14285714285714
199.19847559700003,-2.8,8.8,-2.01213052410226,7.584371455013767,1.4486169509006606,57.14285714285714
199.498189754,-2.8,8.8,-2.012728832626409,7.584428651931487,1.4482436235740448,57.14285714285714
199.698455817,-2.8,8.8,-2.013247406075679,7.584564312321001,1.4478479046261625,57.14285714285714
199.998389383,-2.8,8.8,-2.0133496079005315,7.58482718584138,1.447571693444034,57.14285714285714
200.198299672,-2.8,8.8,-2.0140554785585656,7.584283624028172,1.4476446724213372,57.14285714285714
200.498480146,-2.8,8.8,-2.021612272769309,7.571510917049141,1.4543290139555098,57.14285714285714
200.69828663,-2.8,8.8,-2.0399149137447683,7.523655691504706,1.4855248675723862,57.14285714285714
200.998873017,-2.8,8.8,-2.070950024409139,7.37581953862514,1.5999387030355088,57.14285714285714
201.198527153,-2.8,8.8,-2.085428057756386,7.276139256959862,1.6830818829815306,57.14285714285714
201.498562845,-2.8,8.8,-2.105813737977727,7.137648608182849,1.80147348474988,57.14285714285714
201.698974718,-2.8,8.8,-2.12025514672924,7.038235721869231,1.8883501892513788,57.14285714285714
201.99772478,-2.8,8.8,-2.1429236370801923,6.8801194103591445,2.0292094089047694,57.14285714285714
202.19892068700003,-2.6,7.699999999999999,-2.1574838800322595,6.781067510083432,1.0199301140056443,71.42857142857143
202.498492902,-2.6,7.699999999999999,-2.179829681577179,6.642905857904688,1.1375373056457347,71.42857142857143
202.69870311800003,-2.6,7.699999999999999,-2.203597391142293,6.545751305274693,1.2204200414546913,71.42857142857143
202.998503878,-2.6999999999999997,7.199999999999999,-2.261337769260073,6.397051821403197,0.9149591959151241,57.14285714285714
203.198088274,-2.6999999999999997,7.199999999999999,-2.309768708066793,6.309914089590665,0.971871076384658,57.14285714285714
203.498443106,-2.8999999999999995,6.699999999999999,-2.3919685281658816,6.196148560318641,0.7155153734497375,42.857142857142854
203.698969921,-2.8999999999999995,6.699999999999999,-2.460339096500922,6.123035502281969,0.7253893724701543,42.857142857142854
203.998808691,-2.8999999999999995,6.699999999999999,-2.5823338052908613,6.020043953204366,0.7505011904287221,42.857142857142854
204.19829344,-2.8999999999999995,6.699999999999999,-2.6606525384523083,5.9591277277788,0.7785749360822796,42.857142857142854
204.498450497,-3.0,5.900000000000002,-2.777527123255794,5.881940044253443,0.2232047107218177,57.14285714285714
204.699240698,-3.0,5.900000000000002,-2.8675755745590443,5.837846656929454,0.1462848813384777,57.14285714285714
204.99870727,-3.0,5.900000000000002,-3.0183753432029263,5.7844744764854825,0.11697777490245381,57.14285714285714
205.198060942,-3.0,5.900000000000002,-3.1160422428704755,5.760718339664205,0.18128756999945358,57.14285714285714
205.49780777,-3.5,5.800000000000001,-3.2525512754968657,5.732439610918305,0.2565059013572557,57.14285714285714
205.698272055,-3.5,5.800000000000001,-3.3519527185592084,5.71843873267503,0.169027328765689,57.14285714285714
205.998282761,-3.5,5.800000000000001,-3.51098183931843,5.699726205399672,0.10087335960681004,57.14285714285714
206.198448344,-3.5,5.800000000000001,-3.6103459837173166,5.692415846920609,0.1541122516750448,57.14285714285714
206.497870532,-3.5,5.800000000000001,-3.7498212111581264,5.683917247757947,0.2754738515950348,57.14285714285714
206.698279011,-3.5,5.800000000000001,-3.849581820591098,5.679292864095948,0.36983464135468164,57.14285714285714
206.997972062,-3.5,5.800000000000001,-4.009421961895109,5.675104177873023,0.524509010071167,57.14285714285714
207.19827210000005,-4.1,5.800000000000001,-4.109155495643012,5.672740022771033,0.1275888902090874,57.14285714285714
207.497999254,-4.1,5.800000000000001,-4.2495423416505895,5.669288734358849,0.19861607918759608,57.14285714285714
207.697898052,-4.1,5.800000000000001,-4.349170060618974,5.666749052681551,0.2825624427805782,57.14285714285714
207.998909361,-4.6,5.600000000000001,-4.463136548543601,5.663858779599661,0.15102830223675226,42.857142857142854
208.19744820800005,-4.6,5.600000000000001,-4.482864193916179,5.663466099410768,0.13322440782875972,42.857142857142854
208.498209031,-4.6,5.600000000000001,-4.483672836618049,5.663686690669405,0.13261977043002077,42.857142857142854
208.698851155,-4.6,5.600000000000001,-4.483653923323205,5.663643663752721,0.1326157060606013,42.857142857142854
208.99807483900003,-4.6,5.600000000000001,-4.483625553540264,5.663613374101603,0.13262606513577982,42.857142857142854
209.198944343,-5.1,5.4,-4.483608620418477,5.663604508586314,0.6703921760950412,57.14285714285714
209.498000762,-5.1,5.4,-4.483585690004082,5.663597124373278,0.6704103560846927,57.14285714285714
209.69836622800003,-5.1,5.4,-4.483569799482569,5.663593521891271,0.670423550371706,57.14285714285714
209.998577765,-5.1,5.4,-4.483545198746798,5.66359049533191,0.6704449800076406,57.14285714285714
210.198398235,-5.1,5.4,-4.483530220761376,5.663588916188973,0.6704581310210165,57.14285714285714
210.498165453,-5.1,5.4,-4.483509990760368,5.663587113874953,0.6704760235036064,57.14285714285714
210.698871224,-5.1,5.4,-4.483495902728269,5.663586412883044,0.6704887016269419,57.14285714285714
210.9991167,-5.1,5.4,-4.483474055462254,5.663586143454768,0.6705086839926214,57.14285714285714
211.198344241,-5.1,5.4,-4.4834607833804965,5.663585305583409,0.6705205581854217,57.14285714285714
211.497896576,-5.1,5.4,-4.483442702812786,5.6635839190822646,0.6705366381589956,57.14285714285714
211.698887729,-5.1,5.4,-4.483430149261404,5.663583165431735,0.6705478848962443,57.14285714285714
211.998384409,-5.1,5.4,-4.483410641895154,5.663581640364041,0.6705652225288334,57.14285714285714
212.197971749,-5.1,5.4,-4.483398804909353,5.663580344204505,0.6705755972581908,57.14285714285714
212.498219351,-5.1,5.4,-4.483382668484405,5.663578243978046,0.6705896093915878,57.14285714285714
212.698875613,-5.1,5.4,-4.483371460818875,5.663576906959569,0.6705993895128605,57.14285714285714
212.998454798,-5.1,5.4,-4.483354058214035,5.663574655124394,0.6706145065125291,57.14285714285714
213.199021256,-5.1,5.4,-4.483587436614134,5.663555536873295,0.6703923995068143,57.14285714285714
213.498198528,-5.1,5.4,-4.485788736555819,5.6632647966193215,0.6682543148238617,57.14285714285714
213.698303762,-5.1,5.4,-4.4858064533282445,5.662903167100097,0.668095642886923,57.14285714285714
213.99844009,-5.1,5.4,-4.485756873014568,5.662824782614779,0.6681103841472209,57.14285714285714
214.198893651,-5.1,5.4,-4.486223714027036,5.6623888521830015,0.6675097294966409,57.14285714285714
214.498317095,-5.1,5.4,-4.486072895333669,5.662539470710034,0.6677076182916359,57.14285714285714
214.697910066,-5.1,5.4,-4.486499914774361,5.663000143625552,0.6674963895924277,57.14285714285714
214.998358125,-5.1,5.4,-4.4868549422315445,5.663394668631252,0.667325717569201,57.14285714285714
215.19854119,-5.1,5.4,-4.486980335980008,5.663531164214508,0.6672644026077195,57.14285714285714
215.498380721,-5.1,5.4,-4.4871375501724255,5.663548873853873,0.6671269679141298,57.14285714285714
215.699083221,-5.1,5.4,-4.4863052294172965,5.663505291574313,0.6678744718345059,57.14285714285714
215.999184358,-5.1,5.4,-4.4868907359386325,5.663560537341907,0.6673583194370367,57.14285714285714
216.198649036,-5.1,5.4,-4.488319888193958,5.66040421594106,0.6648029142978614,57.14285714285714
216.498074959,-5.1,5.4,-4.497885621213657,5.59826726090748,0.6339176854206061,57.14285714285714
216.698428574,-5.1,5.4,-4.507063516747021,5.508073775561416,0.6027052464816525,57.14285714285714
216.998392093,-5.1,5.4,-4.520972195390597,5.347000626936154,0.5814483055749202,57.14285714285714
217.199031653,-5.1,5.4,-4.530436749050222,5.24774123573488,0.5895634216333483,57.14285714285714
217.498252848,-5.1,5.4,-4.544368607782574,5.108300071679606,0.6275468844633028,57.14285714285714
217.698530825,-5.1,5.4,-4.5551994274770085,5.008990556953376,0.6705938028143494,57.14285714285714
217.998533035,-5.1,5.4,-4.582225828079172,4.851322720841151,0.754411591754433,57.14285714285714
218.198373189,-5.199999999999999,4.800000000000001,-4.600504998879542,4.753139266725765,0.6013236937718458,57.14285714285714
218.498458716,-5.199999999999999,4.800000000000001,-4.626793250504568,4.615792235628751,0.6020784650872106,57.14285714285714
218.698510947,-5.199999999999999,4.800000000000001,-4.644653271710292,4.517428909922159,0.6231022464811545,57.14285714285714
218.998944632,-5.199999999999999,4.800000000000001,-4.661023865591967,4.358067285392514,0.6969933986070221,57.14285714285714
219.199121155,-5.199999999999999,4.800000000000001,-4.666400680795301,4.258583969869963,0.7601707381486658,57.14285714285714
219.498261765,-5.6,4.4,-4.659764763585604,4.118686707949194,0.9814170714225922,57.14285714285714
219.69906645600005,-5.6,4.4,-4.653698246537174,4.019119855524121,1.0200768074330409,57.14285714285714
219.998980387,-5.6,4.4,-4.643096287490439,3.8597844697493016,1.098861926785446,57.14285714285714
220.198965879,-5.6,4.4,-4.635338298725358,3.780400282081328,1.146506000137367,57.14285714285714
220.497971818,-5.5,3.9,-4.629049266560454,3.73705518712305,0.8860621829885234,57.14285714285714
220.699135701,-5.5,3.9,-4.628948455261079,3.735891130247644,0.8863760571695607,57.14285714285714
220.998936537,-5.5,3.9,-4.629033233328493,3.735942445790666,0.886283244645507,57.14285714285714
221.199161515,-5.5,3.9,-4.629116973718008,3.7359734519315984,0.8861952120934281,57.14285714285714
221.498206644,-5.5,3.9,-4.629231219420117,3.736015661089,0.8860751281018189,57.14285714285714
221.698379354,-5.5,3.9,-4.629301595523644,3.736045380535905,0.8860004677206942,57.14285714285714
221.998460953,-5.5,3.9,-4.62939885921217,3.7360920495176058,0.8858962481986308,57.14285714285714
222.198461186,-5.5,3.9,-4.629450650043318,3.736120665318786,0.8858400572595251,57.14285714285714
222.49801376,-5.5,3.9,-4.6295154314072615,3.7361598917056353,0.8857691376673694,57.14285714285714
222.69863652100003,-5.5,3.9,-4.629557332323697,3.7361872693162894,0.8857228959700055,57.14285714285714
222.998952699,-5.5,3.9,-4.629617125240704,3.736230025234229,0.8856562274997214,57.14285714285714
223.199096105,-5.5,3.9,-4.629650087072802,3.73625610038446,0.8856190126649749,57.14285714285714
223.498079181,-5.5,3.9,-4.62969348484644,3.7362916714247074,0.8855697867269693,57.14285714285714
223.699076452,-5.5,3.9,-4.629722115150484,3.736316450956872,0.8855370692893109,57.14285714285714
223.99906351400003,-5.5,3.9,-4.62976388113364,3.73635504230605,0.885488890251165,57.14285714285714
224.198952493,-5.5,3.9,-4.629788099507351,3.736378498957239,0.8854607542757126,57.14285714285714
224.498187299,-5.5,3.9,-4.629820239765872,3.736410477778979,0.8854232586179489,57.14285714285714
224.698851556,-5.5,3.9,-4.629842415391157,3.736432694761049,0.8853973601696742,57.14285714285714
224.998341121,-5.5,3.9,-4.629877126445245,3.736467179656423,0.8853568763005734,57.14285714285714
225.198462648,-5.5,3.9,-4.6298983672483205,3.736488104485785,0.8853321361454073,57.14285714285714
225.498410325,-5.5,3.9,-4.630339661265861,3.734965281064882,0.8851810906369221,57.14285714285714
225.69849371,-5.5,3.9,-4.6297766305690615,3.7351933857087727,0.8856917820652245,57.14285714285714
225.998561276,-5.5,3.9,-4.62915198501226,3.734400810393802,0.8864532456967574,57.14285714285714
226.198404338,-5.5,3.9,-4.629125496579874,3.734400182657661,0.8864793851021391,57.14285714285714
226.498022866,-5.4,3.4000000000000004,-4.629116608571732,3.7339113787001854,0.8400940495000585,57.14285714285714
226.698430697,-5.4,3.4000000000000004,-4.629467870144564,3.734062704579337,0.8398319199282768,57.14285714285714
226.998400825,-5.4,3.4000000000000004,-4.628931428226694,3.7344569243956607,0.8404809198623912,57.14285714285714
227.198502616,-5.4,3.4000000000000004,-4.628364060022422,3.734559045917101,0.8410420792505222,57.14285714285714
227.49843785,-5.4,3.4000000000000004,-4.628739653063407,3.734769891879573,0.8407814241916948,57.14285714285714
227.698544582,-5.4,3.4000000000000004,-4.628898904728398,3.734931269507252,0.8406996219951592,57.14285714285714
227.998498265,-5.4,3.4000000000000004,-4.628470812384569,3.73507356194344,0.8411489637727626,57.14285714285714
228.198512759,-5.4,3.4000000000000004,-4.628217947879151,3.735632084146685,0.841603488517316,57.14285714285714
228.497965409,-5.4,3.4000000000000004,-4.62826997205569,3.7350847663125135,0.8413376472294807,57.14285714285714
228.699128887,-5.4,3.4000000000000004,-4.628683812730309,3.734390898596456,0.8406818267385099,57.14285714285714
228.998825696,-5.4,3.4000000000000004,-4.628639533250879,3.734104158881488,0.8406084454996446,57.14285714285714
229.199123343,-5.4,3.4000000000000004,-4.628462568836862,3.734386085989017,0.8408829063483623,57.14285714285714
229.498154288,-5.4,3.4000000000000004,-4.628417856850095,3.733960161966102,0.8407546570838763,57.14285714285714
229.699033192,-5.4,3.4000000000000004,-4.628659883528296,3.733539615503061,0.8403655456933681,57.14285714285714
229.99909944,-5.4,3.4000000000000004,-4.628822524160544,3.733720343513059,0.8402880261651889,57.14285714285714
230.198370265,-5.4,3.4000000000000004,-4.629105315280927,3.734239856121528,0.8402350244712841,57.14285714285714
230.49854975,-5.4,3.4000000000000004,-4.62888397102406,3.734497215895844,0.8405404913421444,57.14285714285714
230.698493694,-5.4,3.4000000000000004,-4.62857973602836,3.734659308225816,0.8408841039336256,57.14285714285714
230.998911136,-5.4,3.4000000000000004,-4.628614974053539,3.7342085054984113,0.8406724590480553,57.14285714285714
231.198499151,-5.4,3.4000000000000004,-4.628659180533302,3.7341238768166063,0.840598254122929,57.14285714285714
231.498028566,-5.4,3.4000000000000004,-4.629538116487853,3.7345917078829136,0.8399780502662495,57.14285714285714
231.698757405,-5.4,3.4000000000000004,-4.629985088334118,3.736535165916421,0.8403445020265254,57.14285714285714
231.998460402,-5.4,3.4000000000000004,-4.636331351023215,3.8092977477398935,0.8664377944982419,57.14285714285714
232.198854418,-5.4,3.4000000000000004,-4.6411987334829625,3.902731427068333,0.9102297785889136,57.14285714285714
232.49850283,-5.4,3.4000000000000004,-4.648551083992279,4.043794414354388,0.9895184289961902,57.14285714285714
232.699221481,-5.4,3.4000000000000004,-4.653123983973405,4.144166014037062,1.0543276719139871,57.14285714285714
232.998076839,-5.4,3.4000000000000004,-4.660822949773296,4.304674187083552,1.1682542943884846,57.14285714285714
233.198472609,-5.4,3.4000000000000004,-4.665899220927338,4.40491436754293,1.2444905945523639,57.14285714285714
233.498383579,-5.4,3.4000000000000004,-4.672064811019044,4.5459788446975065,1.3576292394652423,57.14285714285714
233.699025931,-5.3,4.0,-4.677771062409343,4.6456921277560825,0.8967090802603563,57.14285714285714
233.998455645,-5.3,4.0,-4.68511483671639,4.805859147735983,1.0136531606107075,57.14285714285714
234.198347922,-5.3,4.0,-4.690575034958021,4.905178734215557,1.0912136953376708,57.14285714285714
234.498391863,-5.1,4.5,-4.696873936038876,5.045083341438343,0.6779575743056329,57.14285714285714
234.69902580700003,-5.1,4.5,-4.702245060671021,5.14530615193439,0.7580428889482244,57.14285714285714
234.99851752,-5.1,4.5,-4.711348354945796,5.305441211028553,0.8943073552344744,57.14285714285714
235.19851664,-5.1,4.5,-4.71671210353961,5.405080597998162,0.9828939416059806,57.14285714285714
235.498179277,-5.1,4.5,-4.729934436207054,5.544202860707724,1.1078393998299507,57.14285714285714
235.698426208,-5.1,4.5,-4.7487718569870605,5.642427373299619,1.1951993606543576,57.14285714285714
235.99835846200003,-5.1,4.5,-4.794219495372894,5.795676909039541,1.3312702090966604,57.14285714285714
236.19835343000003,-5.1,5.200000000000001,-4.824437906618663,5.8911737837401255,0.7440804167819125,57.14285714285714
236.49822346200003,-5.1,5.200000000000001,-4.865913160106535,6.024751176415351,0.8573279137003601,57.14285714285714
236.698382191,-5.1,5.200000000000001,-4.896424686442036,6.12019627975753,0.9424458082934103,57.14285714285714
236.998791216,-5.1,5.200000000000001,-4.948485613836799,6.27123166715085,1.08189366109669,57.14285714285714
237.199173074,-5.5,6.100000000000001,-4.981215370391049,6.365750801015123,0.5828901956275084,42.857142857142854
237.49789114100005,-5.5,6.100000000000001,-5.018878242442225,6.500154092849212,0.6257806673423659,42.857142857142854
237.6991229,-5.5,6.100000000000001,-5.040154858524885,6.597857834612294,0.6777314937518467,42.857142857142854
237.999058876,-5.5,6.100000000000001,-5.070480727672005,6.755550587542677,0.7837304243990516,42.857142857142854
238.19834274,-5.5,6.100000000000001,-5.0858319587891865,6.854214378182377,0.8604501697468768,42.857142857142854
238.498462194,-5.5,6.100000000000001,-5.101475264173501,6.993552561847339,0.9783957000362995,42.857142857142854
238.69923267,-5.5,6.100000000000001,-5.110485755749466,7.0930118354193405,1.066674201317792,42.857142857142854
238.998411367,-5.5,6.100000000000001,-5.119781305058442,7.253101143915927,1.2141698827113436,42.857142857142854
239.198265949,-5.5,6.100000000000001,-5.126241910782289,7.3528665055151965,1.3074286175151326,42.857142857142854
239.49841144,-5.5,6.100000000000001,-5.135149345128027,7.492738018137217,1.439734415621606,42.857142857142854
239.698455864,-5.5,6.100000000000001,-5.141300708598349,7.593448608318905,1.5359211982851584,42.857142857142854
239.999018262,-5.5,6.100000000000001,-5.150534388595556,7.752908061925532,1.6894470322364936,42.857142857142854
240.198549484,-5.3,7.0,-5.154095183601064,7.852916018264396,0.8653056972309834,57.14285714285714
240.498498336,-5.3,7.0,-5.159374967666891,7.992720560962852,1.0026312940842652,57.14285714285714
240.698928518,-5.3,7.0,-5.163569641978656,8.09284565366008,1.1013286817810377,57.14285714285714
240.998807668,-5.3,7.0,-5.169601444219699,8.253008432028249,1.2597753427034042,57.14285714285714
241.198703766,-5.3,7.0,-5.173815475594682,8.352132209197775,1.3580073804473418,57.14285714285714
241.498448028,-5.4,7.5,-5.178226779112357,8.483129674143651,1.0078329810463045,57.14285714285714
241.699039385,-5.4,7.5,-5.179052723417957,8.538520234042782,1.0617636156627783,57.14285714285714
241.99856562500003,-5.4,7.5,-5.178761130333299,8.55609209383503,1.0790167506170871,57.14285714285714
242.198850216,-5.4,7.5,-5.178851001456748,8.556064420313943,1.0789712412338466,57.14285714285714
242.498534277,-5.3,8.100000000000001,-5.178964659525175,8.555997729145165,0.4717875397140147,57.14285714285714
242.69906968900003,-5.3,8.100000000000001,-5.179028355010085,8.5559519553265,0.4717269596468111,57.14285714285714
242.998815221,-5.3,8.100000000000001,-5.179104527892576,8.555881730241992,0.47163955214179026,57.14285714285714
243.198508868,-5.3,8.100000000000001,-5.17914133363738,8.55583947676497,0.4715892766086935,57.14285714285714
243.498021045,-5.3,8.100000000000001,-5.179182312583029,8.555782294515456,0.471523502687361,57.14285714285714
243.698937257,-5.3,8.100000000000001,-5.179205722515876,8.555742742619458,0.4714792730579104,57.14285714285714
243.998421923,-5.3,8.100000000000001,-5.179236336308338,8.555681551352807,0.4714122810359656,57.14285714285714
244.19833847,-5.3,8.100000000000001,-5.179253970156456,8.55564447731648,0.47137192686029317,57.14285714285714
244.498291996,-5.3,8.100000000000001,-5.1792761983785525,8.555594045965446,0.47131748428962195,57.14285714285714
244.699021054,-5.3,8.100000000000001,-5.179290287572213,8.555559064778656,0.4712800612973153,57.14285714285714
244.998792465,-5.3,8.100000000000001,-5.179310797627619,8.555504792089193,0.47122234580450384,57.14285714285714
245.19923836900003,-5.3,8.100000000000001,-5.179322990292246,8.555471879229845,0.47118740798239783,57.14285714285714
245.498476404,-5.3,8.100000000000001,-5.179339399628878,8.555427075585875,0.4711398960591437,57.14285714285714
245.698463069,-5.3,8.100000000000001,-5.179350855628578,8.555395944734762,0.4711068695300691,57.14285714285714
245.998436735,-5.3,8.100000000000001,-5.179369196091991,8.555347589109813,0.47105542960421337,57.14285714285714
246.198520571,-5.3,8.100000000000001,-5.179380274279814,8.55531826126346,0.47102424276547844,57.14285714285714
246.49848487000003,-5.3,8.100000000000001,-5.179395265033523,8.555278323287157,0.47098179768595894,57.14285714285714
246.699161859,-5.3,8.100000000000001,-5.179405618621365,8.555250576601189,0.4709523248862983,57.14285714285714
246.999091782,-5.3,8.100000000000001,-5.179421964604658,8.55520749607212,0.4709064950709937,57.14285714285714
247.199054244,-5.3,8.100000000000001,-5.179431920909579,8.555181356874211,0.4708786779430565,57.14285714285714
247.498055094,-5.3,8.100000000000001,-5.179744738077908,8.556153141018195,0.4717382919381409,57.14285714285714
247.699018803,-5.3,8.100000000000001,-5.179670323880524,8.556450814926961,0.4720451010258488,57.14285714285714
247.99905209,-5.3,8.100000000000001,-5.179387708211057,8.556610244983673,0.4722713634708651,57.14285714285714
248.198801913,-5.3,8.100000000000001,-5.179967047889207,8.556719954365184,0.4722298447872243,57.14285714285714
248.498506195,-5.3,8.100000000000001,-5.180756521611673,8.556137194625599,0.4714659557794789,57.14285714285714
248.698547834,-5.3,8.100000000000001,-5.180705436063485,8.556231467998906,0.4715700853290404,57.14285714285714
248.99905237700003,-5.3,8.100000000000001,-5.180324664657065,8.55674623412572,0.4721644928173546,57.14285714285714
249.199080943,-5.3,8.100000000000001,-5.179768297118466,8.556098466311058,0.4716794179833282,57.14285714285714
249.497692816,-5.3,8.100000000000001,-5.179740064758385,8.556018446670175,0.4716092405029771,57.14285714285714
249.699147901,-5.3,8.100000000000001,-5.180073832940495,8.556490042459945,0.4719803432460565,57.14285714285714
249.99850649,-5.3,8.100000000000001,-5.180151322404722,8.556508385896247,0.4719784019581115,57.14285714285714
250.19881134,-5.3,8.100000000000001,-5.179948322385783,8.556307755392579,0.47183595976716336,57.14285714285714
250.498511225,-5.3,8.100000000000001,-5.180135361156902,8.556044499337554,0.47153379202452256,57.14285714285714
250.699148317,-5.3,8.100000000000001,-5.180779478663199,8.555882767629177,0.4712139965334807,57.14285714285714
250.998351524,-5.3,8.100000000000001,-5.181153705911464,8.555939428876217,0.47117428242906917,57.14285714285714
251.198535727,-5.3,8.100000000000001,-5.179752777622684,8.556651873621991,0.4722185173962721,57.14285714285714
251.49845469,-5.3,8.100000000000001,-5.179825971117603,8.556529415569814,0.4720814596002919,57.14285714285714
251.698866055,-5.3,8.100000000000001,-5.180871813635021,8.55641051814049,0.4717012676004575,57.14285714285714
251.999070823,-5.3,8.100000000000001,-5.180965208424452,8.556233627993858,0.4715065269090887,57.14285714285714
252.19876641,-5.3,8.100000000000001,-5.181186580754694,8.556542440859724,0.4717495404331775,57.14285714285714
252.498397215,-5.3,8.100000000000001,-5.181416382298411,8.556901742129675,0.47203948600549,57.14285714285714
252.699317814,-5.3,8.100000000000001,-5.18119389942694,8.556641554694632,0.47184361710984873,57.14285714285714
252.99887131000003,-5.3,8.100000000000001,-5.180566880346603,8.556533328625983,0.47189718182720825,57.14285714285714
253.198984582,-5.3,8.100000000000001,-5.180850248559999,8.556633858534845,0.4719228157534167,57.14285714285714
253.498511547,-5.3,8.100000000000001,-5.180780731617938,8.557012834236081,0.47230706601748906,57.14285714285714
253.698407454,-5.3,8.100000000000001,-5.180670548253994,8.55636149235387,0.4717047061005992,57.14285714285714
253.999154496,-5.3,8.100000000000001,-5.180623298017653,8.555814873032896,0.4711878558008212,57.14285714285714
254.19849215500005,-5.3,8.100000000000001,-5.180614257167691,8.53128611914957,0.4475049409366538,57.14285714285714
254.49828522700005,-5.3,8.100000000000001,-5.178882888148311,8.428226719051422,0.3498601633260842,57.14285714285714
254.69843341900005,-5.3,8.100000000000001,-5.176281403928448,8.326883948781742,0.2584233294977662,57.14285714285714
254.998942941,-5.3,8.100000000000001,-5.172966950059067,8.16656899145753,0.1434183614498786,57.14285714285714
255.198484266,-5.3,8.100000000000001,-5.170970171316909,8.06601806903332,0.13342963809518557,57.14285714285714
255.49848654,-5.3,8.100000000000001,-5.167789150322774,7.926044979484236,0.21849498377540486,57.14285714285714
255.698236827,-5.3,8.100000000000001,-5.165308032388644,7.825995124355886,0.30532048410770846,57.14285714285714
255.99833698,-5.3,8.100000000000001,-5.161412026261204,7.665554453496428,0.4560148674569871,57.14285714285714
256.19890015000004,-5.3,8.100000000000001,-5.158729136572503,7.565914316192516,0.5524535948852717,57.14285714285714
256.498099484,-5.3,8.100000000000001,-5.155960838899336,7.425539605839752,0.6896695608923027,57.14285714285714
256.698481988,-5.6,7.600000000000001,-5.153830523864087,7.325978348348852,0.5235981923278749,57.14285714285714
256.99835981800004,-5.6,7.600000000000001,-5.157001408803037,7.166415496489205,0.6198735947652533,57.14285714285714
257.19853725,-5.6,7.600000000000001,-5.165317990013066,7.066389228934545,0.688250611916438,57.14285714285714
257.498171365,-5.699999999999999,7.100000000000001,-5.178872334743788,6.927633175064819,0.5488937655262859,57.14285714285714
257.698369072,-5.699999999999999,7.100000000000001,-5.193299971672428,6.828755221683847,0.5747335456287032,57.14285714285714
257.99919166300003,-5.699999999999999,7.100000000000001,-5.229745270727257,6.673125575007973,0.6351073020487599,57.14285714285714
258.198420295,-5.699999999999999,7.100000000000001,-5.263202464503946,6.579039694411885,0.6798468408501207,57.14285714285714
258.49802237700004,-5.699999999999999,7.100000000000001,-5.325438064600795,6.453901091884416,0.7468202210158411,57.14285714285714
258.698459727,-5.699999999999999,7.100000000000001,-5.3803121497295,6.370484474493408,0.7964880561350144,57.14285714285714
258.99904661100004,-5.699999999999999,7.100000000000001,-5.484011545941908,6.249075138857139,0.8779089540478583,57.14285714285714
259.19904674500003,-5.699999999999999,6.600000000000001,-5.551693370664028,6.17582322844852,0.4493559722857091,42.857142857142854
259.498480658,-5.699999999999999,6.600000000000001,-5.6503064272352725,6.07685098852623,0.5255038909276575,42.857142857142854
259.698462775,-5.699999999999999,6.600000000000001,-5.725631560471902,6.011330316011421,0.5892274380402192,42.857142857142854
259.998484172,-5.699999999999999,6.600000000000001,-5.852693114792713,5.915290718998794,0.7015283221611873,42.857142857142854
260.19911105700004,-5.699999999999999,6.600000000000001,-5.937839331644192,5.862652997284046,0.7747568328780066,42.857142857142854
260.498018221,-6.0,6.199999999999999,-6.061484961362649,5.797045249198844,0.4076186105503378,42.857142857142854
260.69908869700004,-6.0,6.199999999999999,-6.152431650114135,5.755719949611443,0.4697022153766962,42.857142857142854
260.99865179100004,-6.0,6.199999999999999,-6.304332126527122,5.705995445583455,0.5802228391065009,42.857142857142854
261.19845950900003,-6.0,6.199999999999999,-6.402367252492524,5.685479051061896,0.6531701254455448,42.857142857142854
261.497949149,-6.6,5.700000000000001,-6.541329002344899,5.665349415378801,0.06813918828718049,42.857142857142854
261.698955139,-6.6,5.700000000000001,-6.639926337429498,5.654381254326304,0.06062328246949021,42.857142857142854
261.99824901,-6.6,5.700000000000001,-6.800041199842676,5.641095404649586,0.20853352964905603,42.857142857142854
262.1984638,-7.1,5.700000000000001,-6.89981383747397,5.634763558626987,0.21054760257460214,42.857142857142854
262.498472794,-7.1,5.700000000000001,-7.040205132940604,5.6277094061344775,0.09381554289178802,42.857142857142854
262.698519471,-7.1,5.700000000000001,-7.140034439453848,5.622849956273943,0.08691884484573259,42.857142857142854
262.998468263,-7.1,5.700000000000001,-7.299863709458781,5.614863029202343,0.21724135461561023,42.857142857142854
263.198548194,-7.1,5.700000000000001,-7.399894627515593,5.609683189160386,0.31319947945830817,42.857142857142854
263.498122825,-7.1,5.700000000000001,-7.539809873913447,5.602687254192546,0.45044699542604255,42.857142857142854
263.69854803100003,-7.1,5.700000000000001,-7.639914078566376,5.598010152040273,0.5494625931954125,42.857142857142854
263.998437652,-7.1,5.700000000000001,-7.76951136949487,5.591824733789804,0.678194192029498,42.857142857142854
264.199109529,-7.699999999999999,5.700000000000001,-7.800709192588696,5.5902523802046025,0.14895261502445217,57.14285714285714
264.498440613,-7.699999999999999,5.700000000000001,-7.803614293165508,5.590111531765195,0.15103442388800006,57.14285714285714
264.699052155,-7.699999999999999,5.700000000000001,-7.803621612069997,5.5901978098684655,0.1509766851062342,57.14285714285714
264.998855363,-7.699999999999999,5.700000000000001,-7.803555556530525,5.5903455913649385,0.1508238794801811,57.14285714285714
265.198853246,-7.699999999999999,5.700000000000001,-7.803515485703687,5.590435565453531,0.15073095600425954,57.14285714285714
265.49794541700004,-7.699999999999999,5.700000000000001,-7.803459895331966,5.590537835468706,0.1506184431136433,57.14285714285714
265.69846924300003,-7.699999999999999,5.700000000000001,-7.803420348330994,5.59059050314437,0.15055300213249356,57.14285714285714
265.997311673,-7.699999999999999,5.700000000000001,-7.803357888480459,5.590650907902791,0.1504661990402603,57.14285714285714
266.19834210100004,-7.699999999999999,5.700000000000001,-7.803319399680227,5.590676020856914,0.15042151031671233,57.14285714285714
266.498062187,-7.699999999999999,5.700000000000001,-7.803266601531892,5.590702171157106,0.15036624083123676,57.14285714285714
266.69907490400004,-7.699999999999999,5.700000000000001,-7.803229655936561,5.590715066225146,0.15033149575174007,57.14285714285714
266.998913851,-7.699999999999999,5.700000000000001,-7.80317197852019,5.59072893210491,0.15028181337309013,57.14285714285714
267.199060426,-8.3,5.800000000000001,-7.8031368625493425,5.590734722156643,0.5391335028248284,57.14285714285714
267.49805579900004,-8.3,5.800000000000001,-7.803088919483093,5.590740326574711,0.5391755121132077,57.14285714285714
267.69913184200004,-8.3,5.800000000000001,-7.803055550622978,5.590742909983317,0.5392052628534729,57.14285714285714
267.998588584,-8.3,5.800000000000001,-7.803003646071626,5.590744918797239,0.5392523201871947,57.14285714285714
268.198913719,-8.3,5.800000000000001,-7.802972144286189,5.590745586877161,0.5392810943903502,57.14285714285714
268.498543491,-8.3,5.800000000000001,-7.8029291961714575,5.590745889860022,0.5393205601766248,57.14285714285714
268.698949082,-8.3,5.800000000000001,-7.802899344625646,5.590745736472786,0.5393481328213993,57.14285714285714
268.99907920000004,-8.3,5.800000000000001,-7.802852953670161,5.590744833070597,0.539391240715991,57.14285714285714
269.198495787,-8.3,5.800000000000001,-7.802824800169371,5.590743944304387,0.5394175341717325,57.14285714285714
269.497968657,-8.3,5.800000000000001,-7.802786449844479,5.590742490404095,0.5394534454246612,57.14285714285714
269.698493471,-8.3,5.800000000000001,-7.802759795847683,5.590741309537786,0.5394784705244499,57.14285714285714
269.99844992600003,-8.3,5.800000000000001,-7.803793616024724,5.591098985890503,0.5383868583033913,57.14285714285714
270.199212652,-8.3,5.800000000000001,-7.80398555263185,5.590356647642476,0.5384985303467722,57.14285714285714
270.498408335,-8.3,5.800000000000001,-7.803689643688674,5.59013675721781,0.5388567067903421,57.14285714285714
270.698921786,-8.3,5.800000000000001,-7.803475001378184,5.590432496536979,0.5389393405236977,57.14285714285714
270.998797572,-8.3,5.800000000000001,-7.803305847788344,5.590320493025587,0.5391387358429084,57.14285714285714
271.198981573,-8.3,5.800000000000001,-7.802721472313417,5.590376236106815,0.5396554979678079,57.14285714285714
271.498070954,-8.3,5.800000000000001,-7.802587650031646,5.590471284251721,0.5397419092716113,57.14285714285714
271.69910086600004,-8.3,5.800000000000001,-7.8023805589964494,5.590353474029156,0.5399784939387225,57.14285714285714
271.998456571,-8.3,5.800000000000001,-7.802911905802593,5.590199737635631,0.5395486293940236,57.14285714285714
272.19736645700004,-8.3,5.800000000000001,-7.80246605515244,5.589875160483995,0.5400856177100097,57.14285714285714
272.498158918,-8.3,5.800000000000001,-7.80229996927275,5.590149499922374,0.5401319773617709,57.14285714285714
272.698521689,-8.3,5.800000000000001,-7.805384334302394,5.5965339810075445,0.5348299520764758,57.14285714285714
272.998506701,-8.799999999999999,5.600000000000001,-7.83820811408315,5.6812285442406285,0.9652158868434257,57.14285714285714
273.198412314,-8.799999999999999,5.600000000000001,-7.867675071142116,5.77477457771728,0.9485651933241641,57.14285714285714
273.498028631,-8.799999999999999,5.600000000000001,-7.899894807487423,5.91200582991367,0.9526473615605188,57.14285714285714
273.699104385,-8.799999999999999,5.600000000000001,-7.914909694044743,6.010952075723447,0.9758414103927833,57.14285714285714
273.998473515,-8.799999999999999,5.600000000000001,-7.923979147594547,6.171090381859921,1.0457326417885608,57.14285714285714
274.198618152,-8.799999999999999,5.600000000000001,-7.929736762161147,6.271069889002751,1.0989508173980878,57.14285714285714
274.49839538500004,-8.799999999999999,5.600000000000001,-7.94233044532804,6.410420139333323,1.179990621678086,57.14285714285714
274.699136208,-8.6,6.100000000000001,-7.954099252970606,6.509880312247614,0.7649768920570934,71.42857142857143
274.998455659,-8.6,6.100000000000001,-7.975241611666345,6.668302718664094,0.8445655829089088,71.42857142857143
275.198941218,-8.6,6.100000000000001,-7.988804078356303,6.767685541133006,0.9051875145360554,71.42857142857143
275.49798587600003,-8.6,6.100000000000001,-8.012931067250289,6.905274093674325,0.9965522052270454,71.42857142857143
275.699109382,-8.6,6.100000000000001,-8.040305229474745,7.001511660200234,1.0611227589823418,71.42857142857143
275.99915703700003,-8.9,6.699999999999999,-8.103728982758383,7.148781005986315,0.9140305926133376,71.42857142857143
276.19840813900004,-8.9,6.699999999999999,-8.148812025353626,7.237507935484339,0.9236872598244269,71.42857142857143
276.998334858,-8.9,6.699999999999999,-8.319800310286546,7.599281743065097,1.0702052762688985,71.42857142857143
285.69843400400003,-8.7,8.2,-8.397770357324541,7.847676316297119,0.46419256242393886,71.42857142857143
285.998397123,-8.7,8.2,-8.397714785793896,7.848042425597883,0.4639509509707368,71.42857142857143
296.699030799,-9.1,5.800000000000001,-7.700741293669487,5.177557841903028,1.5314565509403644,71.42857142857143
296.998880539,-9.1,5.800000000000001,-7.6403595702203715,5.029990678548513,1.6502922587740143,71.42857142857143
297.19904038000004,-9.1,5.800000000000001,-7.604346906117552,4.936236611317611,1.727155282210671,71.42857142857143
297.49796576700004,-9.1,5.800000000000001,-7.566923917361526,4.801244324761853,1.8297090407981635,71.42857142857143
297.698743389,-8.7,5.0,-7.543456356840011,4.704248738009405,1.1937596104336954,57.14285714285714
297.999060648,-8.7,5.0,-7.504549275161772,4.549267078825216,1.27760032942505,57.14285714285714
298.19892513400004,-8.7,5.0,-7.480579963893126,4.452233631656334,1.336799618023321,57.14285714285714
298.498503388,-8.7,5.0,-7.449645937777959,4.315833953652392,1.4252959201127589,57.14285714285714
298.69849184500004,-8.7,5.0,-7.427809002324707,4.218142515847602,1.4932417955880994,57.14285714285714
298.99841022500004,-8.6,4.5,-7.393328729623231,4.062238807351207,1.283623938909671,57.14285714285714
299.199228365,-8.6,4.5,-7.371526740777559,3.964877979539384,1.3399634791315989,57.14285714285714
299.497985065,-8.6,4.5,-7.341273390025661,3.8271629758863672,1.4272709412286024,57.14285714285714
299.69909393800003,-8.6,4.5,-7.320248804019388,3.729926242704301,1.4935784931798262,57.14285714285714
299.99905542600004,-8.6,4.5,-7.290442161064395,3.5729821673101654,1.6044637096683267,57.14285714285714
300.198915328,-8.6,4.5,-7.274321653917593,3.473968727948244,1.676354153662027,57.14285714285714
300.49847229,-8.6,4.5,-7.256783050330323,3.335234757879146,1.7778947784199053,57.14285714285714
300.699286801,-8.6,3.8000000000000007,-7.249684602655052,3.234951461805022,1.463773043481511,57.14285714285714
300.998953721,-8.6,3.8000000000000007,-7.238142322827019,3.0756921313149075,1.5424909145645327,57.14285714285714
301.19846217400004,-8.6,3.8000000000000007,-7.231165405414014,2.975737054118431,1.5978477872715982,57.14285714285714
301.49842934000003,-8.6,3.8000000000000007,-7.220077600486584,2.8361163074498847,1.6832283271864543,57.14285714285714
301.699011354,-8.6,3.8000000000000007,-7.211195248384093,2.736488655419961,1.7492384108981156,57.14285714285714
301.998956878,-8.6,3.8000000000000007,-7.19658599971195,2.576364588038221,1.8619491071485759,57.14285714285714
302.198881127,-8.399999999999999,3.1000000000000014,-7.187607247687631,2.4767956543377694,1.363187383418673,57.14285714285714
302.498233787,-8.399999999999999,3.1000000000000014,-7.174506393270447,2.337113610794165,1.4435477903313498,57.14285714285714
302.69842369400004,-8.399999999999999,3.1000000000000014,-7.165293898240557,2.2378051653233504,1.5059479043662483,57.14285714285714
302.99826303500004,-8.5,2.5,-7.150199383963996,2.078755088766433,1.4140045892044872,57.14285714285714
303.199096875,-8.5,2.5,-7.140408685887103,1.9788712682403964,1.4560438511516767,57.14285714285714
303.497884267,-8.5,2.5,-7.1264693792175535,1.8399205513891792,1.5239065734832231,57.14285714285714
303.69826209300004,-8.5,2.5,-7.11611035169717,1.740461684981537,1.5786225041664699,57.14285714285714
303.99844540000004,-8.5,2.5,-7.100244715999105,1.581432811692021,1.6742402857787322,57.14285714285714
304.198412916,-8.399999999999999,1.9000000000000004,-7.090257276869676,1.4818994475781684,1.3748578372792855,57.14285714285714
304.49830059000004,-8.399999999999999,1.9000000000000004,-7.075378454364345,1.3428006916253863,1.4370432521031982,57.14285714285714
304.699155566,-8.399999999999999,1.9000000000000004,-7.064642814571564,1.243721067311298,1.4879115733693224,57.14285714285714
304.99905123400004,-8.399999999999999,1.9000000000000004,-7.048026072998147,1.084409946285731,1.5789302185373653,57.14285714285714
305.19759841300004,-8.399999999999999,1.9000000000000004,-7.037475643928193,0.9847324024182864,1.64139800050807,57.14285714285714
305.49816173100004,-8.399999999999999,1.9000000000000004,-7.024615471771411,0.8451512647022494,1.7333171824134896,57.14285714285714
305.698896903,-8.5,1.200000000000001,-7.015948643122897,0.7454397791512049,1.552106125310662,57.14285714285714
305.998558154,-8.5,1.200000000000001,-7.001129434955351,0.586345084504663,1.6196250572490094,57.14285714285714
306.198979973,-8.5,1.200000000000001,-6.992357588392269,0.4867743069473354,1.6678358823663766,57.14285714285714
306.49817875,-8.5,1.200000000000001,-6.979238814583286,0.3473422254067983,1.743484976604124,57.14285714285714
306.69874482700004,-8.5,1.200000000000001,-6.970117798845273,0.247790965720731,1.8020104312608998,57.14285714285714
306.99848594400004,-8.7,0.5,-6.95490827316316,0.0882154939808902,1.7930174607269678,71.42857142857143
307.19926449900004,-8.7,0.5,-6.9460601636709125,-0.0111082907414042,1.8268926170759745,71.42857142857143
307.698813629,-8.7,0.5,-6.923833579955268,-0.2504693433516785,1.9282041870624638,71.42857142857143
307.998212035,-8.7,0.5,-6.90950920486182,-0.4091713779661409,2.00809608385341,71.42857142857143
308.698453503,-8.3,-0.2999999999999989,-6.878742198516375,-0.7328661858067537,1.4857142636095804,71.42857142857143
308.998041111,-8.3,-0.2999999999999989,-6.873199667568716,-0.7880926436020936,1.5079766634018263,71.42857142857143
309.198176865,-8.3,-0.2999999999999989,-6.873135719036566,-0.7887801128007251,1.5082598167951007,71.42857142857143
309.49791402200003,-8.3,-0.2999999999999989,-6.873219303268113,-0.7887368574969831,1.5081667256781526,71.42857142857143
309.698189285,-8.3,-0.2999999999999989,-6.873286392467117,-0.7887075351280853,1.5080937546487174,71.42857142857143
311.198045165,-8.3,-0.2999999999999989,-6.87358986163118,-0.7884909385560808,1.5077364756126186,71.42857142857143
313.698331841,-8.1,-1.0,-6.873713970483305,-0.7881852127278959,1.24444482814424,71.42857142857143
314.49798440300003,-8.1,-1.0,-6.873739548042784,-0.7881031572002344,1.2444335932555113,71.42857142857143
314.69888335,-8.1,-1.0,-6.873745611206156,-0.7880837951342178,1.244430915688323,71.42857142857143
315.198897804,-8.1,-1.0,-6.873011094328408,-0.7896765474560336,1.244884624907539,71.42857142857143
315.49878914600004,-8.1,-1.0,-6.873501091038368,-0.7896771935821338,1.24440156564654,71.42857142857143
320.19869935400004,-8.1,-1.0,-5.7828713913777126,-0.7507112972211522,2.330499913372454,71.42857142857143
320.49803813200003,-8.1,-1.0,-5.641996325310958,-0.7528203421605195,2.470400746444688,71.42857142857143
320.698820996,-7.6,-0.5999999999999996,-5.541879293186101,-0.7540391796094262,2.063877155421535,71.42857142857143
320.998383284,-7.6,-0.5999999999999996,-5.381670854221936,-0.7560492991154713,2.2238110492492087,71.42857142857143
321.198280437,-7.6,-0.5999999999999996,-5.281820060739359,-0.7560362778174364,2.323425391697695,71.42857142857143
321.498321367,-7.6,-0.5999999999999996,-5.141830267577452,-0.7541265911429249,2.4629968411461016,71.42857142857143
321.69811353200004,-7.6,-0.5999999999999996,-5.04177779635323,-0.7463871534752792,2.562407079668242,71.42857142857143
321.99833804400004,-7.1,-0.5,-4.882599149798654,-0.7304328631087069,2.2293420183709194,71.42857142857143
322.198514779,-7.1,-0.5,-4.782764117193388,-0.7214123377883519,2.3277898444428873,71.42857142857143
322.498065898,-7.1,-0.5,-4.642827556218949,-0.7087450126700832,2.4660232964819238,71.42857142857143
322.699085438,-7.1,-0.5,-4.543224081286483,-0.7002928351852692,2.5646091940761466,71.42857142857143
322.998239394,-6.5,-0.6999999999999993,-4.383686438067525,-0.6870474951987436,2.116353198263453,57.14285714285714
323.198549328,-6.5,-0.6999999999999993,-4.28357123303826,-0.6794229157837784,2.2165242826123923,57.14285714285714
323.49791265600004,-6.5,-0.6999999999999993,-4.144295116985089,-0.6677359543778978,2.3559258189722785,57.14285714285714
323.69910041400004,-6.5,-0.6999999999999993,-4.0442251997872365,-0.6593877178015951,2.4561105892905966,57.14285714285714
323.99869265800004,-6.5,-0.6999999999999993,-3.885220175295904,-0.6459559132496003,2.6153382754420638,57.14285714285714
324.198514384,-5.699999999999999,-0.6999999999999993,-3.785190772607105,-0.6367344765796622,1.9158540925035554,57.14285714285714
324.49816002200004,-5.699999999999999,-0.6999999999999993,-3.645803782969158,-0.6251119556145478,2.055560827914294,57.14285714285714
324.698481507,-5.699999999999999,-0.6999999999999993,-3.5460256178276017,-0.6163540120784688,2.1555978962576323,57.14285714285714
324.99881290400003,-5.699999999999999,-0.6999999999999993,-3.386848904034492,-0.6019967848456892,2.3152262573984017,57.14285714285714
325.199117103,-5.699999999999999,-0.6999999999999993,-3.287466689354225,-0.5931105952942938,2.414900064146299,57.14285714285714
325.49786962,-5.199999999999999,-0.5999999999999996,-3.1482637465123258,-0.5795117545182142,2.0518385467864073,57.14285714285714
325.699187543,-5.199999999999999,-0.5999999999999996,-3.048557299788905,-0.5705165877671908,2.1516447113518753,57.14285714285714
325.998448579,-5.199999999999999,-0.5999999999999996,-2.889565315049184,-0.5558569016606911,2.310856344854601,57.14285714285714
326.198422644,-5.199999999999999,-0.5999999999999996,-2.7896990830951043,-0.5464214530463555,2.410896341763005,57.14285714285714
326.497923797,-4.6,-0.7999999999999989,-2.650410407848984,-0.5337174899463826,1.9676905125003825,57.14285714285714
326.699259413,-4.6,-0.7999999999999989,-2.551039148604598,-0.5242525318305082,2.067432522901982,57.14285714285714
326.998468003,-4.6,-0.7999999999999989,-2.39208815561144,-0.5095886299654947,2.2269291583785527,57.14285714285714
327.19843159000004,-4.6,-0.7999999999999989,-2.300930167878388,-0.4998607294656476,2.3185783736351433,57.14285714285714
327.49832606800004,-4.6,-0.7999999999999989,-2.235430574758842,-0.4909474750373046,2.384680697697517,57.14285714285714
327.69846425500003,-3.9,-0.6999999999999993,-2.230017337597189,-0.4903743580983177,1.6830879366416578,57.14285714285714
327.998423467,-3.9,-0.6999999999999993,-2.2300470304425324,-0.4905479323638999,1.6830368650658967,57.14285714285714
328.198822291,-3.9,-0.6999999999999993,-2.230072788910656,-0.4906952422864566,1.6829929803591452,57.14285714285714
328.498571249,-3.9,-0.6999999999999993,-2.2301101080565684,-0.4908711495994493,1.682934082869766,57.14285714285714
328.698486204,-3.9,-0.6999999999999993,-2.230137617758376,-0.4909755234042178,1.6828938194199334,57.14285714285714
328.998417682,-3.9,-0.6999999999999993,-2.230182662210066,-0.4911117106516017,1.682832213564609,57.14285714285714
329.199128958,-3.9,-0.6999999999999993,-2.23021129224966,-0.4911797987853978,1.6827953544521852,57.14285714285714
329.498499783,-3.9,-0.6999999999999993,-2.230251495568375,-0.4912590909407227,1.6827456240224012,57.14285714285714
329.698452415,-3.9,-0.6999999999999993,-2.230280052870525,-0.4913071871873656,1.6827113216359204,57.14285714285714
329.99884633000005,-3.9,-0.6999999999999993,-2.230325269661012,-0.4913720455753435,1.6826584111161684,57.14285714285714
330.19904068,-3.9,-0.6999999999999993,-2.230353137777505,-0.4914065497137936,1.6826264802479862,57.14285714285714
330.498279572,-3.9,-0.6999999999999993,-2.2303914956306565,-0.4914492545967838,1.6825831246243594,57.14285714285714
330.69844420500004,-3.3999999999999995,-1.1999999999999993,-2.2304183036629808,-0.4914765580297526,1.367452672756152,57.14285714285714
330.999128046,-3.3999999999999995,-1.1999999999999993,-2.2304601551645504,-0.4915170675154078,1.3673958879123824,57.14285714285714
331.198639404,-3.3999999999999995,-1.1999999999999993,-2.2304856315113413,-0.491540666680256,1.3673618705629027,57.14285714285714
331.498260501,-3.3999999999999995,-1.1999999999999993,-2.2305203586353146,-0.4915722467572397,1.3673158059245334,57.14285714285714
331.698477433,-3.3999999999999995,-1.1999999999999993,-2.230544538371308,-0.491593811175154,1.3672839518909443,57.14285714285714
331.998681878,-3.3999999999999995,-1.1999999999999993,-2.2305820886150274,-0.4916268569042783,1.3672347133273428,57.14285714285714
332.198968708,-3.3999999999999995,-1.1999999999999993,-2.230604893799397,-0.4916466670154151,1.3672049439481584,57.14285714285714
332.497939836,-3.3999999999999995,-1.1999999999999993,-2.2306360298773606,-0.4916733487940077,1.3671644887977723,57.14285714285714
332.698493466,-3.3999999999999995,-1.1999999999999993,-2.2306060570484,-0.4916563769498024,1.3671989182733315,57.14285714285714
332.99852072000004,-3.3999999999999995,-1.1999999999999993,-2.2296976303376974,-0.4911153663955822,1.36825621145956,57.14285714285714
333.198429412,-3.3999999999999995,-1.1999999999999993,-2.229928678731776,-0.4911612250455545,1.368034833523359,57.14285714285714
333.49801486,-3.3999999999999995,-1.1999999999999993,-2.230041321264504,-0.4917242216885376,1.3676468433375677,57.14285714285714
333.699181979,-3.3999999999999995,-1.1999999999999993,-2.2302478105445784,-0.4916385181305832,1.3675145972646823,57.14285714285714
333.998458296,-3.3999999999999995,-1.1999999999999993,-2.2303762282592303,-0.4915910165122346,1.3674293602622662,57.14285714285714
334.19906009000005,-3.3999999999999995,-1.1999999999999993,-2.2302422124721724,-0.4918123437750327,1.3674293539014761,57.14285714285714
334.498563104,-3.3999999999999995,-1.1999999999999993,-2.231224729622839,-0.4919240628752768,1.3665310700383868,57.14285714285714
334.69854081100004,-3.3999999999999995,-1.1999999999999993,-2.230682507521226,-0.4919124211858948,1.3670008842307553,57.14285714285714
334.99841449400003,-3.3999999999999995,-1.1999999999999993,-2.2308039540197546,-0.491957897595724,1.3668734442928157,57.14285714285714
335.19835387,-3.3999999999999995,-1.1999999999999993,-2.231444415067636,-0.4923723058693978,1.366110942997387,57.14285714285714
335.498031076,-3.3999999999999995,-1.1999999999999993,-2.231168146967569,-0.4922615902962558,1.366404609635524,57.14285714285714
335.69847755800004,-3.3999999999999995,-1.1999999999999993,-2.23115960665747,-0.491671901926991,1.366717439571488,57.14285714285714
335.998338589,-3.3999999999999995,-1.1999999999999993,-2.229629050217099,-0.4887024046864865,1.3695665114168476,57.14285714285714
336.198630364,-3.3999999999999995,-1.1999999999999993,-2.2274465469844182,-0.454873094606386,1.3892788436164376,57.14285714285714
336.498206926,-3.3999999999999995,-1.1999999999999993,-2.2245673036831546,-0.3418522014689227,1.4553555124760482,57.14285714285714
336.699250618,-3.3999999999999995,-1.1999999999999993,-2.22443185570694,-0.2403923070620595,1.5175003743730353,57.14285714285714
336.99850054800004,-3.3999999999999995,-1.1999999999999993,-2.2237532593324616,-0.0796512349572989,1.6244192039814447,57.14285714285714
337.198884776,-3.3999999999999995,-1.1999999999999993,-2.223664919499253,0.0200280618000658,1.6947662650632154,57.14285714285714
337.498429365,-3.3999999999999995,-1.1999999999999993,-2.2262686106678644,0.1602761435035485,1.796662617435012,57.14285714285714
337.69847678900004,-3.3999999999999995,-1.1999999999999993,-2.2305778005971826,0.2605845717550955,1.8710573405711368,57.14285714285714
337.998071073,-3.3999999999999995,-1.1999999999999993,-2.237360085202032,0.4202153693825132,1.9941989405936251,57.14285714285714
338.198243379,-3.3999999999999995,-1.1999999999999993,-2.2436158703374884,0.5205273541358059,2.073026442586992,57.14285714285714
338.49844711400004,-3.3999999999999995,-1.1999999999999993,-2.254333771135088,0.6598809296086814,2.1844239927916003,57.14285714285714
338.699116806,-3.3,-0.6999999999999993,-2.261723578269503,0.7599950648024508,1.7915366357317384,57.14285714285714
338.998574882,-3.3,-0.6999999999999993,-2.273940387293373,0.9197625538978212,1.917401642806552,57.14285714285714
339.198511112,-3.3,-0.6999999999999993,-2.282618612571545,1.0192540286194478,1.9977235300236231,57.14285714285714
339.497993396,-3.3,-0.6999999999999993,-2.2943344424772207,1.1586984076261806,2.1133203694896094,57.14285714285714
339.698517041,-3.3,-0.1999999999999993,-2.3026635158611737,1.2583650807455644,1.7667792084276999,57.14285714285714
339.99831728600003,-3.3,-0.1999999999999993,-2.317167028801941,1.4176681025698026,1.8928314080619508,57.14285714285714
340.199055969,-3.3,-0.1999999999999993,-2.3256144735530664,1.5170583313255674,1.9742635252984357,57.14285714285714
340.49848119,-3.3,-0.1999999999999993,-2.3388434290938074,1.656507525764047,2.090560247162155,57.14285714285714
340.69851344200003,-3.3,-0.1999999999999993,-2.348483664470576,1.7563453316554476,2.175470154580247,57.14285714285714
340.998243455,-3.3,-0.1999999999999993,-2.364446575802275,1.9153767400558752,2.3130237702837184,57.14285714285714
341.19843798600004,-3.3,-0.1999999999999993,-2.3760540076209824,2.0148653298424546,2.3998551260797742,57.14285714285714
341.498033898,-3.3,0.7000000000000011,-2.3934461898964643,2.1535187993048406,1.7130547891255024,57.14285714285714
341.69847838000004,-3.3,0.7000000000000011,-2.40517381380391,2.252993008293738,1.792345164110828,57.14285714285714
341.99851137900004,-3.3,0.7000000000000011,-2.41926167439974,2.412410071413534,1.9256293129415252,57.14285714285714
342.19826519900005,-3.3,0.7000000000000011,-2.4213564971114696,2.5114114977998026,2.013262531198936,57.14285714285714
342.49846814200004,-3.3,0.7000000000000011,-2.4159345814709825,2.6091846170668096,2.103938584247036,57.14285714285714
342.698502286,-3.3,1.700000000000001,-2.408823676190472,2.649261435019036,1.3020339903908278,57.14285714285714
342.99846139600004,-3.3,1.700000000000001,-2.3807755845849274,2.775385936209885,1.4147185012196564,57.14285714285714
343.198804918,-3.3,1.700000000000001,-2.360857301191884,2.874332005217084,1.50367704883787,57.14285714285714
343.49805365400005,-3.3,1.700000000000001,-2.342980638309463,3.0133763468388617,1.6250672254052612,57.14285714285714
343.698497653,-3.3,1.700000000000001,-2.333967909242912,3.1109329545544924,1.709956082073565,57.14285714285714
343.99856453,-3.3,2.200000000000001,-2.329036839248416,3.20589072522395,1.3980649522208428,57.14285714285714
344.19871251300003,-3.3,2.200000000000001,-2.329069604991817,3.216640190454523,1.4057962543690863,57.14285714285714
344.49845210200004,-3.3,2.200000000000001,-2.328898825096909,3.216644410114073,1.405917262328887,57.14285714285714
344.69899998700004,-3.3,2.200000000000001,-2.328718237407967,3.2165839344737845,1.4059982781547364,57.14285714285714
344.999142644,-3.3,2.200000000000001,-2.328479723827088,3.216494389509623,1.4060983219247616,57.14285714285714
345.19902370100004,-3.3,2.200000000000001,-2.3283641848788776,3.216443132277319,1.406141101874137,57.14285714285714
345.498461099,-3.3,2.200000000000001,-2.328237162972586,3.2163764896256724,1.4061807067697132,57.14285714285714
345.698442401,-3.1999999999999997,2.9000000000000004,-2.3281669867131183,3.216332107315637,0.9274474676096943,57.14285714285714
345.999236755,-3.1999999999999997,2.9000000000000004,-2.3280802817344446,3.2162655493291314,0.9275062764168995,57.14285714285714
346.19851075500003,-3.1999999999999997,2.9000000000000004,-2.328039880234711,3.216226432523546,0.927530919747512,57.14285714285714
346.497668383,-3.1999999999999997,2.9000000000000004,-2.3279963683677414,3.2161744054592143,0.9275540891222112,57.14285714285714
346.698589231,-3.1999999999999997,2.9000000000000004,-2.3279715347640413,3.216138798519591,0.9275652991090122,57.14285714285714
346.998549269,-3.1999999999999997,2.9000000000000004,-2.32793805428282,3.21608406546502,0.9275781226446256,57.14285714285714
347.198975496,-3.1999999999999997,2.9000000000000004,-2.3279200093807364,3.216051117213844,0.927583860753632,57.14285714285714
347.49806271,-3.1999999999999997,2.9000000000000004,-2.327897431169614,3.216006440955156,0.9275898669593702,57.14285714285714
347.69913697500004,-3.1999999999999997,2.9000000000000004,-2.3278823438798075,3.2159754777328846,0.9275935039903537,57.14285714285714
347.998693059,-3.1999999999999997,2.9000000000000004,-2.327859737948037,3.215927465074848,0.9275984044190058,57.14285714285714
348.198576886,-3.1999999999999997,2.9000000000000004,-2.327846441495589,3.2158983996106643,0.9276010071622849,57.14285714285714
348.499314575,-3.1999999999999997,2.9000000000000004,-2.327828708052806,3.2158588440288685,0.9276042107753122,57.14285714285714
348.699109881,-3.1999999999999997,2.9000000000000004,-2.3278166082052034,3.2158313661315203,0.927606231520238,57.14285714285714
348.99853506600004,-3.1999999999999997,2.9000000000000004,-2.327797876789277,3.2157887629729114,0.9276093394060099,57.14285714285714
349.19913469700003,-3.1999999999999997,2.9000000000000004,-2.327786561561726,3.2157629233969254,0.9276111825460538,57.14285714285714
349.498322754,-3.1999999999999997,2.9000000000000004,-2.3277713424913165,3.215727740656638,0.9276135171500818,57.14285714285714
349.698674933,-3.1999999999999997,2.9000000000000004,-2.327018179631198,3.220576869733444,0.9299821439697215,57.14285714285714
349.99831641400004,-3.1999999999999997,2.9000000000000004,-2.318504644655011,3.297965742202237,0.9671663732064741,57.14285714285714
350.198536143,-3.1999999999999997,2.9000000000000004,-2.30773290676644,3.3923241537708644,1.0190797996494994,57.14285714285714
350.49823879400003,-3.1999999999999997,2.9000000000000004,-2.2821023394624813,3.531252112071393,1.1140086822888067,57.14285714285714
350.69896001700005,-3.1999999999999997,2.9000000000000004,-2.261936740506572,3.629412303865205,1.1882781609713189,57.14285714285714
350.998387653,-3.1999999999999997,2.9000000000000004,-2.233763574215524,3.786419229634509,1.3112405885948597,57.14285714285714
351.198380217,-3.1999999999999997,2.9000000000000004,-2.222488461399062,3.886017750797698,1.3884379038999632,57.14285714285714
351.498024905,-3.1999999999999997,2.9000000000000004,-2.208635340502976,4.0249922143865815,1.4994703633383597,57.14285714285714
351.699060003,-3.1999999999999997,2.9000000000000004,-2.200730802064212,4.124845529751783,1.580754725343612,57.14285714285714
351.99832899,-3.1,3.5,-2.201577354696557,4.285196116821719,1.1931874083587806,57.14285714285714
352.199261529,-3.1,3.5,-2.20298782771107,4.385218542060019,1.260255015638252,57.14285714285714
352.49812515300005,-3.3,4.0,-2.205396484072548,4.525344365976597,1.2141431381612677,57.14285714285714
352.69798091900003,-3.3,4.0,-2.20630629932758,4.624826953171673,1.2595930423356299,57.14285714285714
352.99853058300005,-3.3,4.0,-2.2091123398183536,4.784773372593133,1.3438396978314737,57.14285714285714
353.198364614,-3.3,4.0,-2.210491654851172,4.884952655525528,1.403627314022715,57.14285714285714
353.49806507100004,-3.3,4.0,-2.2133659168829007,5.024156919161429,1.4932082994873719,57.14285714285714
353.69848779100005,-2.8,4.4,-2.2205111064860463,5.124275161420531,0.9275677264527706,57.14285714285714
353.99835742100004,-2.8,4.4,-2.23235176014082,5.283723084227565,1.0503290026519803,57.14285714285714
354.19844229100005,-2.8,4.4,-2.239771710807133,5.383115179298466,1.1315348831472323,57.14285714285714
354.498449778,-2.8,4.4,-2.250333088082085,5.5229365498213685,1.2502480589795348,57.14285714285714
354.69882629800003,-2.8,4.4,-2.258440009777118,5.6226199819579525,1.3371936446502695,57.14285714285714
354.99921213000005,-2.8,4.4,-2.271031321326526,5.782843110280209,1.4805616943130067,57.14285714285714
355.19888644,-2.6999999999999997,5.0,-2.2780724699562627,5.882572418031628,0.9782417460316253,57.14285714285714
355.498336959,-3.0,5.800000000000001,-2.287772820446952,6.022096242263807,0.7460524754478017,57.14285714285714
355.699138181,-3.0,5.800000000000001,-2.294198034676892,6.121437567076029,0.7755504650128949,57.14285714285714
355.998295977,-3.0,5.800000000000001,-2.2948250476030965,6.281390814722936,0.8538201391321165,57.14285714285714
356.19850830900003,-3.0,5.800000000000001,-2.291171678091751,6.381296544896435,0.9167023852089603,57.14285714285714
356.498144878,-3.0,5.800000000000001,-2.2766606337638216,6.520015676202781,1.02060884413408,57.14285714285714
356.69905502700004,-3.0,5.800000000000001,-2.256162489748544,6.618693256726789,1.106143250337405,57.14285714285714
356.998523186,-3.0,5.800000000000001,-2.205751667392235,6.769819173956384,1.2535468256206697,57.14285714285714
357.198442826,-3.0,5.800000000000001,-2.1613312046720448,6.86021769058001,1.3518235460575656,57.14285714285714
357.49790904,-3.0,5.800000000000001,-2.0933222903083246,6.982306236996636,1.4899370816557609,57.14285714285714
357.698468143,-2.8,6.600000000000001,-2.043581467214314,7.0683676324646765,0.8896837842077456,42.857142857142854
357.99897289,-2.8,6.600000000000001,-1.9524706308682631,7.199533801193313,1.0381458521393518,42.857142857142854
358.19905131400003,-2.8,6.600000000000001,-1.884750058776564,7.273004593076632,1.1360535362436681,42.857142857142854
358.49835409300005,-2.8,6.600000000000001,-1.778773262918497,7.364056216116413,1.2754159909285527,42.857142857142854
358.69906082100005,-2.8,6.600000000000001,-1.6955156584906963,7.419359215902131,1.3752218676719012,42.857142857142854
358.99832413,-2.8,6.600000000000001,-1.557822749686073,7.498800687867562,1.533247206978923,42.857142857142854
359.198292427,-2.8,6.600000000000001,-1.4718327386687728,7.550677866309588,1.6333452419996943,42.857142857142854
359.49797802700004,-2.4000000000000004,7.300000000000001,-1.350895207135697,7.621431140531834,1.097241470467849,57.14285714285714
359.69842987600003,-2.4000000000000004,7.300000000000001,-1.2624049576942664,7.666084397535005,1.1950482276448726,57.14285714285714
359.99819979200004,-2.1999999999999997,7.800000000000001,-1.1137507364303731,7.727388143516369,1.0886734791973007,57.14285714285714
360.19849718300003,-2.1999999999999997,7.800000000000001,-1.0199666372572278,7.7618065337177,1.1806512940121954,57.14285714285714
360.49819955,-2.1999999999999997,7.800000000000001,-0.8839980410339863,7.79633561340844,1.3160070606693102,57.14285714285714
360.69914456,-1.6999999999999993,7.900000000000002,-0.7847487573013964,7.809582227615546,0.919706589529674,57.14285714285714
360.999204274,-1.6999999999999993,7.900000000000002,-0.6244965599406974,7.808345032621654,1.0794018170378066,57.14285714285714
361.198829448,-1.6999999999999993,7.900000000000002,-0.5253271205719777,7.797235928109927,1.1791593735094286,57.14285714285714
361.4983577800001,-1.6999999999999993,7.900000000000002,-0.3889372117346958,7.764798945226754,1.3180155385980057,57.14285714285714
361.699308856,-1.0999999999999996,7.699999999999999,-0.2950098430175638,7.730435212648265,0.8055653015166131,42.857142857142854
361.998850252,-1.0999999999999996,7.699999999999999,-0.1536183357369426,7.656006709423897,0.9474036436857455,42.857142857142854
362.199134766,-1.0999999999999996,7.699999999999999,-0.0719884698091967,7.598924214354818,1.0329685477540094,42.857142857142854
362.498504158,-1.0999999999999996,7.699999999999999,0.0333527966724972,7.507362441751995,1.1496076681081782,42.857142857142854
362.699070908,-0.5,7.400000000000002,0.1001165889789995,7.432996080772535,0.6010230126327417,57.14285714285714
362.997326187,-0.5,7.400000000000002,0.1882291837340441,7.299120285354744,0.695583299231758,57.14285714285714
363.198415291,-0.5,7.400000000000002,0.2311878158455365,7.20895999253995,0.7557326951318852,57.14285714285714
363.497969343,-0.1999999999999993,6.900000000000002,0.2767770101759979,7.076722804947067,0.5084754342352454,28.57142857142857
363.6991047940001,-0.1999999999999993,6.900000000000002,0.2978442898616961,6.978391156846649,0.5039782836786237,28.57142857142857
363.998860681,-0.1999999999999993,6.900000000000002,0.3090780258318995,6.819003255392083,0.5154812402231373,28.57142857142857
364.199075525,-0.1999999999999993,6.900000000000002,0.303131967229752,6.719297013240996,0.5345983032821046,28.57142857142857
364.497906798,-0.1999999999999993,6.900000000000002,0.2784904692666973,6.581993522067256,0.574526978640911,28.57142857142857
364.698629587,0.0999999999999996,6.5,0.2499222595779331,6.486518232606116,0.15052721338354758,42.857142857142854
364.998101511,0.0999999999999996,6.5,0.1948190239329981,6.336951353398386,0.18861470901874147,42.857142857142854
365.198956891,0.0999999999999996,6.5,0.1538474471295421,6.245176344167932,0.26045084590760886,42.857142857142854
365.497966759,0.0999999999999996,6.5,0.0961984391010809,6.117677999021481,0.38234090063382803,42.857142857142854
365.69911805,0.0999999999999996,5.700000000000001,0.0555074538503488,6.026451182703382,0.32946921153776265,42.857142857142854
365.9982729130001,0.0999999999999996,5.700000000000001,-0.0101285442217413,5.880449388150434,0.2114007519765849,42.857142857142854
366.1984660110001,0.0999999999999996,5.700000000000001,-0.0471488252825687,5.788256574809314,0.17158671212862533,42.857142857142854
366.497903414,0.0999999999999996,5.700000000000001,-0.0824850686393296,5.6538121090215485,0.1882395323765391,42.857142857142854
366.698373583,0.0999999999999996,5.700000000000001,-0.0963278936035785,5.554175628946947,0.24455958169705136,42.857142857142854
366.9985032560001,0.0999999999999996,5.700000000000001,-0.098201578458455,5.393965493737363,0.3646107304055104,42.857142857142854
367.19841445,0.0999999999999996,5.700000000000001,-0.0945158451603448,5.293629171186304,0.45052598651928377,42.857142857142854
367.4979691740001,0.0999999999999996,5.700000000000001,-0.0869378029899659,5.153257741544794,0.5778173062200674,42.857142857142854
367.698990044,0.0999999999999996,5.700000000000001,-0.0802151585539578,5.053706873108612,0.6709488126822172,42.857142857142854
367.99858215,0.3000000000000007,5.100000000000001,-0.0709417409396709,4.893810925838477,0.4243956991711167,42.857142857142854
368.1986140890001,0.3000000000000007,5.100000000000001,-0.0641777308325856,4.793856311337954,0.47576189185555423,42.857142857142854
368.498238227,0.3000000000000007,5.100000000000001,-0.0553770429354266,4.653696349288655,0.5705083621506385,42.857142857142854
368.699073374,0.0,4.600000000000001,-0.0489200778557213,4.554259165850876,0.06697311345657758,57.14285714285714
368.998478064,0.0,4.600000000000001,-0.0379891987999693,4.39467217243356,0.20881258582426965,57.14285714285714
369.197868116,0.0,4.600000000000001,-0.0318959552483695,4.295021687813989,0.30664168481312976,57.14285714285714
369.498416847,0.0,4.600000000000001,-0.0215304752388113,4.155271901246787,0.44524896764019295,57.14285714285714
369.69849412,-0.0999999999999996,4.100000000000001,-0.0152949771097465,4.055573380053278,0.09564865635610852,57.14285714285714
369.9989544440001,-0.0999999999999996,4.100000000000001,-0.0052245391079825,3.896047359338607,0.22489790488141523,57.14285714285714
370.198887172,-0.0999999999999996,4.100000000000001,0.0009419955548913,3.7963770576492544,0.3199627753166432,57.14285714285714
370.498151999,-0.0999999999999996,4.100000000000001,0.0098170649629702,3.656662441848158,0.4567362239029442,57.14285714285714
370.6990176860001,-0.0999999999999996,4.100000000000001,0.0164306025957358,3.5569534700743684,0.5553878094494671,57.14285714285714
370.999051432,-0.2999999999999989,3.4000000000000004,0.0266118494098434,3.397459887534915,0.3266217266904527,57.14285714285714
371.198425348,-0.2999999999999989,3.4000000000000004,0.0341252795706678,3.297857401856363,0.3493891996094166,57.14285714285714
371.4983099310001,-0.2999999999999989,3.4000000000000004,0.0434162970669774,3.158533762596311,0.41981031061312524,57.14285714285714
371.698505375,-0.2999999999999989,3.4000000000000004,0.0501743963634888,3.0583754276945334,0.4892130990390856,57.14285714285714
371.99823934,-0.5,2.700000000000001,0.0623029029839527,2.898587424177512,0.596340104089637,57.14285714285714
372.198439758,-0.5,2.700000000000001,0.0689710833972364,2.798860407827815,0.5774958649013052,57.14285714285714
372.498443418,-0.5,2.700000000000001,0.0792450577671727,2.6590146584808965,0.5806932367155079,57.14285714285714
372.698430367,-0.5,2.700000000000001,0.0867266565824175,2.5590578203079613,0.6034176559902149,57.14285714285714
372.998400233,-0.5,2.700000000000001,0.0984412921322642,2.3992447458153965,0.669765408966886,57.14285714285714
373.198701207,-0.5,2.700000000000001,0.1066653109689525,2.2995742109190163,0.7269000014404905,57.14285714285714
373.498016038,-0.5,2.700000000000001,0.1196995669811705,2.1600481925314723,0.8219340044706639,57.14285714285714
373.699103753,-0.4000000000000003,1.9000000000000004,0.12976086153648,2.059927852415996,0.5533746365657414,57.14285714285714
373.998989224,-0.4000000000000003,1.9000000000000004,0.1462817036323816,1.9011727750807617,0.5462829625065088,57.14285714285714
374.199086324,-0.4000000000000003,1.9000000000000004,0.1570012605979492,1.8014867579131848,0.5656458814259682,57.14285714285714
374.49798936,-0.4000000000000003,1.9000000000000004,0.1715466685561375,1.662265717543425,0.6190179184747097,57.14285714285714
374.698405394,-0.4000000000000003,1.9000000000000004,0.1810136339255482,1.5632071154394491,0.6715700186116025,57.14285714285714
374.9984675,-0.5999999999999996,1.4000000000000004,0.1969737869298942,1.404063747648954,0.796984147331884,57.14285714285714
375.198661113,-0.5999999999999996,1.4000000000000004,0.2068004255753727,1.305081380166515,0.8123647401873716,57.14285714285714
375.498113364,-0.5999999999999996,1.4000000000000004,0.2201447425115525,1.165361641709508,0.8530489774043444,57.14285714285714
375.699017818,-0.5999999999999996,1.4000000000000004,0.2310189169392122,1.0661075978319337,0.8955872802448585,57.14285714285714
375.9982348470001,-0.5999999999999996,1.4000000000000004,0.246390838111306,0.9065950069474992,0.9797070674481722,57.14285714285714
376.198414309,-0.6999999999999993,0.8000000000000007,0.2553687656087788,0.8070254888011258,0.9553945969041981,57.14285714285714
376.498214971,-0.6999999999999993,0.8000000000000007,0.2672907225510884,0.6714160823490516,0.9757997570259337,57.14285714285714
376.6984248810001,-0.6999999999999993,0.8000000000000007,0.2724568381428035,0.6083524389324348,0.9911614851848531,57.14285714285714
376.998464245,-0.6999999999999993,0.8000000000000007,0.2739393290281507,0.5882018638324903,0.9967026974538767,57.14285714285714
377.198340086,-0.6999999999999993,0.8000000000000007,0.2701852226517315,0.6263700679852428,0.985599675092904,57.14285714285714
377.498084558,-0.6999999999999993,0.8000000000000007,0.2619505599667044,0.7224605334207708,0.9650705925980992,57.14285714285714
377.698420155,-0.6999999999999993,0.8000000000000007,0.2592691413567082,0.753925849601109,0.9603749855625221,57.14285714285714
377.998327167,-0.6999999999999993,0.8000000000000007,0.2597610794098192,0.7500266830960676,0.9610612165477707,57.14285714285714
378.199083891,-0.6999999999999993,0.8000000000000007,0.2602563219581564,0.7443453146607032,0.9618677912586643,57.14285714285714
378.498466321,-0.5,0.1000000000000014,0.2658405185210601,0.6897116590819103,0.96657722954027,57.14285714285714
378.698456574,-0.5,0.1000000000000014,0.2673637617534263,0.669505306207011,0.9556063188626941,57.14285714285714
378.998958362,-0.5,0.1000000000000014,0.26718625008688,0.6687936774052576,0.9550397843956887,57.14285714285714
379.1983718400001,-0.5,0.1000000000000014,0.2671741533041297,0.6688440643858795,0.9550600772123988,57.14285714285714
379.497977148,-0.5,0.1000000000000014,0.2671463152676303,0.6689116265794354,0.9550779590619605,57.14285714285714
379.698488693,-0.5,0.1000000000000014,0.267127983255448,0.6689586858664495,0.9550912673228913,57.14285714285714
379.9983443260001,-0.5,0.1000000000000014,0.2671079999253975,0.6690325068535684,0.955119195391653,57.14285714285714
380.198463104,-0.5,0.1000000000000014,0.2671010281042139,0.6690777545776052,0.955140554093286,57.14285714285714
380.49839193,-0.5,0.1000000000000014,0.2670961282308266,0.6691398098213133,0.9551735931599888,57.14285714285714
380.698363699,-0.5,0.1000000000000014,0.2670950505971067,0.6691831356583792,0.955198544056931,57.14285714285714
380.999098665,-0.5,0.1000000000000014,0.2670965487298277,0.6692506970435335,0.9552400070965202,57.14285714285714
381.1987528780001,-0.5,0.1000000000000014,0.2670990721162966,0.6692918305727649,0.9552665464667812,57.14285714285714
381.497994472,-0.5,0.1000000000000014,0.2671037543956083,0.6693479513034998,0.9553037525631983,57.14285714285714
381.697503002,-0.5,0.1000000000000014,0.2671077691331618,0.6693870076712086,0.9553302538751862,57.14285714285714
381.998379962,-0.5,0.1000000000000014,0.2671148937022798,0.6694477589706098,0.9553721841965612,57.14285714285714
382.198461699,-0.5,0.1000000000000014,0.2671195609789987,0.6694846301111035,0.9553979091296937,57.14285714285714
382.498060393,-0.5,0.1000000000000014,0.2671262621045228,0.6695348953742073,0.9554332520167825,57.14285714285714
382.69848748,-0.5,0.1000000000000014,0.2671311007083176,0.6695698004793981,0.9554579442822665,57.14285714285714
382.998521219,-0.5,0.1000000000000014,0.2671388640823288,0.6696240589551394,0.9554965229272434,57.14285714285714
383.198331877,-0.5,0.1000000000000014,0.2671436634060501,0.6696569586627258,0.9555199897735891,57.14285714285714
383.498449158,-0.5,0.1000000000000014,0.2671502590549389,0.6697017890152509,0.9555520123861576,57.14285714285714
383.699194897,-0.5,0.1000000000000014,0.2671548768540956,0.6697329353673378,0.955574289484237,57.14285714285714
383.999186462,-0.5,0.1000000000000014,0.2671313916078439,0.6676738916628729,0.9543291985818398,57.14285714285714
384.19902365,-0.5,0.1000000000000014,0.2668878939633001,0.6682886296849123,0.9544993496784687,57.14285714285714
384.498484241,-0.5,0.1000000000000014,0.2666621150289862,0.6682643201534345,0.9543034822215425,57.14285714285714
384.698875991,-0.5,0.1000000000000014,0.2666001316430197,0.6679478458703796,0.9540652584933056,57.14285714285714
384.998508598,-0.5,0.1000000000000014,0.2665995568259909,0.6677347931051005,0.9539379832189802,57.14285714285714
385.198472963,-0.5,0.1000000000000014,0.2666893259864106,0.6679944754101395,0.9541646853022461,57.14285714285714
385.498353343,-0.5,0.1000000000000014,0.2662883874381563,0.6677398153647979,0.9536909303715869,57.14285714285714
385.698455625,-0.5,0.1000000000000014,0.2663511937903501,0.6677742256144719,0.9537618798714941,57.14285714285714
385.998314445,-0.5,0.1000000000000014,0.2662383690299906,0.6683576141335407,0.9540186663358894,57.14285714285714
386.199111162,-0.5,0.1000000000000014,0.2662455387277982,0.668125634115863,0.9538862415192932,57.14285714285714
386.498476863,-0.5,0.1000000000000014,0.2659357640411087,0.6685602693385198,0.9538964170744775,57.14285714285714
386.698470272,-0.5,0.1000000000000014,0.2657733872971932,0.6682722286124174,0.9535943616154298,57.14285714285714
386.998244711,-0.5,0.1000000000000014,0.2660516807185857,0.6678170940063602,0.9535467632883016,57.14285714285714
387.198361899,-0.5,0.1000000000000014,0.2661755997877182,0.6676755814528226,0.9535620669300285,57.14285714285714
387.497987533,0.0,-0.1999999999999993,0.2662881839265697,0.6675522531630307,0.9075000324336968,57.14285714285714
387.698410543,0.0,-0.1999999999999993,0.2660652722118684,0.6677147397500601,0.9075899947975897,57.14285714285714
387.998369103,0.0,-0.1999999999999993,0.2660312494210066,0.6675390379204812,0.9074120387037494,57.14285714285714
388.1988524780001,0.0,-0.1999999999999993,0.2655711939271036,0.6670056161810646,0.9067672234555975,57.14285714285714
388.497958543,0.0,-0.1999999999999993,0.2652720103754072,0.6674280130596251,0.9070835668940199,57.14285714285714
388.69852778,0.0,-0.1999999999999993,0.2657650751046815,0.6676162381344222,0.9074078530737555,57.14285714285714
388.998453024,0.0,-0.1999999999999993,0.266110943938908,0.6668540561385489,0.9067805628308923,57.14285714285714
389.198355711,0.0,-0.1999999999999993,0.2651583593666188,0.6670629637547797,0.9067012400218818,57.14285714285714
389.498072471,0.0,-0.1999999999999993,0.2651566017170929,0.6670051085638636,0.9066454002034051,57.14285714285714
389.698465013,0.0,-0.1999999999999993,0.2653911881050208,0.6667873322208314,0.9065057981184121,57.14285714285714
389.998453336,0.0,-0.1999999999999993,0.2659391421723682,0.6668366256438701,0.9067134954863222,57.14285714285714
390.199075423,0.0,-0.1999999999999993,0.2656458782046734,0.6666505141786171,0.9064495828964744,57.14285714285714
390.497998423,0.0,-0.1999999999999993,0.2656689583095334,0.6665672020954662,0.9063766938513125,57.14285714285714
390.6990488,0.0,-0.1999999999999993,0.2656850347840132,0.6665093693041526,0.9063261139347477,57.14285714285714
390.9985214240001,0.0,-0.1999999999999993,0.2657100098573369,0.6664196058640329,0.9062476166942295,57.14285714285714
391.198283559,0.0,-0.1999999999999993,0.2657251725508449,0.666365175769545,0.906200024891508,57.14285714285714
391.4984399110001,0.0,-0.1999999999999993,0.2657458323960494,0.6662910693052918,0.9061352350471611,57.14285714285714
391.69908776,0.0,-0.1999999999999993,0.2657601879573332,0.6662395861626839,0.9060902262680101,57.14285714285714
391.9973779600001,0.0,-0.1999999999999993,0.2657824858281526,0.6661596645380935,0.9060203608339791,57.14285714285714
