timestamp_norm (s),x_uwb,y_uwb,x_odom,y_odom,rmse_xy,voxel_value
0.497950423,0.0,0.0,-0.0124560786178623,-0.0054673302300268,0.01360314648816704,62.5
0.6983383900000001,0.0,0.0,-0.0124560786178623,-0.0054673302300268,0.01360314648816704,62.5
0.998530735,0.0,0.0,-0.0124560859941265,-0.0054673335916636,0.013603154593534823,62.5
1.1990438090000002,0.0,0.0,-0.0124561228441737,-0.0054673474550303,0.01360319390816628,62.5
1.4982657890000002,0.0,0.0,-0.0124561724464182,-0.0054673685152533,0.013603247792218264,62.5
1.698007014,0.0,0.0,-0.0227285474956646,-0.0057002450426398,0.02343244897164659,62.5
1.998275028,0.0,0.0,-0.117699775292297,-0.0079580668763062,0.11796850398417777,62.5
2.198049262,0.0,0.0,-0.2168772191605321,-0.0117625450796429,0.21719596142091616,62.5
2.498264174,0.0,0.0,-0.3576107227731757,-0.0172397376166647,0.3580260292149784,62.5
2.698258453,0.0,0.0,-0.4576948556305809,-0.0213026887756755,0.45819033754518607,62.5
2.9981088700000003,0.0,0.0,-0.6174834007904232,-0.0279178003594306,0.6181141915767793,62.5
3.1982378920000003,0.0,0.0,-0.7173125800991134,-0.0321564168378409,0.718032988596134,62.5
3.498270955,0.0,0.0,-0.8573245460747836,-0.038616634919215,0.8581938136544784,62.5
3.697943851,0.0,0.0,-0.9569716055050846,-0.0433084701537931,0.9579510829525907,62.5
3.998360674,-0.5,0.0,-1.116620758148794,-0.0509375283931065,0.6187210932066176,62.5
4.198013637,-0.5,0.0,-1.216464500772754,-0.056137025969508,0.7186603833190284,62.5
4.497935516,-0.5,0.0,-1.355920988870311,-0.062276379349531,0.8581835972643719,62.5
4.698258131,-0.5,0.0,-1.4557959155218034,-0.0673742511384885,0.9581675854695955,62.5
4.997930565,-0.5,0.0,-1.6150302845108904,-0.0846023707938493,1.1182352599164351,62.5
5.198030597000001,-0.5,0.0,-1.7132803104429164,-0.1011985473809046,1.2174934323028048,62.5
5.497929508,-1.0,-0.1999999999999997,-1.84987161388855,-0.1315398826946422,0.8526245057204208,68.75
5.698242990000001,-1.0,-0.1999999999999997,-1.945042271391291,-0.1618278040309803,0.945812883852566,68.75
5.997906693,-1.0,-0.1999999999999997,-2.097468567395496,-0.211199496707365,1.0975257104722516,68.75
6.198261035000001,-1.5,-0.2999999999999998,-2.192267541674804,-0.2432980474360076,0.6945858195219979,68.75
6.497953012,-1.5,-0.2999999999999998,-2.32360941992917,-0.2914815040280186,0.8236534716552152,68.75
6.697968146,-1.5,-0.2999999999999998,-2.4167677469584885,-0.3286794024853021,0.9172162285907599,68.75
6.997922841,-1.5,-0.2999999999999998,-2.5639019081306214,-0.3931428472918239,1.0679713760797174,68.75
7.198022443,-1.5,-0.2999999999999998,-2.655547934785901,-0.4329165726715842,1.1631671611934038,68.75
7.497934055000001,-1.5,-0.2999999999999998,-2.783439539205001,-0.4893059091554639,1.2973256252907064,68.75
7.697943667,-1.5,-0.2999999999999998,-2.8754674074602184,-0.5281086311728115,1.3942539713412576,68.75
7.997919969000001,-2.0999999999999943,-0.5999999999999999,-3.0261916628569256,-0.5817193823942529,0.9263720512438484,68.75
8.197939899,-2.0999999999999943,-0.5999999999999999,-3.1217648149659647,-0.6101407815059489,1.02181513619245,68.75
8.497927815,-2.0999999999999943,-0.5999999999999999,-3.258525368278811,-0.6409813467116391,1.1592499729238157,68.75
8.697921075,-2.0999999999999943,-0.5999999999999999,-3.3570130485779064,-0.6545076449740438,1.2581942964644819,68.75
8.997918049,-2.5999999999999943,-0.7999999999999998,-3.517332622763226,-0.6573932366145742,0.9283511349424507,68.75
9.198255986,-2.5999999999999943,-0.7999999999999998,-3.617248036867518,-0.6557851777523527,1.0274198185098198,68.75
9.498263824,-2.5999999999999943,-0.7999999999999998,-3.7573712084973705,-0.6539203042923472,1.166553638611066,68.75
9.697988521,-2.5999999999999943,-0.7999999999999998,-3.85202141591732,-0.6528265252971591,1.2606417641708259,68.75
9.998066273,-2.5999999999999943,-0.7999999999999998,-3.9266479737066464,-0.6522582946223829,1.3348492265600083,68.75
10.198273558,-3.199999999999996,-0.7999999999999998,-3.93041391264905,-0.6520832737695486,0.7452407944349488,68.75
10.49827082,-3.199999999999996,-0.7999999999999998,-3.930426845242215,-0.65231085909664,0.7452083323415493,68.75
10.698253183,-3.199999999999996,-0.7999999999999998,-3.9304230059451086,-0.6524160334172227,0.7451837322474237,68.75
10.997997227,-3.199999999999996,-0.7999999999999998,-3.930422297361616,-0.6525255480834665,0.7451613559834596,68.75
11.198233808,-3.199999999999996,-0.7999999999999998,-3.930420684014513,-0.6525693117073796,0.7451511145309185,68.75
11.498284788,-3.199999999999996,-0.7999999999999998,-3.930418539642448,-0.6526095817996953,0.7451410459977847,68.75
11.698283799,-3.199999999999996,-0.7999999999999998,-3.930417076991604,-0.6526288055624663,0.7451358099775568,68.75
11.998329514,-3.199999999999996,-0.7999999999999998,-3.930414806486231,-0.6526487673127581,0.7451296365792824,68.75
12.200396003000002,-3.199999999999996,-0.7999999999999998,-3.930413363274315,-0.6526560466135668,0.745126782399643,68.75
12.498263196,-3.199999999999996,-0.7999999999999998,-3.9304115919584,-0.6526646936077609,0.7451233362181758,68.75
12.698265846,-3.199999999999996,-0.7999999999999998,-3.930410306972485,-0.6526696088937262,0.7451211047039084,68.75
12.998236291,-3.199999999999996,-0.7999999999999998,-3.93040832584318,-0.6526749068458069,0.745118115156204,68.75
13.198258674000002,-3.199999999999996,-0.7999999999999998,-3.930407113804748,-0.6526775605695898,0.7451164023535616,68.75
13.498229597000002,-3.199999999999996,-0.7999999999999998,-3.9304054741168097,-0.6526800804542158,0.7451142968127665,68.75
13.698245429,-3.699999999999996,-0.7,-3.930404332947831,-0.6526820309412525,0.23521298186320677,75.0
13.998269624,-3.699999999999996,-0.7,-3.930402562278848,-0.6526856410902733,0.2352105211585965,75.0
14.198235738,-3.699999999999996,-0.7,-3.930401487096609,-0.6526879957663312,0.23520899430280587,75.0
14.498345479,-3.699999999999996,-0.7,-3.9304000215916175,-0.6526911456760653,0.23520692516774,75.0
14.698241926,-3.699999999999996,-0.7,-3.9303990045750297,-0.6526932523034141,0.23520550522212427,75.0
14.997925471,-3.699999999999996,-0.7,-3.930397424682989,-0.65269638692511,0.2352033271671432,75.0
15.198060827,-3.699999999999996,-0.7,-3.930396466470054,-0.6526982244220308,0.23520201898520576,75.0
15.49824983,-3.699999999999996,-0.7,-3.930395160365234,-0.6527006279147755,0.2352002562060256,75.0
15.69823943,-3.699999999999996,-0.7,-3.930394253513478,-0.6527022688284876,0.23519903789345556,75.0
15.998250513,-3.699999999999996,-0.7,-3.930392845986837,-0.6527048519936411,0.23519713966555694,75.0
16.198259503000003,-3.699999999999996,-0.7,-3.9303919907564975,-0.6527063879912794,0.23519599303894437,75.0
16.498883691,-3.699999999999996,-0.7,-3.963792649784123,-0.6519362811288595,0.2681355686063583,75.0
16.698277788000002,-3.699999999999996,-0.7,-4.035695886471308,-0.652541225967358,0.33903401514662435,75.0
16.998362471,-3.699999999999996,-0.7,-4.196183002126017,-0.6543681823575328,0.498276865186561,75.0
17.198260911000002,-3.699999999999996,-0.7,-4.2957288903015405,-0.6546627839704179,0.5974515661517864,75.0
17.498228848,-3.699999999999996,-0.7,-4.43603853617203,-0.6537206578820663,0.7374920367279497,75.0
17.698224199000002,-3.699999999999996,-0.7,-4.536038641823214,-0.6533152856982195,0.8373410733811217,75.0
17.998217491000002,-3.699999999999996,-0.7,-4.697234586342267,-0.6518469607066926,0.9983964820603201,75.0
18.198244622,-4.199999999999996,-0.8999999999999999,-4.797141420087846,-0.6517891079825311,0.6466734280149774,75.0
18.498254156,-4.199999999999996,-0.8999999999999999,-4.936734616405714,-0.6513981532874584,0.7775479234101056,75.0
18.698258931,-4.199999999999996,-0.8999999999999999,-5.037362641724737,-0.651298636526976,0.8735150610891486,75.0
18.997945374,-4.199999999999996,-0.8999999999999999,-5.196916894916075,-0.6519423525509168,1.0273148941912071,75.0
19.198234813000003,-4.199999999999996,-0.8999999999999999,-5.2968762429335055,-0.6530122419944635,1.124340004143112,75.0
19.497923833,-4.699999999999996,-1.0,-5.43708607796992,-0.6536768859768488,0.8143927711146374,75.0
19.697930355,-4.699999999999996,-1.0,-5.5368796387212615,-0.6548680049184484,0.9052533478177303,75.0
19.998019232,-4.699999999999996,-1.0,-5.696595130644522,-0.6559059061192859,1.0543256612014953,75.0
20.197946683,-4.699999999999996,-1.0,-5.796451786865149,-0.6571311159935591,1.1488105120252035,75.0
20.498242660000003,-4.699999999999996,-1.0,-5.936269899581695,-0.6591443304467467,1.2823984763240872,75.0
20.698314862,-5.299999999999997,-1.1,-6.036291541249518,-0.6603216536270496,0.8575793152734315,75.0
20.999666188000003,-5.299999999999997,-1.1,-6.196150313872593,-0.6630036252034274,0.997021171610362,75.0
21.19824504,-5.299999999999997,-1.1,-6.296509402246088,-0.664152631588532,1.087655238260757,75.0
21.498026128000003,-5.299999999999997,-1.1,-6.436755253491439,-0.6663191991049997,1.2166723237607246,75.0
21.697917649,-5.899999999999999,-1.1,-6.536775036848623,-0.6668257307374881,0.7701443988660039,75.0
21.997903562,-5.899999999999999,-1.1,-6.696656265600038,-0.6636752283290605,0.908317407018878,75.0
22.198033071,-5.899999999999999,-1.1,-6.796695509006834,-0.6609215514111653,0.9984251198203125,75.0
22.498258934000003,-5.899999999999999,-1.1,-6.936688652649137,-0.657237659108907,1.1272807339091917,75.0
22.698337259,-5.899999999999999,-1.1,-7.036563468415907,-0.6551372350281586,1.2205242305648798,75.0
22.998283501000003,-6.5,-1.0,-7.1611444767630585,-0.6523096272471023,0.7469943871672313,75.0
23.198634103,-6.5,-1.0,-7.189137111711944,-0.6515150822875578,0.7722381087538535,75.0
23.498258102,-6.5,-1.0,-7.191446868282456,-0.6514525570277584,0.7743281550222125,75.0
23.697970244,-6.5,-1.0,-7.191445688843353,-0.6514425806573305,0.7743315925357045,75.0
23.997911148,-6.5,-1.0,-7.191443630243704,-0.6514228981090275,0.7743386144105829,75.0
24.198033804,-6.5,-1.0,-7.191442398359663,-0.6514116645039394,0.7743425714070465,75.0
24.498271156,-6.5,-1.0,-7.191440971050076,-0.651409264020695,0.7743423775419149,75.0
24.697924988,-6.5,-1.0,-7.1914400092253326,-0.6514090634599441,0.7743416089784929,75.0
24.997911046,-6.5,-1.0,-7.191438533206247,-0.6514095308342946,0.7743400805818932,75.0
25.198054251,-6.5,-1.0,-7.191437688612214,-0.6514124442059033,0.7743380148797445,75.0
25.498638449,-6.5,-1.0,-7.191436503192566,-0.6514162688428222,0.7743352346203957,75.0
25.698318773,-6.5,-1.0,-7.191435739465061,-0.6514195868699928,0.7743330589788106,75.0
25.998387711000003,-6.5,-1.0,-7.191434528570438,-0.6514253934378235,0.774329363797732,75.0
26.198332139,-6.5,-1.0,-7.191433791235556,-0.6514288507758265,0.7743271490357521,75.0
26.498291434,-6.5,-1.0,-7.191432771066177,-0.6514328492732167,0.7743244381201205,75.0
26.698737228,-6.5,-1.0,-7.1914320541245536,-0.6514351524484465,0.7743227611400412,75.0
26.998282876,-6.5,-1.0,-7.191430940387195,-0.6514387585992625,0.7743201433073689,75.0
27.198303802,-6.5,-1.0,-7.192005053317203,-0.6509516418143797,0.775052095132077,75.0
27.498287960000003,-6.5,-1.0,-7.192115783019126,-0.6508326372464054,0.7752045564342863,75.0
27.697896121000003,-6.5,-1.0,-7.193991477412854,-0.6511234228932723,0.7767490178786078,75.0
27.997957862000003,-6.5,-1.0,-7.261753060059061,-0.6498030573521327,0.8383946702772255,75.0
28.198225564,-6.5,-1.0,-7.352671977974882,-0.6464422524414334,0.9230669438790913,75.0
28.498228743,-6.5,-1.0,-7.494140120887654,-0.6378302999077509,1.0580555144336377,75.0
28.69825282,-7.099999999999994,-1.0,-7.593895929435578,-0.6324814966570262,0.6156322273991987,75.0
28.998320078000003,-7.099999999999994,-1.0,-7.753919593450936,-0.6230917691960585,0.7547652940794259,75.0
29.198237989000003,-7.099999999999994,-1.0,-7.854760959214448,-0.6180088234290596,0.8459204244681492,75.0
29.497938948,-7.099999999999994,-1.0,-7.994320454914087,-0.6107334261713379,0.9753653374905502,75.0
29.698252946,-7.099999999999994,-1.0,-8.094498340623824,-0.6056868117478151,1.0698176666765014,75.0
29.998243704000004,-7.599999999999994,-1.1,-8.253986068251177,-0.5992693207180073,0.8236680099656936,68.75
30.198211383,-7.599999999999994,-1.1,-8.354019265784949,-0.5953338921645485,0.9073218467405408,68.75
30.497970156,-7.599999999999994,-1.1,-8.493999182661243,-0.5909479069894404,1.0287704175361052,68.75
30.697923791,-7.599999999999994,-1.1,-8.593964766799719,-0.5897700430477163,1.1172737205406558,68.75
30.997910296,-8.299999999999997,-1.0,-8.754066553614665,-0.5893528691246317,0.6122152409142344,68.75
31.197923912,-8.299999999999997,-1.0,-8.853661353189754,-0.5895150494423232,0.6892305772745799,68.75
31.498251654,-8.299999999999997,-1.0,-8.994276712244778,-0.588510592371157,0.8070586631442341,68.75
31.697904969000003,-8.299999999999997,-1.0,-9.093749741028423,-0.5877820437273902,0.8944061129354276,68.75
31.99818347,-8.299999999999997,-1.0,-9.253742932539556,-0.5868971973004987,1.0393649536940044,68.75
32.198149173000004,-8.299999999999997,-1.0,-9.3539966738434,-0.5862098455611624,1.1323123599005145,68.75
32.498260603,-8.799999999999997,-1.0,-9.494299498107578,-0.5847543521504336,0.8089998400064397,75.0
32.698273231,-8.799999999999997,-1.0,-9.59409253895042,-0.5836420786988399,0.8966252723668635,75.0
32.998070523,-8.799999999999997,-1.0,-9.754347890204746,-0.5825033602315587,1.0416733363949544,75.0
33.197921175000005,-8.799999999999997,-1.0,-9.854033189112162,-0.582374952871721,1.1337533434300677,75.0
33.498265994,-9.299999999999995,-1.0,-9.99420248709072,-0.5815328666864193,0.810575002542413,75.0
33.698244432,-9.299999999999995,-1.0,-10.09439142454588,-0.5814162958764866,0.8979254160284136,75.0
33.998254065000005,-9.299999999999995,-1.0,-10.25501489787206,-0.5809404243773575,1.0429114934061374,75.0
34.198228519000004,-9.299999999999995,-1.0,-10.352544133212731,-0.5807510654729335,1.132969029348389,75.0
34.498266643,-9.299999999999995,-1.0,-10.435719734240218,-0.580540859526312,1.2107044582678326,75.0
34.698270567,-9.799999999999995,-1.0,-10.448263337301128,-0.5806869506863253,0.7720549124340409,75.0
34.998085324,-9.799999999999995,-1.0,-10.448409563837105,-0.5807901876329103,0.7721216414919874,75.0
35.197922644,-9.799999999999995,-1.0,-10.448409139280097,-0.5808360835456511,0.7720963675340728,75.0
35.497931686,-9.799999999999995,-1.0,-10.44840843961832,-0.580874544329076,0.7720749006149786,75.0
35.697934123,-9.799999999999995,-1.0,-10.448407894108794,-0.5808911820556372,0.7720654107142267,75.0
35.997902745000005,-9.799999999999995,-1.0,-10.448407036621596,-0.5809095743432918,0.7720547066222228,75.0
36.197977703,-9.799999999999995,-1.0,-10.44840650541918,-0.5809183800071936,0.7720494805941617,75.0
36.498043128,-9.799999999999995,-1.0,-10.44840577970754,-0.5809298938007957,0.772042621276806,75.0
36.698303015,-10.4,-1.2,-10.448405272324408,-0.5809372941552057,0.6209522559397609,75.0
36.998319615,-10.4,-1.2,-10.448404486164293,-0.5809467066559265,0.6209428107973975,75.0
37.197926232,-10.4,-1.2,-10.44840398631426,-0.5809508726993933,0.6209386184662328,75.0
37.498231836,-10.4,-1.2,-10.448403310884194,-0.5809549394635586,0.6209345114254146,75.0
37.698226133000006,-10.4,-1.2,-10.448402838574635,-0.5809569150408277,0.6209325050420949,75.0
37.998191519,-10.4,-1.2,-10.448402100046236,-0.5809592352895624,0.6209301342841794,75.0
38.198253015000006,-10.4,-1.2,-10.448401649643207,-0.5809601442965705,0.6209291929338695,75.0
38.498255229,-10.4,-1.2,-10.448401033022272,-0.58096074268122,0.6209285483044,75.0
38.697939069,-10.4,-1.2,-10.448400602821676,-0.5809612733612675,0.6209279857052709,75.0
38.997901958,-10.4,-1.2,-10.448399934748076,-0.5809613836158531,0.6209278237109502,75.0
39.198241482,-10.4,-1.2,-10.448399529247917,-0.5809613415699191,0.6209278340212607,75.0
39.498244754000005,-10.4,-1.2,-10.448398986911586,-0.5809614290914492,0.6209277044926959,75.0
39.698241565,-10.4,-1.2,-10.449104756422557,-0.5809657278082755,0.6209788299541753,75.0
39.998188723000005,-10.4,-1.2,-10.505211309610525,-0.5817088747455816,0.6271788702103543,75.0
40.198235993,-10.4,-1.2,-10.590665827111334,-0.5828803250446692,0.6459025861885226,75.0
40.498254196000005,-10.4,-1.2,-10.732242884787176,-0.5847571317280654,0.6992203668738358,75.0
40.698234542,-10.4,-1.2,-10.832620034226611,-0.586143182659596,0.7509862090674663,75.0
40.998057111,-10.4,-1.2,-10.992570809588797,-0.5886593462924364,0.8513974155776564,75.0
41.198247236,-10.4,-1.2,-11.09217075216599,-0.5891244683254561,0.9231843073583345,75.0
41.497912702,-10.4,-1.2,-11.23228504026097,-0.5904876806585426,1.0316024697872759,75.0
41.698217689,-10.4,-1.2,-11.33210857010972,-0.5918288404433802,1.1129683489607547,75.0
41.997912685,-10.599999999999994,-0.5999999999999999,-11.492363256181893,-0.5942440920070106,0.8923818193242083,75.0
42.197905695,-10.599999999999994,-0.5999999999999999,-11.592479909322826,-0.5954377688788746,0.992490395098239,75.0
42.498201321,-10.599999999999994,-0.5999999999999999,-11.732532213262653,-0.5966606992852832,1.1325371362595045,75.0
42.697905301000006,-10.599999999999994,-0.5999999999999999,-11.832532528783876,-0.5953935914808881,1.2325411366400045,75.0
42.998251384,-10.599999999999994,-0.5999999999999999,-11.99264311782836,-0.5938678043305979,1.3926566186459741,75.0
43.197938301,-10.599999999999994,-0.5999999999999999,-12.09248281564766,-0.5939697513246942,1.4924949979489612,75.0
43.498243598,-11.099999999999994,-0.5999999999999999,-12.232515444023958,-0.59316214506584,1.1325360864947733,75.0
43.698232861,-11.099999999999994,-0.5999999999999999,-12.332001420337688,-0.5930532514007316,1.2320210051091647,75.0
43.998071597000006,-11.599999999999994,-0.8999999999999999,-12.492254391076006,-0.58913547154792,0.9448569486669179,75.0
44.197918496,-11.599999999999994,-0.8999999999999999,-12.592160975132153,-0.5869592629399611,1.0403739249107926,75.0
44.497937298,-11.599999999999994,-0.8999999999999999,-12.73168858206443,-0.5815950711784381,1.175627809076018,75.0
44.697928253,-12.199999999999996,-0.7999999999999998,-12.831285372444862,-0.5742909447010447,0.6704221051746431,75.0
44.997927547,-12.199999999999996,-0.7999999999999998,-12.990571269820148,-0.5654364190386979,0.8246350745502138,75.0
45.198248131,-12.199999999999996,-0.7999999999999998,-13.09028539553105,-0.5603267944706548,0.9219822834222989,75.0
45.49795697,-12.199999999999996,-0.7999999999999998,-13.230323382087285,-0.5537038817609704,1.0593526558872657,75.0
45.697906666,-12.199999999999996,-0.7999999999999998,-13.329630275658577,-0.5471563366849955,1.157581305033488,75.0
45.998236950000006,-12.9,-0.7999999999999998,-13.48943865214223,-0.5365938642568915,0.6456165402050702,75.0
46.198219867000006,-12.9,-0.7999999999999998,-13.582080545479146,-0.5306469324232466,0.7333382204236566,75.0
46.498220505000006,-12.9,-0.7999999999999998,-13.654601177616852,-0.5259399634911682,0.802827404161045,75.0
46.698244375,-12.9,-0.7999999999999998,-13.662661749197207,-0.5252173972749153,0.8106530839076078,75.0
46.998294422,-12.9,-0.7999999999999998,-13.662685718495144,-0.5251700360030923,0.8106916888108543,75.0
47.198284775000005,-13.5,-0.8999999999999999,-13.662684743909772,-0.5251620597121223,0.4086193918308901,75.0
47.498236076000005,-13.5,-0.8999999999999999,-13.662683442040883,-0.5251514521993957,0.4086286041168573,75.0
47.698250300000005,-13.5,-0.8999999999999999,-13.662682831411884,-0.5251488993463816,0.40863070283254094,75.0
47.998248341,-13.5,-0.8999999999999999,-13.662681984002903,-0.5251465271332015,0.4086325415815784,75.0
48.198222681,-13.5,-0.8999999999999999,-13.66268162324587,-0.5251475822384272,0.4086314300731258,75.0
48.49823873,-13.5,-0.8999999999999999,-13.662681396301013,-0.5251533308432538,0.4086260663251357,75.0
48.698240129000006,-13.5,-0.8999999999999999,-13.662681305690615,-0.5251583809200222,0.4086213976478746,75.0
48.998129337,-13.5,-0.8999999999999999,-13.662681114984922,-0.5251654470248768,0.40861483976576013,75.0
49.198538436,-13.5,-0.8999999999999999,-13.662680989019698,-0.5251696043810513,0.4086109759518026,75.0
49.497922584,-13.5,-0.8999999999999999,-13.66268093896989,-0.5251771631331987,0.4086040221791775,75.0
49.697927607,-13.5,-0.8999999999999999,-13.66268089547692,-0.5251823213758483,0.4085992730810593,75.0
49.997952700000006,-13.5,-0.8999999999999999,-13.662680800012115,-0.5251898623639657,0.40859231755788644,75.0
50.198247279,-13.5,-0.8999999999999999,-13.662680720314798,-0.5251940955505925,0.4085884026404566,75.0
50.497981665000005,-13.5,-0.8999999999999999,-13.662680604628669,-0.5251997399612357,0.40858317886016127,75.0
50.698562973,-13.5,-0.8999999999999999,-13.662680503710696,-0.5252033545498528,0.40857982295782685,75.0
50.997929263,-13.5,-0.8999999999999999,-13.66268032410502,-0.5252084415148193,0.40857508509778834,75.0
51.198277631,-13.5,-0.8999999999999999,-13.662680181532178,-0.5252112495455485,0.40857245248615487,75.0
51.497915406,-13.5,-0.8999999999999999,-13.662679988426548,-0.525214853603665,0.40856906955101735,75.0
51.697937776,-13.5,-0.8999999999999999,-13.680038389400243,-0.5237808524172683,0.41707873197480444,75.0
51.998235045,-13.5,-0.8999999999999999,-13.788567477878347,-0.5168986751460806,0.47962257494190014,75.0
52.198526384,-13.5,-0.8999999999999999,-13.888761235662994,-0.5113548780700651,0.5497093133230977,75.0
52.497922902000006,-13.5,-0.8999999999999999,-14.028630792345975,-0.5040977665388856,0.6604461318501549,75.0
52.698252615,-13.5,-0.8999999999999999,-14.128328013412402,-0.4991301715763152,0.7453138344209167,75.0
52.998347453,-13.5,-0.8999999999999999,-14.28862359747994,-0.49335064357311,0.8872941325088356,75.0
53.198257057000006,-13.5,-0.8999999999999999,-14.388810992008114,-0.4892542252321962,0.9791307731881638,75.0
53.498274265000006,-14.0,-0.7999999999999998,-14.52906352285146,-0.4850607091512477,0.6157068849154709,75.0
53.698029781,-14.0,-0.7999999999999998,-14.628750523453526,-0.4821777548972011,0.7045127395762737,75.0
53.998249659,-14.0,-0.7999999999999998,-14.788868677705572,-0.4779344037297399,0.8520798313338113,75.0
54.198248833,-14.0,-0.7999999999999998,-14.88885070105967,-0.475295480885367,0.9463025908808094,75.0
54.498243229,-14.4,-1.1,-15.02858124051419,-0.4720166702989405,0.8885254291852249,68.75
54.698232154,-14.4,-1.1,-15.128274535277646,-0.4700116257307517,0.9629481556388592,68.75
54.997899612000005,-14.4,-1.1,-15.288728139136833,-0.4660623461242777,1.0916568390730998,68.75
55.198244742,-14.4,-1.1,-15.388271489607837,-0.463981745777788,1.1752445519446417,68.75
55.497939299,-15.0,-1.4,-15.52854969554138,-0.4614268447457529,1.0771649587787375,62.5
55.698887061,-15.0,-1.4,-15.628172742625992,-0.459069491238752,1.1313492904032607,62.5
55.997966203,-15.0,-1.4,-15.787683296848568,-0.4561963916721397,1.2293129085903713,62.5
56.201279298,-15.699999999999996,-1.4,-15.888138609757718,-0.4545476490439191,0.9639897740173121,68.75
56.497973209,-15.699999999999996,-1.4,-16.028280486041197,-0.4526741401373596,1.0025938171961455,68.75
56.699491559,-15.699999999999996,-1.4,-16.128107561911346,-0.4507267850329647,1.0413432293050797,68.75
56.997920659,-15.699999999999996,-1.4,-16.288359529888197,-0.4481938061996678,1.1189736221050703,68.75
57.20098011,-16.199999999999996,-1.6,-16.388386115369613,-0.4474512944266537,1.1678432459807484,68.75
57.498246912000006,-16.199999999999996,-1.6,-16.528540622605973,-0.4452942857227798,1.2005349754533556,68.75
57.79804485,-16.199999999999996,-1.6,-16.688783973712813,-0.4449187356451341,1.2542418029320053,68.75
57.998210612,-16.199999999999996,-1.6,-16.788719488048653,-0.4465406245040672,1.295013191642363,68.75
58.20092330600001,-16.199999999999996,-1.6,-16.883298984847993,-0.4497640539978605,1.3378864803000818,68.75
58.498248708000006,-16.799999999999997,-1.4,-16.956207354133554,-0.4534795785415199,0.959323535478696,62.5
58.700921064000006,-16.799999999999997,-1.4,-16.964215548847694,-0.453822721616314,0.9603219192608847,62.5
58.998274233,-16.799999999999997,-1.4,-16.96428714562527,-0.4538275781474752,0.96032938000041,62.5
59.200937396,-16.799999999999997,-1.4,-16.964287630853008,-0.4537905474222163,0.9603659478546935,62.5
59.498072480000005,-16.799999999999997,-1.4,-16.964288134501697,-0.4537480464083059,0.9604079085545609,62.5
59.699304898,-16.799999999999997,-1.4,-16.964288397728858,-0.4537227493344218,0.9604328777980904,62.5
59.998249317,-16.799999999999997,-1.4,-16.96428863048089,-0.4536920838052134,0.9604631311811019,62.5
60.199334733,-17.099999999999998,-1.1,-16.96428869611215,-0.453677135364201,0.660417143443419,62.5
60.498235671,-17.099999999999998,-1.1,-16.964288739337423,-0.4536591557751354,0.6604347304495246,62.5
60.700980436,-17.099999999999998,-1.1,-16.964288714749365,-0.4536493014924357,0.6604443794942879,62.5
60.997957965000005,-17.099999999999998,-1.1,-16.96428862198998,-0.4536367186366775,0.6604567129011105,62.5
61.201456706,-17.099999999999998,-1.1,-16.96428854330652,-0.4536306850527957,0.6604626339038296,62.5
61.49826611700001,-17.099999999999998,-1.1,-16.9642883805341,-0.4536243412744856,0.6604688757624385,62.5
61.70147689,-17.099999999999998,-1.1,-16.964288249498892,-0.4536205049236861,0.6604726571775587,62.5
62.200889187,-17.299999999999997,-1.5,-16.964287925405056,-0.453612231553998,1.0989221805852512,56.25
62.49806606800001,-17.299999999999997,-1.5,-16.964287745469587,-0.4536077971329939,1.0989264579865008,56.25
62.797910427000005,-17.299999999999997,-1.5,-16.96428755724741,-0.4536030099865982,1.0989310737839824,56.25
62.99825770100001,-17.299999999999997,-1.5,-16.964287437332057,-0.4536003517445876,1.0989336415826598,56.25
63.29823416600001,-17.299999999999997,-1.5,-16.96428726949833,-0.4535968719741694,1.0989370062761226,56.25
63.497972863,-17.299999999999997,-1.5,-16.964287156476523,-0.453594221019391,1.0989395650310492,56.25
63.798225380000005,-17.299999999999997,-1.5,-16.964286986859726,-0.4535898872008958,1.0989437434918832,56.25
63.998250415,-17.299999999999997,-1.5,-16.964286882268066,-0.4535873078502599,1.0989462314914957,56.25
64.29824213100001,-17.299999999999997,-1.5,-16.969465082421106,-0.4545356371464039,1.0964711878274593,56.25
64.498242446,-17.299999999999997,-1.5,-17.008434671407997,-0.4559433304498618,1.084003999101981,56.25
64.79804750800001,-17.299999999999997,-1.5,-17.14765384044763,-0.4613122168525032,1.0498007730946934,56.25
64.99790419300001,-17.499999999999996,-1.1,-17.24884932446849,-0.465547533270596,0.682353716454272,56.25
65.298222593,-17.499999999999996,-1.1,-17.3885124810836,-0.4723088373542924,0.6375152253379165,56.25
65.498436072,-17.499999999999996,-1.1,-17.488988933123327,-0.4764552345140198,0.6236419791504807,56.25
65.798225701,-17.499999999999996,-1.1,-17.64831498044272,-0.4827258767480367,0.6348422454911186,56.25
65.997954073,-17.499999999999996,-1.1,-17.7483758704493,-0.486601487183934,0.6617766304021407,56.25
66.297926676,-17.499999999999996,-1.1,-17.888568594008188,-0.4917984226709407,0.7217303588703045,56.25
66.497952039,-17.499999999999996,-1.1,-17.988649434232034,-0.4956052590236428,0.777220221362754,56.25
66.79792554400001,-17.499999999999996,-1.1,-18.148701253944324,-0.5023882229750216,0.882016526436946,56.25
66.997928015,-17.499999999999996,-1.1,-18.24850584233728,-0.5071662328629514,0.9548365679376506,56.25
67.298022086,-17.499999999999996,-1.1,-18.38839138729732,-0.5114741201153389,1.0656462679135517,56.25
67.49796619300001,-17.499999999999996,-1.1,-18.487759195693613,-0.5148371116192966,1.148078322509117,56.25
67.79824217400001,-18.5,-1.0,-18.64788863931808,-0.5193957709618096,0.502843389743513,62.5
67.998296116,-18.5,-1.0,-18.7481308051479,-0.5219378167172056,0.5386207826926626,62.5
68.29792051,-18.5,-1.0,-18.887440514589137,-0.5261064186493114,0.6121154129659514,62.5
68.49789269600001,-18.5,-1.0,-18.98764864865658,-0.5291522146929579,0.6778634386549668,62.5
68.797905637,-18.8,-0.3999999999999999,-19.147576591189008,-0.5349038740205032,0.37283849314188316,62.5
68.998037534,-18.8,-0.3999999999999999,-19.24805162926588,-0.5378470766290646,0.4687772168343814,62.5
69.297929369,-18.8,-0.3999999999999999,-19.3878379814064,-0.5395847833653002,0.6041832537658479,62.5
69.498273874,-18.8,-0.3999999999999999,-19.487346029894084,-0.5401321202867956,0.7014852642409755,62.5
69.79824267000001,-18.8,-0.3999999999999999,-19.64796305366366,-0.5361466547300892,0.858823178525586,62.5
69.998250243,-18.8,-0.3999999999999999,-19.74790965317652,-0.5311953879303186,0.9569456308481781,62.5
70.29825741100001,-18.8,-0.3999999999999999,-19.888013453001484,-0.5203162544938459,1.0946457303656008,62.5
70.498238419,-19.4,-0.5999999999999999,-19.987239727536963,-0.5123482137462743,0.5937451753329511,62.5
70.798227779,-19.4,-0.5999999999999999,-20.13065223869024,-0.5008941153811511,0.7373429800772121,62.5
70.99794766000001,-19.4,-0.5999999999999999,-20.17519428368741,-0.4979371071773827,0.7818842699229606,62.5
71.29805167500001,-19.4,-0.5999999999999999,-20.18313949433808,-0.4981416649307389,0.7897357710115362,62.5
71.497935743,-19.4,-0.5999999999999999,-20.183149548895408,-0.4982849939703039,0.78972726835706,62.5
71.70109376,-19.4,-0.5999999999999999,-20.183155294064523,-0.4983768189627591,0.7897211441676231,62.5
71.997907612,-19.4,-0.5999999999999999,-20.18316062415529,-0.4984647661141067,0.7897151175883402,62.5
72.29790608,-19.8,-0.1,-20.1831633409845,-0.4985122785194723,0.5528346787288084,62.5
72.498227888,-19.8,-0.1,-20.18316458215775,-0.4985356812230939,0.5528524090822784,62.5
72.701035027,-19.8,-0.1,-20.183165515877377,-0.4985541552981823,0.5528663737857671,62.5
72.997961735,-19.8,-0.1,-20.183166853187267,-0.4985811739773653,0.5528867783105385,62.5
73.298233682,-19.8,-0.1,-20.18316760368129,-0.4985982495392453,0.5528996084703014,62.5
73.49793840800001,-19.8,-0.1,-20.183167954660483,-0.4986075745920632,0.5529065743874501,62.5
73.79788949200001,-19.8,-0.1,-20.18316839166226,-0.4986203834519048,0.5529161116049941,62.5
73.997914824,-20.3,-0.2999999999999998,-20.183168574209123,-0.4986269098591539,0.23043921405118067,62.5
74.298240281,-20.3,-0.2999999999999998,-20.18316868046664,-0.4986336754716984,0.23044499182082992,62.5
74.497922077,-20.3,-0.2999999999999998,-20.183168731321647,-0.4986378717256925,0.23044858303905105,62.5
74.798014183,-20.3,-0.2999999999999998,-20.183168717648897,-0.4986433896001326,0.230453346184501,62.5
74.99819671,-20.3,-0.2999999999999998,-20.18316868535784,-0.4986462762751161,0.2304558507805471,62.5
75.298232584,-20.3,-0.2999999999999998,-20.18316861980631,-0.4986499225634294,0.23045902701439006,62.5
75.498262583,-20.3,-0.2999999999999998,-20.183168584198423,-0.4986525932446491,0.23046134713011024,62.5
75.70129021700001,-20.3,-0.2999999999999998,-20.18316855456412,-0.498655293518041,0.2304636897330606,62.5
75.997910949,-20.3,-0.2999999999999998,-20.183168496631108,-0.4986592650827086,0.23046714252282804,62.5
76.20108631000001,-20.3,-0.2999999999999998,-20.1831684745074,-0.4986617424314743,0.23046928917935586,62.5
76.49791043200001,-20.3,-0.2999999999999998,-20.184936188640947,-0.4986216925308001,0.2295435850296664,62.5
76.701046844,-20.3,-0.2999999999999998,-20.18433114122109,-0.4983096082135392,0.22957784213861546,62.5
76.998185265,-20.3,-0.2999999999999998,-20.184224543417624,-0.4976010040943693,0.22901989687789306,62.5
77.29792830800001,-20.3,-0.2999999999999998,-20.184575468931893,-0.4982189184235242,0.22937646346843082,62.5
77.49828634800001,-20.3,-0.2999999999999998,-20.18546562198645,-0.49849710941059,0.22917073589642944,62.5
77.798257968,-20.3,-0.2999999999999998,-20.18557949596686,-0.4989115881638353,0.22947303033048877,62.5
77.998245706,-20.3,-0.2999999999999998,-20.18531164900522,-0.4987245577807691,0.2294446942491021,62.5
78.298242011,-20.3,-0.2999999999999998,-20.18522881206331,-0.4988190696279588,0.2295679594981105,62.5
78.49826359000001,-20.3,-0.2999999999999998,-20.1853864837709,-0.4994899182545511,0.2300706100039861,62.5
78.79825813400001,-20.3,-0.2999999999999998,-20.18489104343512,-0.499640621698025,0.2304483666972492,62.5
78.99823613000001,-20.3,-0.2999999999999998,-20.18609915456464,-0.499050740970145,0.22933512611820636,62.5
79.201071311,-20.3,-0.2999999999999998,-20.185067618574937,-0.499739283643818,0.23044572838432467,62.5
79.498263135,-20.3,-0.2999999999999998,-20.1864365091706,-0.4981358539381245,0.22837356034608944,62.5
79.798123031,-20.3,-0.2999999999999998,-20.192116522124937,-0.4490433113254222,0.18399117763976086,62.5
79.997951603,-20.3,-0.2999999999999998,-20.197063109256547,-0.3638658430989583,0.12113979276303277,62.5
80.29791461800001,-19.8,-0.3999999999999999,-20.19957688849559,-0.2221561439858639,0.43736726779880575,62.5
80.498226954,-19.8,-0.3999999999999999,-20.201611579721643,-0.1219113818294759,0.4884927231008712,62.5
80.79823571200001,-19.8,-0.3999999999999999,-20.20487197528662,0.0378945284483749,0.5963832110459785,62.5
80.997932272,-19.9,-0.7999999999999998,-20.206611349233643,0.1382307883036189,0.9870600445766742,62.5
81.298244409,-19.9,-0.7999999999999998,-20.209348905483257,0.2776794999524506,1.1212001828136906,62.5
81.49824417900001,-19.9,-0.7999999999999998,-20.21191783950002,0.3777649789417134,1.2183690262888072,62.5
81.798320328,-19.9,-0.7999999999999998,-20.216182305376734,0.5389061602238409,1.375732879638593,62.5
81.998228786,-19.9,-0.7999999999999998,-20.21931279919326,0.6382473717371117,1.4732671740174441,62.5
82.298217436,-19.9,-0.7999999999999998,-20.223858171203048,0.7787738286738656,1.6116485091857093,62.5
82.498245741,-19.9,-0.7999999999999998,-20.227866199604087,0.8784324665606364,1.7101554869799556,62.5
82.79823957,-19.9,-0.7999999999999998,-20.23429862060065,1.038211531469563,1.8683621710372895,62.5
82.99816292,-19.9,-0.7999999999999998,-20.23930570006275,1.138509364478277,1.9679804151121645,62.5
83.20101533900001,-20.2,-0.1999999999999997,-20.244724798454826,1.2379656540960753,1.4386610198225216,62.5
83.49823339800001,-20.2,-0.1999999999999997,-20.25183488919309,1.3780659356910063,1.5789170190754138,62.5
83.797890236,-20.2,-0.1999999999999997,-20.256565260316783,1.5383391699275069,1.7392592384055225,62.5
83.99825060900001,-20.5,0.5,-20.25886594547097,1.6381708327667543,1.1634339159636773,62.5
84.298226244,-20.5,0.5,-20.260696009841126,1.778548736173274,1.3007510409283685,62.5
84.49794927500001,-20.5,0.5,-20.261992861818964,1.8783301885979184,1.3987285321410656,62.5
84.79824649400001,-20.5,0.5,-20.264493519812675,2.0387854049457665,1.556702869748858,62.5
84.99825891900001,-20.5,0.5,-20.26591178709096,2.13845111543222,1.6550889248267098,62.5
85.29790319300001,-20.5,0.5,-20.26805976769777,2.278306657243907,1.7933685729816975,62.5
85.49795191700001,-20.8,1.2000000000000002,-20.26923096119585,2.3783792439528733,1.2923983190688653,87.5
85.797958451,-20.8,1.2000000000000002,-20.27152143698277,2.538851466072219,1.4393793244911108,87.5
85.997951001,-20.8,1.2000000000000002,-20.27372039661602,2.638721175145026,1.531955887337714,87.5
86.297897852,-20.7,1.8000000000000005,-20.276804608285115,2.7790732725570906,1.0666202757328236,93.75
86.49793440100001,-20.7,1.8000000000000005,-20.27905380017482,2.878977363540332,1.1581829968444983,93.75
86.79792181500001,-20.7,1.8000000000000005,-20.28335006955009,3.039527105671583,1.307679092988217,93.75
86.99792584500001,-20.7,1.8000000000000005,-20.28628177684016,3.1394854764040065,1.4019215775755085,93.75
87.297916119,-20.7,1.8000000000000005,-20.29004913410112,3.279397960429944,1.53514756221528,93.75
87.49802214600001,-20.7,1.8000000000000005,-20.292171240989617,3.379373987077463,1.6311794774741708,93.75
87.797939384,-20.7,1.8000000000000005,-20.29664924631337,3.5397973255873736,1.7859413665125037,93.75
87.998075078,-20.6,2.5000000000000004,-20.298770388235862,3.6402344525014607,1.1793531641009316,93.75
88.29793051,-20.6,2.5000000000000004,-20.303247898543272,3.780112601861125,1.3140586300324055,93.75
88.49793159500001,-20.6,2.5000000000000004,-20.30614304203412,3.880252144568453,1.4111866971916842,93.75
88.798242947,-20.6,2.5000000000000004,-20.310102139757447,4.04007483723605,1.567121971532802,93.75
88.99823604800001,-20.5,3.3000000000000003,-20.312859144768083,4.139778672473925,0.8603777765836359,93.75
89.297917614,-20.5,3.3000000000000003,-20.31521732306692,4.264801921600523,0.9823377146473693,93.75
89.49796431200001,-20.5,3.3000000000000003,-20.31440067711278,4.3109414816040665,1.0278374326147202,93.75
89.797932431,-20.3,4.0,-20.31374738472852,4.320193141381221,0.32048812516916836,93.75
89.997925533,-20.3,4.0,-20.31387155859535,4.320156543166108,0.320456911721274,93.75
90.297930548,-20.3,4.0,-20.314059177781143,4.320105842388896,0.320414436022141,93.75
90.497919586,-20.3,4.0,-20.314176298258907,4.320071057332376,0.32038484541905293,93.75
90.79805172,-20.3,4.0,-20.314327764674506,4.320017925578585,0.320338504604409,93.75
90.997916507,-20.3,4.0,-20.31440182954448,4.319986263612674,0.3203101958961468,93.75
91.298260242,-20.3,4.0,-20.31448870897229,4.319943575271814,0.32027146929658656,93.75
91.49825302,-20.0,4.6,-20.3145420935246,4.319914135560953,0.4211707730332276,93.75
91.798247198,-20.0,4.6,-20.31461173266748,4.319868847185529,0.4212528992294271,93.75
91.998270435,-20.0,4.6,-20.314649889591937,4.31984147556966,0.42129959866014977,93.75
92.297963739,-20.0,4.6,-20.31469714266405,4.319804376328796,0.4213595603821173,93.75
92.497941468,-20.0,4.6,-20.31472763784933,4.319778673147448,0.4213994281548369,93.75
92.797944477,-20.0,4.6,-20.31477358462721,4.319738804032921,0.42146025618551664,93.75
92.997908472,-20.0,4.6,-20.31480045887375,4.319714653397213,0.42149638720559474,93.75
93.297978566,-20.0,4.6,-20.314836053668493,4.319681794580438,0.42154482202868293,93.75
93.497904928,-20.0,4.6,-20.31486052632568,4.319658974970635,0.4215782742891285,93.75
93.79827344,-20.0,4.6,-20.314897641863645,4.319623565830705,0.4216295408160739,93.75
93.998224627,-20.0,4.6,-20.314920008603387,4.319602098331947,0.4216605211287921,93.75
94.298250544,-20.0,4.6,-20.31495019318529,4.319572880341106,0.4217024942155723,93.75
94.498223099,-20.0,4.6,-20.31497103496173,4.319552565755275,0.42173156893848,93.75
94.798230886,-20.0,4.6,-20.31500302013146,4.319521050561511,0.42177641443074915,93.75
94.99824346,-20.0,4.6,-20.3150223421513,4.3195019399514925,0.4218035535002824,93.75
95.200815712,-20.0,4.6,-20.31661926222084,4.323969707337889,0.4200481873266443,93.75
95.497988868,-20.0,4.6,-20.31974262587807,4.387849480299481,0.38372280335237324,93.75
95.797973924,-20.0,4.6,-20.324173908434727,4.539519472498463,0.32976751980252794,93.75
95.998239547,-20.0,4.6,-20.326648333622643,4.6395725212989225,0.329036651910396,93.75
96.297905722,-20.0,4.6,-20.32946505669569,4.779601772254402,0.37523861765604005,93.75
96.49793967,-20.0,4.6,-20.33110799340232,4.879961968153768,0.4336025909833128,93.75
96.79804142,-20.7,4.699999999999999,-20.332672976597845,5.039761996015651,0.5003672212066119,93.75
96.997929999,-20.7,4.699999999999999,-20.333553129516783,5.14055297591486,0.5730359792145536,93.75
97.297920149,-20.7,4.699999999999999,-20.33618578373625,5.280417969379894,0.6850151846015422,93.75
97.497912588,-20.7,4.699999999999999,-20.33698282483829,5.380433440184236,0.7712140662509609,93.75
97.797892313,-20.7,4.699999999999999,-20.33699306548725,5.5402183793927176,0.9152819016967777,93.75
97.998213942,-21.1,4.9,-20.33572195207593,5.640013028746319,1.063832795721645,93.75
98.200781801,-21.1,4.9,-20.333274253998965,5.740064734324259,1.1373553215403407,93.75
98.498278956,-21.1,4.9,-20.32999947690848,5.879716726634035,1.2460921595161911,93.75
98.798231472,-21.6,5.300000000000001,-20.32741902139595,6.039868594486203,1.4720284930027108,93.75
98.998232921,-21.6,5.300000000000001,-20.32543139834078,6.139997781798618,1.526473515578355,93.75
99.200759948,-21.6,5.300000000000001,-20.323987498089647,6.24016631684145,1.5849670685395139,93.75
99.498038132,-20.9,5.6,-20.323040948732416,6.380374470780466,0.9704978420818265,93.75
99.798250368,-20.9,5.6,-20.32265843229623,6.54058854473639,1.1036440079518242,93.75
99.998240746,-20.9,5.6,-20.32215798703445,6.640599532076326,1.19027256462776,93.75
100.298259717,-20.9,5.6,-20.32171801747141,6.780572035273523,1.3145951398765563,93.75
100.498244443,-20.9,5.6,-20.322114461139822,6.879928821273217,1.4043395186170486,93.75
100.797933269,-20.7,6.299999999999999,-20.322866469885888,7.040151844696069,0.8306951623449648,93.75
100.99822623,-20.7,6.299999999999999,-20.32303280540131,7.139886520404597,0.9206050363543254,93.75
101.298239161,-20.7,6.299999999999999,-20.32400904075597,7.280160955775383,1.049802219782259,93.75
101.498238288,-20.7,6.299999999999999,-20.32511590493452,7.379974980907516,1.143190292173291,93.75
101.798228373,-20.7,6.799999999999999,-20.32682857396875,7.539966677086382,0.8287385573294267,93.75
101.998238883,-20.7,6.799999999999999,-20.327801135425613,7.640616442350332,0.9193301898339863,93.75
102.298262311,-21.0,7.299999999999999,-20.32901342030948,7.780239756590012,0.82513829988337,93.75
102.498200503,-21.0,7.299999999999999,-20.33013996457746,7.8804224627594035,0.8863423166767909,93.75
102.798294238,-21.0,7.299999999999999,-20.332557925863306,8.040068518556362,0.9965843338554459,93.75
102.998236116,-21.0,7.299999999999999,-20.33464453384077,8.140107501320802,1.0716708963685866,93.75
103.297919586,-21.0,7.299999999999999,-20.336694020446902,8.279911334871684,1.1833009113158421,93.75
103.498009384,-20.8,8.0,-20.338145797044707,8.380019815158406,0.5981006309146469,87.5
103.797930504,-20.8,8.0,-20.340643552145465,8.54020554633244,0.7091053366558917,87.5
103.998126995,-20.7,8.6,-20.34238468556389,8.640235861730142,0.3598716961479535,75.0
104.298064935,-20.7,8.6,-20.345191663152363,8.779848365049924,0.39778686542885816,75.0
104.498317599,-20.7,8.6,-20.347172491908783,8.873657040255168,0.44651475468015195,75.0
104.798243689,-20.7,8.6,-20.34692883079751,8.94927039945136,0.49663775778219466,75.0
104.998231129,-20.7,8.6,-20.34653750386825,8.953622207322582,0.49998440144006573,75.0
105.297982144,-20.5,9.0,-20.34655034010936,8.953612756039844,0.1603077494158413,75.0
105.497929684,-20.5,9.0,-20.346570698550373,8.953597980418854,0.1602925387051113,75.0
105.79792422,-20.5,9.0,-20.34660659452201,8.953574960852503,0.1602648467505622,75.0
105.997911812,-20.5,9.0,-20.34662804383482,8.953561005034798,0.1602483609629508,75.0
106.297926476,-20.5,9.0,-20.34665436921899,8.953542045506056,0.16022866165386132,75.0
106.497933968,-20.5,9.0,-20.346670993280764,8.953528906842838,0.16021656219233146,75.0
106.798176968,-21.0,8.9,-20.34669622444419,8.95350851158166,0.655491406478498,75.0
106.998234141,-21.0,8.9,-20.34671143573584,8.953496142968097,0.6554752363825723,75.0
107.297921323,-21.0,8.9,-20.34673247357312,8.953479292791213,0.6554528936859941,75.0
107.497961213,-20.5,9.0,-20.34674741682069,8.953467579286988,0.16016123260185003,75.0
107.798246736,-20.5,9.0,-20.34676917156789,8.95344943168674,0.1601456905204711,75.0
107.998038487,-20.5,9.0,-20.34678168039444,8.953438415737924,0.16013692451070138,75.0
108.297934959,-20.5,9.0,-20.346798411832587,8.953423435113226,0.16012527287617456,75.0
108.498241225,-20.5,9.0,-20.346809789674467,8.953413030544926,0.1601174139892009,75.0
108.798020635,-20.5,9.0,-20.34682739054736,8.953396878481655,0.16010527543396041,75.0
108.997953223,-20.5,9.0,-20.346838217872367,8.953387078885225,0.16009776987629998,75.0
109.297920476,-20.5,9.0,-20.346852971225527,8.953373732310535,0.16008754249190962,75.0
109.497888705,-20.5,9.0,-20.346862941510384,8.953364464727004,0.16008070412467235,75.0
109.797939353,-20.5,9.0,-20.34687793944066,8.953350082082958,0.16007054779566757,75.0
109.99792321,-20.5,9.0,-20.34688687066964,8.953341361647437,0.16006454606267767,75.0
110.297985761,-20.5,9.0,-20.34689920311015,8.953329482238109,0.1600562127393674,75.0
110.49801468,-20.5,9.0,-20.34690783173765,8.953321229809054,0.16005036572843884,75.0
110.797912323,-20.5,9.0,-20.34679293505571,8.954626051821506,0.15978485510882603,75.0
110.997929989,-20.5,9.0,-20.34691362680045,8.954360516687835,0.15974479677408318,75.0
111.297939025,-20.5,9.0,-20.347154378947693,8.954365680812629,0.1595126169384744,75.0
111.498238146,-20.1,9.5,-20.3473113201076,8.954598449915858,0.5988536882140311,87.5
111.798251922,-20.1,9.5,-20.34787333933931,8.954915309984537,0.5987975548083612,87.5
111.997921652,-20.1,9.5,-20.347505497333767,8.954820717095469,0.5987315105443619,87.5
112.29792419,-20.1,9.5,-20.34733161100021,8.954692626306882,0.5987763001355726,87.5
112.497938447,-20.1,9.5,-20.34794276514914,8.954560505675124,0.5991492775253733,87.5
112.79831155,-20.1,9.5,-20.34794818275715,8.955297855503199,0.598480348509445,87.5
112.998019336,-20.1,9.5,-20.3472189109927,8.954485917986498,0.5989180274690776,87.5
113.298242542,-20.5,8.9,-20.34787301541873,8.95433140985929,0.1615379879009507,75.0
113.498279038,-20.5,8.9,-20.348011870664497,8.954717942543112,0.1615377500618881,75.0
113.798263371,-20.5,8.9,-20.34838698684596,8.954668208206881,0.16116798300592514,75.0
113.998029014,-20.5,8.9,-20.34884771928807,8.95495052808914,0.16083088167915216,75.0
114.297970813,-20.5,8.9,-20.348945678923947,8.954997577973783,0.16075491127405614,75.0
114.498039848,-20.5,8.9,-20.348990212350504,8.955029698650861,0.1607240607362521,75.0
114.797893254,-20.5,8.9,-20.32146026958043,8.960502531955925,0.18851257706415778,75.0
114.998037175,-19.9,9.3,-20.25182357396872,8.966906991918504,0.4844902261479637,87.5
115.298229137,-19.9,9.3,-20.11282686517798,8.974694047841622,0.3887405780866668,87.5
115.497900465,-19.9,9.3,-20.013186144145905,8.980136941810125,0.3392985104906855,87.5
115.79791338,-19.9,9.3,-19.85263383161036,8.986488143233188,0.3170697687280986,87.5
115.997932582,-19.9,9.3,-19.752492621926137,8.99032388926924,0.3430127113439903,87.5
116.29793238,-19.9,9.3,-19.612682588442155,8.99555380132764,0.4186153160962339,87.5
116.498088575,-19.9,9.3,-19.51217725222698,8.999272067810884,0.4907583650728295,87.5
116.798241782,-19.9,9.3,-19.35241411310659,9.005299597474869,0.6218509715143294,87.5
116.998240074,-19.9,9.3,-19.252930260014704,9.008864861723223,0.7095483895718987,87.5
117.298021549,-19.9,9.3,-19.11291728487721,9.01395168635586,0.8374502004201316,87.5
117.49798877,-19.3,8.799999999999999,-19.01340869009008,9.01731033363417,0.35966423233354466,87.5
117.797926748,-19.3,8.799999999999999,-18.85340491023747,9.021832013412704,0.49865480683007396,87.5
117.998042763,-19.3,8.799999999999999,-18.75327684577826,9.025157166942009,0.5912714750328498,87.5
118.297947904,-19.3,8.799999999999999,-18.61380893534796,9.029139001344896,0.72343822068345,87.5
118.498289713,-19.3,8.799999999999999,-18.51378671817391,9.029886941473976,0.8191332799856259,87.5
118.797947443,-19.3,8.799999999999999,-18.35350858292856,9.03077250946226,0.9742186375313377,87.5
118.997930717,-18.8,8.799999999999999,-18.252886861301423,9.029328849104337,0.5932322543221407,75.0
119.297938868,-18.8,8.799999999999999,-18.113154237704983,9.027588252146757,0.7235699784387415,75.0
119.498016758,-18.8,8.799999999999999,-18.013077795124342,9.026522614510544,0.8188767009819369,75.0
119.798255089,-18.8,8.799999999999999,-17.85309080317762,9.024821499364274,0.9732326204989276,75.0
119.998252713,-18.8,8.799999999999999,-17.76209996719045,9.022545121624288,1.061490842760706,75.0
120.298353046,-18.3,8.7,-17.69607368229745,9.018458496897471,0.682746520650205,75.0
120.498224197,-18.3,8.7,-17.69040129613638,9.017978940156276,0.687547224658144,75.0
120.798229167,-18.3,8.7,-17.690430908714227,9.017904400420267,0.6874864979456211,75.0
120.998029721,-17.799999999999997,8.7,-17.69047229957188,9.01787741652155,0.33621774060195997,81.25
121.298231553,-17.799999999999997,8.7,-17.690528557008523,9.01785836573011,0.33618140563578486,81.25
121.498187032,-17.799999999999997,8.7,-17.6905676396062,9.01785316401975,0.3361637627388234,81.25
121.798235326,-17.799999999999997,8.7,-17.690628228503282,9.017857561795877,0.3361482024214166,81.25
121.998253961,-17.799999999999997,8.7,-17.690664904190243,9.017870884880686,0.33614886974458086,81.25
122.298234445,-17.799999999999997,8.7,-17.69071485244551,9.017897239336662,0.3361575497499314,81.25
122.498025009,-17.799999999999997,8.7,-17.690749521764662,9.017919879818,0.33616769175240785,81.25
122.798257315,-17.799999999999997,8.7,-17.690803326741015,9.017959891574623,0.3361880516927624,81.25
122.998238028,-17.799999999999997,8.7,-17.690835955338166,9.01798513733288,0.3362013328521195,81.25
123.298262994,-17.799999999999997,8.7,-17.690880382099134,9.018020852737848,0.3362206920862231,81.25
123.498232468,-17.799999999999997,8.7,-17.690911233323636,9.018045739008558,0.33623422062078984,81.25
123.798234025,-17.599999999999998,8.2,-17.690959176901487,9.018083853481135,0.8231249985203591,100.0
123.998231378,-17.599999999999998,8.2,-17.690988245255134,9.018106908548452,0.8231511250003338,100.0
124.298231565,-17.599999999999998,8.2,-17.691027829096512,9.01813865980256,0.8231870579239896,100.0
124.498231575,-17.599999999999998,8.2,-17.691055328470245,9.018161109218582,0.8232124109126429,100.0
124.797922888,-18.1,8.6,-17.691098029754492,9.018195711638464,0.5848832999013229,75.0
124.998237058,-18.1,8.6,-17.691123927397037,9.018216919106951,0.5848803588551554,75.0
125.298032793,-18.1,8.6,-17.691159192729792,9.01824591267672,0.5848764392246789,75.0
125.498000564,-18.1,8.6,-17.686889326157118,9.018227849653377,0.5878562435397015,75.0
125.797931968,-18.1,8.6,-17.684882014347682,9.01827668020307,0.5893032523359599,75.0
125.99792335,-18.1,8.6,-17.683405838983333,9.018485064604755,0.5904916970546059,75.0
126.298120222,-18.1,8.6,-17.683504952609017,9.01797123048551,0.59005768702288,75.0
126.497931138,-18.1,8.6,-17.683268390400734,9.017620304644502,0.5899762311233934,75.0
126.798251405,-18.1,8.6,-17.68335238143772,9.017958483156097,0.5901563620734461,75.0
126.998256075,-18.1,8.6,-17.683653973496497,9.017898456756097,0.5899009526559388,75.0
127.297919134,-18.1,8.6,-17.683782654132674,9.018157037893692,0.5899933790652818,75.0
127.498257851,-18.1,8.6,-17.683951697777278,9.01822283586398,0.5899207830043969,75.0
127.798225782,-18.1,8.6,-17.68359920536104,9.017742022629928,0.5898288050332074,75.0
127.997916894,-18.1,8.6,-17.684552847367414,9.0174892716976,0.5889767640689386,75.0
128.298039151,-18.1,8.6,-17.684763182487156,9.017683683464512,0.5889662758177912,75.0
128.49795554300002,-18.1,8.6,-17.684473614590036,9.017906028372275,0.5893281136359948,75.0
128.798235817,-18.1,8.6,-17.68446634931541,9.01770869690104,0.5891933216848517,75.0
128.998006112,-18.1,8.6,-17.684247519186318,9.018025438702102,0.5895722116117901,75.0
129.298269003,-18.1,8.6,-17.684255851064524,9.017546704166977,0.5892269915192186,75.0
129.498256852,-18.1,8.6,-17.683444773589013,9.010868274575762,0.5850905876043243,75.0
129.7982188,-18.1,8.6,-17.67599225834663,8.920410621637359,0.5314560484555919,75.0
129.998244236,-18.1,8.6,-17.67267160037364,8.823461062368354,0.4822285843062612,75.0
130.298240818,-18.1,8.6,-17.669338943349167,8.682709466578768,0.438531414584357,75.0
130.498304988,-17.599999999999998,8.299999999999999,-17.666959953898967,8.582435963741784,0.29026489460646593,81.25
130.79825290300002,-17.599999999999998,8.299999999999999,-17.662829085961135,8.422543153384186,0.13771099623505925,81.25
130.99790207200002,-17.599999999999998,8.299999999999999,-17.66023466972037,8.32215098445606,0.06417851313870614,81.25
131.297931014,-17.599999999999998,8.299999999999999,-17.6577684900731,8.182403168565743,0.1310198962322239,81.25
131.49802444300002,-17.599999999999998,7.799999999999999,-17.658780456338487,8.082132908434021,0.28819111726214136,100.0
131.79791676000002,-17.599999999999998,7.799999999999999,-17.65967462556723,7.921889056816994,0.13571294377592025,100.0
131.99824771500002,-17.599999999999998,7.799999999999999,-17.65986197958339,7.8220618670105635,0.06379798253576884,100.0
132.29814620000002,-17.599999999999998,7.799999999999999,-17.659929320164295,7.681787158014624,0.13253603066945216,100.0
132.49801957300002,-17.599999999999998,7.799999999999999,-17.659174388429825,7.581885169794702,0.22599930840940594,100.0
132.797961628,-17.599999999999998,7.799999999999999,-17.65891567002895,7.42130258400605,0.38325290482324426,100.0
132.998261238,-17.599999999999998,7.799999999999999,-17.657726662865617,7.3212257820992,0.482241764400516,100.0
133.298238371,-17.599999999999998,7.799999999999999,-17.65652627724907,7.180696336383645,0.6218780007270538,100.0
133.498044028,-17.799999999999997,6.9,-17.655679692896182,7.08013683042177,0.2308194721355649,100.0
133.798243476,-17.799999999999997,6.9,-17.654529073237732,6.920515527985473,0.14691044013818383,100.0
133.998246211,-18.1,6.299999999999999,-17.653725127959415,6.820568736105229,0.6856770890331966,100.0
134.29823697,-18.1,6.299999999999999,-17.65258791704235,6.681121148342618,0.587733699638281,100.0
134.497990109,-18.1,6.299999999999999,-17.651701915947996,6.581413913803683,0.5293061146888504,100.0
134.797930399,-18.1,6.299999999999999,-17.649272116688397,6.420926038978013,0.46666768872236175,100.0
134.997921999,-18.1,6.299999999999999,-17.647811322230808,6.3213868690392605,0.4526941555509125,100.0
135.298037235,-18.1,6.299999999999999,-17.64569097984744,6.181530353141911,0.46950159000653024,100.0
135.498261621,-18.1,6.299999999999999,-17.643971030341824,6.081869734654581,0.5055128423958798,100.0
135.798226523,-18.1,6.299999999999999,-17.640899682008957,5.921672413785177,0.5948990372076691,100.0
135.998261902,-18.1,6.299999999999999,-17.63892539893061,5.821428471944139,0.6645453296931816,100.0
136.298241928,-17.799999999999997,5.799999999999999,-17.635668419749223,5.681795193483447,0.20242836893906968,100.0
136.49823338800002,-17.799999999999997,5.799999999999999,-17.633149500620263,5.581089296577648,0.275247134800955,100.0
136.798236479,-17.799999999999997,5.799999999999999,-17.628351813633426,5.421138302924105,0.4159318278205688,100.0
136.99804258400002,-17.599999999999998,5.199999999999999,-17.625305598874665,5.321406986007191,0.12401624726525148,100.0
137.298182555,-17.599999999999998,5.199999999999999,-17.621054347502593,5.181326107365247,0.028142491270217958,100.0
137.498305234,-17.599999999999998,5.199999999999999,-17.61786543973961,5.081506593929156,0.11983263837268855,100.0
137.79807426300002,-17.599999999999998,5.199999999999999,-17.61290353427532,4.921630164572302,0.27866873967640804,100.0
137.998223886,-17.599999999999998,5.199999999999999,-17.6110213532467,4.84272557457734,0.35744438069226914,100.0
138.298243114,-17.599999999999998,5.199999999999999,-17.610620120297053,4.798754104758398,0.4013864165655807,100.0
138.498215925,-17.799999999999997,4.699999999999999,-17.610230132701535,4.797656151448961,0.2134228817402168,100.0
138.798240763,-17.799999999999997,4.699999999999999,-17.61016872821771,4.797666763469479,0.21348233752018747,100.0
138.998259772,-17.799999999999997,4.699999999999999,-17.61018085710352,4.797709860576861,0.2134912735076154,100.0
139.29804363,-17.799999999999997,4.699999999999999,-17.610196774548076,4.7977685589755845,0.21350399414557902,100.0
139.498236955,-17.799999999999997,4.699999999999999,-17.61020840334467,4.797809306887004,0.2135123197258042,100.0
139.79824953000002,-17.799999999999997,4.699999999999999,-17.61022149512311,4.797872801841859,0.21352977837688739,100.0
139.998215686,-17.799999999999997,4.699999999999999,-17.61022361671134,4.797911504624484,0.21354563538492966,100.0
140.297901063,-17.799999999999997,4.699999999999999,-17.610219605464938,4.797964457831974,0.21357348418798514,100.0
140.497947382,-17.799999999999997,4.699999999999999,-17.610213061502638,4.798001381104836,0.21359623761353097,100.0
140.797942849,-17.799999999999997,4.699999999999999,-17.610199068664617,4.798058865588853,0.21363505015879458,100.0
140.998020216,-18.2,4.1,-17.610189736168604,4.798093725214839,0.9138987889833274,100.0
141.297929324,-18.2,4.1,-17.610175020342716,4.798141311683987,0.9139446360188092,100.0
141.498252973,-18.8,3.8,-17.610164070258303,4.798174396358429,1.553081345342157,100.0
141.797978161,-18.8,3.8,-17.610146644978173,4.79822576444027,1.5531277098967302,100.0
141.99792961,-18.8,3.8,-17.610135248903628,4.798256951528672,1.5531564850899444,100.0
142.298185323,-18.8,3.8,-17.610119517325696,4.798299456404368,1.5531958561966654,100.0
142.497923398,-18.8,3.8,-17.610108697252887,4.79832896605494,1.553223112375537,100.0
142.79793877100002,-18.8,3.8,-17.61009210073378,4.798374787608904,1.5532652784599528,100.0
142.998402712,-18.8,3.8,-17.610082050845904,4.798402581217501,1.553290842019247,100.0
143.29805598800002,-18.8,3.8,-17.61006830808158,4.798440420688409,1.5533256918934557,100.0
143.49794386800002,-18.8,3.8,-17.6100587394712,4.7984667150994085,1.5533499234461876,100.0
143.797917906,-18.8,3.8,-17.609770942950533,4.796913740679779,1.5525727727230745,100.0
143.997916752,-18.8,3.8,-17.60803534643498,4.768115248936391,1.5355868163576907,100.0
144.29793815800002,-18.8,3.8,-17.6039140929436,4.661768150666572,1.4742000687024182,100.0
144.498263637,-18.8,3.8,-17.60337928081178,4.56031212215793,1.4177361068586884,100.0
144.79825548300002,-18.3,4.0,-17.602582165724918,4.400084617054601,0.8040269500263489,100.0
144.998213934,-18.3,4.0,-17.601890476880786,4.300486195533402,0.7600321440412074,100.0
145.29794723700002,-18.3,4.0,-17.600089745387717,4.160614515917116,0.7181026300151824,100.0
145.49801116400002,-18.3,4.0,-17.5990071866314,4.060546925571899,0.703602767611551,100.0
145.798264931,-18.3,4.0,-17.596200711705308,3.900413333823208,0.710810060624021,100.0
145.998202478,-17.699999999999996,3.8,-17.59385706992908,3.800609965962684,0.10614468268601633,100.0
146.298033543,-17.699999999999996,3.8,-17.592903755272616,3.660223521692362,0.17608824356779876,100.0
146.49834763700002,-17.699999999999996,3.8,-17.593082782093525,3.560711693968962,0.2620881242789598,100.0
146.79849180300002,-17.699999999999996,3.8,-17.593061966256016,3.400877512116296,0.4132003187262878,100.0
146.997921031,-17.699999999999996,3.8,-17.59315138725051,3.3005495059301406,0.510751820430545,100.0
147.297926369,-17.599999999999998,3.2,-17.593046824343226,3.16098888917773,0.039625918529434596,100.0
147.498231726,-17.599999999999998,3.2,-17.592654566308607,3.0609986739177613,0.13919527308330387,100.0
147.79823985500002,-17.599999999999998,3.2,-17.59206920879219,2.9005272430132294,0.29957775222208893,100.0
147.998252173,-17.599999999999998,3.2,-17.59163433176511,2.800231974147195,0.39985554754094044,100.0
148.29822028200002,-17.599999999999998,3.2,-17.590506303129395,2.660477264897864,0.5396062564244051,100.0
148.498258327,-17.9,2.6,-17.589679084704528,2.56099959714624,0.3127620531531505,100.0
148.79824503700002,-17.9,2.6,-17.58799621874012,2.401331840311159,0.3698856542157496,100.0
148.998240959,-17.9,2.6,-17.58752272893416,2.301481484294205,0.43215199774147056,100.0
149.297926781,-17.9,2.6,-17.586553016212722,2.161575395455518,0.5389481844438541,100.0
149.49824613,-17.699999999999996,2.0000000000000004,-17.585197976511058,2.061818263247744,0.13038789157019914,100.0
149.798234689,-17.699999999999996,2.0000000000000004,-17.582704360264653,1.901520469898526,0.15315510095955162,100.0
149.99820691800002,-17.699999999999996,2.0000000000000004,-17.58124098183281,1.801222684976997,0.23155156091848814,100.0
150.29826441400002,-17.9,1.4,-17.577916450146823,1.660937109137257,0.4145189838969161,100.0
150.498038963,-17.9,1.4,-17.576277402636745,1.5611205600321716,0.36160220534268334,100.0
150.798039684,-17.9,1.4,-17.572908036053725,1.4009457918076649,0.32709333132971935,100.0
150.99826076600002,-17.9,1.4,-17.571364327766645,1.30129639602806,0.34313817406595526,100.0
151.29821548700002,-17.699999999999996,0.5,-17.568760002619165,1.1608370095857736,0.6737428961783481,87.5
151.498217246,-17.699999999999996,0.5,-17.56729078738209,1.0759796928637109,0.5910705048511892,87.5
151.79824019,-17.699999999999996,0.5,-17.566388049734172,1.022935708765647,0.5397350356944289,87.5
151.998245187,-17.699999999999996,0.5,-17.566503900060678,1.021803065840613,0.5386089938161742,87.5
152.298227959,-17.699999999999996,0.5,-17.56646703915945,1.0217793650999083,0.5385951703041038,87.5
152.49823583100002,-17.699999999999996,0.5,-17.566432936555515,1.0218015788853403,0.5386251462421858,87.5
152.798031947,-17.699999999999996,0.5,-17.56639984026328,1.0218356979273977,0.5386664072624636,87.5
152.998232951,-17.699999999999996,0.5,-17.566385521785218,1.021856282763792,0.538689900266053,87.5
153.29828111700002,-17.699999999999996,0.5,-17.566367872012478,1.021884278779918,0.5387213993040444,87.5
153.49792848200002,-17.699999999999996,0.5,-17.566356007035385,1.021903721153362,0.5387431772275647,87.5
153.798235791,-17.699999999999996,0.5,-17.56633786178878,1.0219338864669634,0.5387769009837956,87.5
153.998045955,-17.699999999999996,0.5,-17.56632895914129,1.0219521729641206,0.5387968244396181,87.5
154.29804796800002,-17.699999999999996,0.5,-17.56631873931137,1.0219770137951067,0.5388234241286818,87.5
154.498248726,-17.699999999999996,0.5,-17.566312215041297,1.0219942644196227,0.5388417540745579,87.5
154.797975605,-17.699999999999996,0.5,-17.566302291654733,1.0220210389878026,0.5388701535274336,87.5
154.997921573,-17.699999999999996,0.5,-17.56629680861663,1.0220372719690554,0.5388872393284054,87.5
155.298247433,-17.699999999999996,0.5,-17.56628946787509,1.0220593708730537,0.538910468554373,87.5
155.498238961,-17.699999999999996,0.5,-17.566284060627698,1.0220747281111624,0.5389266871983239,87.5
155.798256008,-17.199999999999996,0.5,-17.566275474223822,1.0220985814010592,0.6377653578855529,93.75
155.99797508400002,-17.199999999999996,0.5,-17.566270422504846,1.0221130461593333,0.6377742981428931,93.75
156.298242114,-17.199999999999996,0.5,-17.566263027578835,1.0221327554273103,0.6377861864773591,93.75
156.498228367,-17.199999999999996,0.5,-17.566257833766667,1.0221464485295424,0.6377944139826472,93.75
156.798219488,-17.199999999999996,0.5,-17.56624985814429,1.0221677096891633,0.6378072401852626,93.75
156.99788811500002,-16.699999999999996,0.8999999999999999,-17.566112017093772,1.0204576288927605,0.8744484355939555,93.75
157.29799793700002,-16.699999999999996,0.8999999999999999,-17.5661769779649,1.019688252248246,0.8744071333667488,93.75
157.497976114,-16.699999999999996,0.8999999999999999,-17.56604574023877,1.0203126107718907,0.8743628242877645,93.75
157.797915439,-16.299999999999997,1.4,-17.565709646290912,1.0206176072987372,1.3213447349596579,93.75
157.998056867,-16.299999999999997,1.4,-17.566060749131037,1.0204464389457688,1.3217302017428505,93.75
158.298200984,-16.299999999999997,1.4,-17.565681217000595,1.020755735619304,1.3212778493313848,93.75
158.498263503,-16.299999999999997,1.4,-17.565345167602473,1.0210823397555229,1.32086221326075,93.75
158.79825668400002,-16.799999999999997,0.8999999999999999,-17.566066858461095,1.020909955711229,0.7755499010525031,93.75
158.99795672300002,-16.799999999999997,0.8999999999999999,-17.566165181231295,1.0203806743524262,0.7755646921364664,93.75
159.298282015,-16.799999999999997,0.8999999999999999,-17.566419905695824,1.0203876711790734,0.7758174161609939,93.75
159.49802136300002,-16.799999999999997,0.8999999999999999,-17.56628047875359,1.0208058810717928,0.7757446957732733,93.75
159.798213226,-16.799999999999997,0.8999999999999999,-17.56620281506548,1.0214530735885956,0.7757690396621846,93.75
159.99821277,-16.999999999999996,0.1,-17.566170245879864,1.021462789676953,1.0815000786310198,62.5
160.298231638,-16.999999999999996,0.1,-17.566574538077866,1.0204671610289713,1.080863775751082,62.5
160.498236561,-16.999999999999996,0.1,-17.56703479496244,1.0206053517038818,1.081222767187191,62.5
160.797956306,-17.299999999999997,-0.2999999999999998,-17.539886736628546,1.015023066339483,1.3367240969681031,56.25
160.998269077,-17.299999999999997,-0.2999999999999998,-17.471270367929737,1.0084203440862884,1.3195822580459582,56.25
161.29792628700002,-17.299999999999997,-0.2999999999999998,-17.332690668728638,1.0011328248038842,1.3015434328534952,56.25
161.49822018100002,-17.299999999999997,-0.2999999999999998,-17.2324643612859,0.9970497825399942,1.2988068374025319,56.25
161.79803795400002,-17.299999999999997,-0.2999999999999998,-17.072181568388718,0.989338763550703,1.3093111490307714,56.25
161.99794568000002,-17.299999999999997,-0.2999999999999998,-16.97193495776249,0.9861612904943036,1.3273422833256951,56.25
162.298015031,-17.299999999999997,-0.2999999999999998,-16.832571187056203,0.9800650034245252,1.3627384591924725,56.25
162.498236708,-17.299999999999997,-0.2999999999999998,-16.732698238608364,0.9759791763319332,1.3964075862407679,56.25
162.797986302,-16.699999999999996,-0.1999999999999997,-16.57293707360801,0.9702095316732584,1.177087649787492,62.5
162.998029231,-16.699999999999996,-0.1999999999999997,-16.473145575661928,0.9665086775409406,1.1883624971447349,62.5
163.29791128300002,-16.699999999999996,-0.1999999999999997,-16.333062325436337,0.9630053513352894,1.2195182262880306,62.5
163.497959701,-16.699999999999996,-0.1999999999999997,-16.23304675404986,0.9598022322345242,1.2502745905598311,62.5
163.797920889,-16.699999999999996,-0.1999999999999997,-16.075804777394765,0.956699218502158,1.3143716209682463,62.5
163.99792821300002,-16.699999999999996,-0.1999999999999997,-16.006711173091013,0.9573842297213438,1.3491433032574787,62.5
164.29803307100002,-16.699999999999996,-0.1999999999999997,-15.97423500729998,0.959468568257254,1.3678823726495566,62.5
164.497952682,-16.099999999999998,0.0,-15.973897128076947,0.9595565410265398,0.9678071552401639,68.75
164.798203252,-16.099999999999998,0.0,-15.973947404320066,0.9595298822003984,0.9677741739234204,68.75
164.998241228,-16.099999999999998,0.0,-15.973978256510952,0.959502291830257,0.9677428004689752,68.75
165.298242788,-16.099999999999998,0.0,-15.974020455991791,0.9594596914941332,0.9676950682474996,68.75
165.497906935,-16.099999999999998,0.0,-15.974049687254718,0.9594305668454758,0.9676623863094322,68.75
165.79825453200002,-16.099999999999998,0.0,-15.974095256885107,0.9593811598134756,0.9676074690409723,68.75
165.997905753,-16.099999999999998,0.0,-15.974122853282402,0.9593526917388592,0.9675756524491289,68.75
166.297946706,-16.099999999999998,0.0,-15.974160368761654,0.9593158510706362,0.9675342448231905,68.75
166.497962048,-16.099999999999998,0.0,-15.974186461986998,0.9592893926454992,0.9675046176579828,68.75
166.79823177600002,-16.099999999999998,0.0,-15.974227008920538,0.9592480291045048,0.9674583332764005,68.75
166.998220229,-15.9,0.5,-15.974251569505403,0.9592236947243956,0.46518780870777404,93.75
167.29805992200002,-15.9,0.5,-15.974284977183387,0.9591919579597398,0.4651618128028523,93.75
167.498150207,-15.9,0.5,-15.974308180148782,0.9591702526937944,0.4651440922938899,93.75
167.797921902,-15.9,0.5,-15.974344182390542,0.9591367960482042,0.46511681859585385,93.75
167.99796394900002,-15.599999999999994,-0.1999999999999997,-15.974366023704508,0.9591169723158658,1.2180730992904438,68.75
168.297915587,-15.599999999999994,-0.1999999999999997,-15.974395750039548,0.9590901283971646,1.2180566913717255,68.75
168.49792248600002,-15.599999999999994,-0.1999999999999997,-15.974416395430064,0.9590716630940792,1.2180454660457138,68.75
168.798226567,-15.599999999999994,-0.1999999999999997,-15.974448451037388,0.959043095336337,1.2180281356894591,68.75
168.998232792,-15.599999999999994,-0.1999999999999997,-15.974467898473703,0.959025583829573,1.218017451007496,68.75
169.297938273,-15.599999999999994,-0.1999999999999997,-15.974494383620163,0.959001728876804,1.2180028944557029,68.75
169.49809980900002,-15.599999999999994,-0.1999999999999997,-15.97451278762085,0.958985154032986,1.2179927813252454,68.75
169.79791326600002,-15.599999999999994,-0.1999999999999997,-15.974151375234651,0.9587226544190584,1.2176318989965453,68.75
169.997942977,-15.599999999999994,-0.1999999999999997,-15.972705815477026,0.9588378110450896,1.2172981135277312,68.75
170.29804076000002,-15.599999999999994,-0.1999999999999997,-15.973104337349154,0.9588845274744876,1.2174646584474316,68.75
170.498041977,-15.599999999999994,-0.1999999999999997,-15.9725854614935,0.9586786713001986,1.2171097688550205,68.75
170.79803518900002,-15.599999999999994,-0.1999999999999997,-15.97283363229689,0.9584910631590896,1.2170071736810648,68.75
170.998052881,-15.599999999999994,-0.1999999999999997,-15.97332884907982,0.9585126133524814,1.2171794875251811,68.75
171.297953774,-15.599999999999994,-0.1999999999999997,-15.973052296311996,0.958622963831575,1.2171997322138712,68.75
171.498245465,-15.599999999999994,-0.1999999999999997,-15.9723052604316,0.9579956295948278,1.2163737440054216,68.75
171.79792178000002,-15.599999999999994,-0.1999999999999997,-15.972712420605443,0.958209140495812,1.2167016732139477,68.75
171.998210534,-15.999999999999996,0.3000000000000002,-15.972915182772622,0.9578678341664566,0.6584251472681647,93.75
172.298224322,-15.999999999999996,0.3000000000000002,-15.973413956990631,0.9581382807262347,0.6586750444947643,93.75
172.49823130200002,-15.999999999999996,0.3000000000000002,-15.97295589951522,0.9584840501240371,0.659039170033759,93.75
172.79823293700002,-15.999999999999996,0.3000000000000002,-15.972714294497983,0.9586473863659264,0.6592123248934354,93.75
172.99823228600002,-15.999999999999996,0.3000000000000002,-15.971409423958846,0.9578565012347487,0.6584774842431513,93.75
173.29822939200002,-15.999999999999996,0.3000000000000002,-15.971515612959744,0.9584829089877538,0.6590987040906946,93.75
173.498224385,-15.999999999999996,0.3000000000000002,-15.97055556873024,0.9638879393367368,0.6645405710184877,93.75
173.797921962,-15.599999999999994,0.0,-15.972387926083137,1.0496449553595724,1.1137447193160122,68.75
173.998272116,-15.599999999999994,0.0,-15.976836629913237,1.146880950661681,1.2072041089372632,68.75
174.297950114,-15.599999999999994,0.0,-15.979547568451974,1.2873404480655717,1.342125845792218,68.75
174.498256424,-15.599999999999994,0.0,-15.979658272448592,1.387485409577976,1.4384909334543676,68.75
174.798224193,-15.599999999999994,0.0,-15.98200054403921,1.5472603595101866,1.5937186187523342,68.75
174.998250281,-15.799999999999995,0.3999999999999999,-15.983669983076616,1.6478156959203725,1.2612607476920108,93.75
175.297966895,-15.799999999999995,0.3999999999999999,-15.987021863228168,1.7876240072970635,1.4001705478092654,93.75
175.498240245,-15.799999999999995,0.3999999999999999,-15.989748249464997,1.887369444349549,1.4994239767856583,93.75
175.798217158,-15.799999999999995,0.3999999999999999,-15.99389736586266,2.048299755274766,1.6596651083056888,93.75
175.998226071,-15.799999999999995,0.3999999999999999,-15.996303732086798,2.148412663414572,1.7593981916609,93.75
176.297908113,-15.799999999999995,0.3999999999999999,-16.000319711935372,2.2887008924051093,1.8992943552703276,93.75
176.49804790800002,-15.799999999999995,0.3999999999999999,-16.002486301359674,2.3890954334695587,1.999375238840317,93.75
176.798221783,-15.799999999999995,0.3999999999999999,-16.0068373527584,2.5492758197081185,2.159205464905577,93.75
176.99821325800002,-15.799999999999995,0.3999999999999999,-16.009328856636046,2.6495021691372496,2.259220790266801,93.75
177.29822921800002,-15.599999999999994,1.0,-16.013115818790787,2.788648293173837,1.8357362001139672,93.75
177.498039866,-15.599999999999994,1.0,-16.01583208968149,2.8888359977644065,1.9340676702896256,93.75
177.797932787,-15.599999999999994,1.0,-16.020660530049668,3.048649049903437,2.0913914533658993,93.75
177.998237638,-15.599999999999994,1.0,-16.023413623530107,3.14867255996596,2.189993805137716,93.75
178.29791238200002,-15.599999999999994,1.0,-16.026622177740297,3.288988470016244,2.328406042426274,93.75
178.49827580800002,-15.599999999999994,1.0,-16.02927394867909,3.389214126562412,2.427471990689065,93.75
178.798248633,-15.599999999999994,1.0,-16.03202881289352,3.5493719585585706,2.585719682845562,93.75
178.998037861,-15.5,1.8000000000000005,-16.034098904849643,3.64993855095291,1.925495853660386,100.0
179.298240303,-15.5,1.8000000000000005,-16.03743937031891,3.789354687983982,2.0606729850640133,100.0
179.498267902,-15.799999999999995,2.7,-16.039310349210645,3.8895696945768528,1.2134024482812737,100.0
179.798246667,-15.799999999999995,2.7,-16.043105487683977,4.049702426237228,1.3714214952131694,100.0
179.998236996,-15.799999999999995,2.7,-16.04550405006063,4.149885452914026,1.4705237383897898,100.0
180.298232155,-15.799999999999995,2.7,-16.049233265612635,4.290691745839621,1.6100985842395619,100.0
180.498237258,-15.799999999999995,2.7,-16.052111067874502,4.390867428454528,1.7095591979084117,100.0
180.797915902,-15.799999999999995,2.7,-16.05654813907357,4.550663935851825,1.8683613010134523,100.0
180.997928532,-15.799999999999995,2.7,-16.060368182819108,4.629995088935623,1.9474785323438488,100.0
181.297927716,-15.9,3.6,-16.06340315267576,4.673821560224439,1.0861829189907313,100.0
181.498275465,-15.9,3.6,-16.063426830929885,4.675254831710362,1.087603458152034,100.0
181.79829225,-15.9,3.6,-16.063292516667655,4.67518761002285,1.0875168241210362,100.0
181.998334185,-15.9,3.6,-16.063212353513265,4.675146028537984,1.0874636798626143,100.0
182.297943671,-15.9,3.6,-16.063118305025146,4.6750890406055685,1.0873932254085814,100.0
182.498218452,-15.999999999999996,4.1,-16.06306504436966,4.675049146648727,0.5784969497609973,100.0
182.798021423,-15.999999999999996,4.1,-16.062996863775677,4.6749868432069,0.5784275881271645,100.0
182.998217758,-15.999999999999996,4.1,-16.06296116833565,4.674948915279723,0.5783859990521216,100.0
183.297938879,-15.999999999999996,4.1,-16.06292003313204,4.6748970804258665,0.5783299954623858,100.0
183.49824598,-15.999999999999996,4.1,-16.062896107929465,4.674860968588574,0.5782914953544351,100.0
183.798262302,-15.999999999999996,4.1,-16.062862382445296,4.674804772154992,0.5782319648885317,100.0
183.998244306,-15.999999999999996,4.1,-16.062844342980437,4.674770643245861,0.5781960772799346,100.0
184.298234428,-15.999999999999996,4.1,-16.062821476522302,4.674724119918925,0.5781473444797838,100.0
184.498257979,-15.999999999999996,4.1,-16.062805512345772,4.6746917993712485,0.5781134807679017,100.0
184.798022188,-15.999999999999996,4.1,-16.06278090583381,4.674641610685572,0.5780609162265019,100.0
184.998222002,-15.999999999999996,4.1,-16.062766134960615,4.674611167142602,0.5780290486670007,100.0
185.298034895,-15.999999999999996,4.1,-16.062746140484023,4.674569705696948,0.5779856614573747,100.0
185.49823375000005,-15.999999999999996,4.1,-16.062732286964625,4.674540901994557,0.577955524147431,100.0
185.798014,-15.999999999999996,4.1,-16.06271080875535,4.674496169923272,0.5779087253115847,100.0
185.997935857,-15.999999999999996,4.1,-16.06269773875729,4.674469042414606,0.5778803398092315,100.0
186.298042558,-15.999999999999996,4.1,-16.06268005518452,4.674432109804571,0.5778417067783063,100.0
186.49792760000005,-15.999999999999996,4.1,-16.062667822315092,4.674406429201268,0.5778148508488404,100.0
186.797929406,-15.999999999999996,4.1,-16.06201310729779,4.707286628471496,0.6104446531807818,100.0
186.997919372,-15.999999999999996,4.1,-16.063417295857057,4.778135625274618,0.6810944719203197,100.0
187.297936918,-15.999999999999996,4.1,-16.0698946539217,4.917184911190927,0.8201685447058784,100.0
187.498227791,-15.999999999999996,4.1,-16.07421157581933,5.017307147901793,0.920304167966934,100.0
187.798269716,-15.999999999999996,4.1,-16.081931279609634,5.177096268878277,1.0802078999016709,100.0
187.998023165,-16.099999999999998,4.6,-16.087351454478725,5.2765478066421805,0.6766660331183688,100.0
188.297913833,-16.099999999999998,4.6,-16.09394505148307,5.416354211439855,0.8163766660905558,100.0
188.498249231,-16.099999999999998,4.6,-16.09734285096122,5.5165565045342975,0.916560356138724,100.0
188.798239018,-15.5,4.699999999999999,-16.09959254331931,5.676508800596268,1.1458973146168387,100.0
188.998010395,-15.5,4.699999999999999,-16.099874448619843,5.776997242168873,1.232790498724873,100.0
189.298231294,-15.5,4.699999999999999,-16.099101204907416,5.916446174446508,1.355973284783688,100.0
189.498223239,-15.5,4.699999999999999,-16.097885713804867,6.016471308241024,1.44587829093385,100.0
189.798212721,-15.5,4.699999999999999,-16.097228106090192,6.176314306631373,1.5925405309343157,100.0
189.998040059,-15.5,4.699999999999999,-16.096812179674814,6.276422460094196,1.685613404816668,100.0
190.298228931,-15.5,4.699999999999999,-16.09651220196863,6.416680935665247,1.8173662927362697,100.0
190.49794096,-15.5,5.5,-16.09674953165629,6.517201369089046,1.1793254973961302,100.0
190.797942354,-15.5,5.5,-16.09694322105127,6.676724856791012,1.3194781535701496,100.0
190.997947648,-15.5,5.5,-16.096987264728366,6.776338923198121,1.4090545912484704,100.0
191.298241247,-15.799999999999995,5.9,-16.097294980601813,6.915842917831936,1.0584522375621568,100.0
191.498254964,-15.799999999999995,5.9,-16.097246697939894,7.016087310270097,1.1549919842068659,100.0
191.798254637,-15.799999999999995,5.9,-16.096934889233943,7.175470703293457,1.3095784983742982,100.0
191.998265919,-15.799999999999995,5.9,-16.096798526151968,7.275207119587923,1.4068702807619802,100.0
192.297936261,-15.699999999999996,6.5,-16.096012277169194,7.415653160279613,0.9976203855168445,100.0
192.498235751,-15.699999999999996,6.5,-16.095908199329152,7.515544583973054,1.089988121188969,100.0
192.798218027,-15.699999999999996,6.5,-16.09496377646191,7.675622982346272,1.2401958641028437,100.0
192.997919423,-15.699999999999996,6.5,-16.094830574962028,7.775437717998626,1.3351526337533068,100.0
193.298225312,-15.699999999999996,6.5,-16.094647883875666,7.915536225357897,1.4695202474100273,100.0
193.498237407,-15.9,7.199999999999999,-16.09547814974258,8.016052494939094,0.8391384757732802,100.0
193.797927775,-15.9,7.199999999999999,-16.096093035646714,8.176645000753682,0.9961365047654385,100.0
193.998264947,-16.199999999999996,7.6,-16.09644556272594,8.276507362930525,0.6843871225982852,100.0
194.297924801,-16.199999999999996,7.6,-16.09774761072831,8.416503283601466,0.8228810140255672,100.0
194.497920374,-16.199999999999996,7.6,-16.09839177826122,8.516877566019543,0.9224904887286582,100.0
194.797921139,-16.199999999999996,7.6,-16.10054339128094,8.676257449776099,1.0808430576251336,100.0
194.998114802,-16.199999999999996,7.6,-16.101949309648052,8.760780859630776,1.1649146500768444,100.0
195.298228721,-16.199999999999996,7.6,-16.103449873328398,8.813265266151507,1.2171008721589147,100.0
195.498240054,-16.199999999999996,7.6,-16.10374319607198,8.815736135347962,1.219540783694106,100.0
195.798090208,-16.199999999999996,7.6,-16.103697800386975,8.815705306319954,1.2195136348006936,100.0
195.997968191,-16.4,8.2,-16.103670286398735,8.815682994774214,0.6832838716208312,100.0
196.297966249,-16.4,8.2,-16.10363590665918,8.815652541378247,0.6832713425332732,100.0
196.497926876,-16.4,8.2,-16.10361341142721,8.81563137948752,0.683262032675256,100.0
196.798235194,-16.4,8.2,-16.103583720495536,8.815598466471567,0.683245258071663,100.0
196.998003795,-16.4,8.2,-16.10356917876547,8.815578471643478,0.6832335519635285,100.0
197.29793584100003,-16.4,8.2,-16.103551159147976,8.815551237370478,0.6832168331290113,100.0
197.497916248,-16.4,8.2,-16.10354072601575,8.815532286662707,0.6832042864732984,100.0
197.798231689,-16.4,8.2,-16.103527235325434,8.815502817858441,0.68318359098083,100.0
197.998222775,-16.4,8.2,-16.103519282330257,8.815484964573546,0.683170957788799,100.0
198.298258797,-16.4,8.2,-16.103509242114516,8.815460611458459,0.6831533749959293,100.0
198.49826667,-16.4,8.2,-16.1035024866566,8.815443698027881,0.6831410695171636,100.0
198.797913498,-16.4,8.2,-16.103491835281943,8.815417438896828,0.6831220358345951,100.0
198.998252573,-16.4,8.2,-16.10348529575683,8.815401513631869,0.6831105275230431,100.0
199.297953973,-16.4,8.2,-16.10347606470475,8.815379842320604,0.6830950113545796,100.0
199.498068212,-16.4,8.2,-16.103469274417716,8.815364767450442,0.6830843785607252,100.0
199.798246547,-15.9,8.6,-16.103458615157134,8.815341382005002,0.29625549595827405,75.0
199.997971646,-15.9,8.6,-16.103452179129462,8.815327210538952,0.2962407750310763,75.0
200.298231432,-15.9,8.6,-16.103556097429017,8.815834830585597,0.29668124122439055,75.0
200.497961837,-15.9,8.6,-16.104236728359634,8.817541720835168,0.2983907530654613,75.0
200.798253649,-15.9,8.6,-16.10314368864695,8.817596221170598,0.2976835126519645,75.0
200.997951621,-15.9,8.6,-16.10272439947311,8.81735887605199,0.29722392760394983,75.0
201.297953467,-15.9,8.6,-16.102627024279403,8.816284798814268,0.29637278074488244,75.0
201.497911218,-15.9,8.6,-16.102871528200566,8.817273971361638,0.2972622337023175,75.0
201.798245865,-15.9,8.6,-16.103120986732687,8.816888158644838,0.297150817955477,75.0
201.997941169,-15.9,8.6,-16.10251283476061,8.817278525741655,0.29702088477284716,75.0
202.297944664,-15.9,8.6,-16.102635719101862,8.817027879071752,0.29692142891733425,75.0
202.497961711,-15.9,8.6,-16.102630273275857,8.816585000993724,0.29659415082448914,75.0
202.797987809,-15.9,8.6,-16.102817024599055,8.816034005850613,0.2963198224065955,75.0
202.998239057,-15.9,8.6,-16.101769147415386,8.816389909803833,0.29586378946001946,75.0
203.298220805,-15.9,8.6,-16.101797362123467,8.81713105551797,0.2964254891711196,75.0
203.498228102,-15.9,8.6,-16.102266217239404,8.816722497299835,0.2964460549108637,75.0
203.79795801,-15.9,8.6,-16.102351505248137,8.81675541326149,0.2965283137481918,75.0
203.997919601,-15.9,8.6,-16.08870414490615,8.818690176938476,0.2888505630843449,75.0
204.298222062,-16.4,8.2,-16.00192335794888,8.826078599298306,0.7419160501337229,100.0
204.498262741,-16.4,8.2,-15.903851397820196,8.829857108790714,0.8018001078443243,100.0
204.797911367,-16.4,8.2,-15.742592398068586,8.832785227000356,0.9124702179178797,100.0
204.998266215,-16.4,8.2,-15.642034600244664,8.832504636385474,0.9872049748027948,100.0
205.298247816,-16.4,8.2,-15.50154997086862,8.831752577115164,1.0983277168212717,100.0
205.497948093,-16.4,8.2,-15.401749648653912,8.83122561251088,1.181079818578034,100.0
205.798223172,-16.4,8.2,-15.242052931151363,8.831822988361935,1.3191064031675963,100.0
205.998081901,-15.999999999999996,8.5,-15.141837546342064,8.831145155795628,0.9198368937344893,100.0
206.297917612,-15.999999999999996,8.5,-15.00184273397917,8.830912523770225,1.0515802518581971,100.0
206.498078393,-15.999999999999996,8.5,-14.901408871713103,8.831004038128848,1.147373583628398,100.0
206.798220304,-15.999999999999996,8.5,-14.741927409475416,8.830696179881455,1.3008099809032128,100.0
206.997916603,-15.999999999999996,8.5,-14.642286277285583,8.831600154184898,1.3976212702669053,100.0
207.297937004,-15.0,8.799999999999999,-14.503592264888049,8.831122876769186,0.4973824212186909,68.75
207.49824100100005,-15.0,8.799999999999999,-14.432419554304204,8.82880866822636,0.5683110958807819,68.75
207.798220368,-15.0,8.799999999999999,-14.401203420165771,8.826566994914117,0.5993856431713531,68.75
207.998367279,-15.0,8.799999999999999,-14.401217270987756,8.826651919748933,0.5993755762371824,68.75
208.298247308,-15.0,8.799999999999999,-14.401262973023638,8.826723911727711,0.5993331251737416,68.75
208.498239446,-15.0,8.799999999999999,-14.4012946731209,8.826753853804313,0.5993027925237736,68.75
208.798264043,-15.0,8.799999999999999,-14.401343912126595,8.826788048058662,0.599255130196382,68.75
208.998055501,-14.4,8.4,-14.401373740699157,8.826803855995179,0.42680606679833105,81.25
209.297912056,-14.4,8.4,-14.401414405647516,8.826826726376435,0.4268290698775794,81.25
209.4979686,-14.4,8.4,-14.401442642568076,8.826841462328806,0.4268439002499306,81.25
209.797887991,-14.4,8.4,-14.40148649487701,8.826868924134224,0.42687151235299053,81.25
209.99790363,-14.4,8.4,-14.401513098067085,8.826888220046595,0.42689090161341,81.25
210.298264435,-14.4,8.4,-14.401549326180564,8.826916362714734,0.42691917404257146,81.25
210.49806106000003,-14.4,8.4,-14.401574501336796,8.82693679630615,0.42693969960009354,81.25
210.79791380600005,-14.4,8.4,-14.401613591272012,8.826970562723096,0.4269736117242727,81.25
210.998021859,-14.4,8.4,-14.401637301429345,8.82699146389593,0.42699460300565734,81.25
211.297921811,-14.4,8.4,-14.401669589345031,8.827020540885357,0.4270238048008608,81.25
211.497893775,-14.4,8.4,-14.40169202059848,8.827040432066473,0.42704378411730304,81.25
211.798297794,-14.4,8.4,-14.401726851801754,8.827070884977527,0.4270743762070406,81.25
211.99822816,-14.4,8.4,-14.401747976017637,8.827089292076801,0.4270928690891723,81.25
212.29822849,-14.4,8.4,-14.401776742504149,8.82711445645117,0.42711815194803443,81.25
212.498229729,-14.4,8.4,-14.40179672946778,8.82713196016464,0.42713573911681557,81.25
212.798286882,-14.4,8.4,-14.401827764597328,8.827159303238526,0.42716321361587983,81.25
212.998020423,-14.4,8.4,-14.401846585893226,8.827175942826482,0.4271799339963837,81.25
213.298036957,-14.4,8.4,-14.401872218499877,8.827198688013665,0.42720279053712595,81.25
213.49821697700003,-14.4,8.4,-14.401890024592044,8.827214488268545,0.42721866904375005,81.25
213.798231717,-14.4,8.4,-14.400275918467493,8.827266324271264,0.42726641336205823,81.25
213.997928791,-14.799999999999995,9.0,-14.400534098076204,8.827091761605374,0.4352818233105093,68.75
214.297929155,-14.799999999999995,9.0,-14.401023771564674,8.827183954767015,0.4347958329451225,68.75
214.497905652,-14.799999999999995,9.0,-14.400872237411376,8.82739390833582,0.43485150769956066,68.75
214.798246813,-14.799999999999995,9.0,-14.399815231807093,8.827455446320764,0.4357975122668484,68.75
214.998226196,-14.799999999999995,9.0,-14.40162359552753,8.827108585259992,0.43427548967356017,68.75
215.298222291,-14.799999999999995,9.0,-14.401189597988216,8.82650535018251,0.4349139343227471,68.75
215.497950114,-14.599999999999994,8.6,-14.400702712139248,8.826756111437007,0.3018902830875509,81.25
215.798241262,-14.599999999999994,8.6,-14.400567051778385,8.826626592850785,0.3018826153052186,81.25
215.998244397,-14.599999999999994,8.6,-14.400888535504553,8.827342276329507,0.30220834849520845,81.25
216.29796546300005,-14.599999999999994,8.6,-14.39970731269892,8.827954134340459,0.30344727375475616,81.25
216.498014557,-14.599999999999994,8.6,-14.39993863747866,8.827797961932419,0.3031772752606241,81.25
216.798247931,-14.599999999999994,8.6,-14.399357439982351,8.82668474293265,0.3027266251403659,81.25
216.997954024,-14.599999999999994,8.6,-14.399228913575088,8.826731507541435,0.30284683530829426,81.25
217.297893516,-14.599999999999994,8.6,-14.39440917297825,8.792384528521472,0.28156596912608967,81.25
217.49829169300003,-14.699999999999996,8.0,-14.391232662147402,8.718136407562946,0.7817014575859456,100.0
217.798239837,-14.699999999999996,8.0,-14.391163978778312,8.557612168219775,0.6374253039774923,100.0
217.998251261,-14.699999999999996,8.0,-14.390970412512385,8.457642628007083,0.5522101600948611,100.0
218.298249228,-14.699999999999996,8.0,-14.390501624899098,8.317493134756544,0.4433859885107254,100.0
218.497979956,-14.799999999999995,8.5,-14.389390148355846,8.217394744846269,0.49846382066077405,68.75
218.79799193500003,-14.299999999999995,8.1,-14.387792647680858,8.057165895568676,0.0976847454275717,100.0
218.998237979,-14.299999999999995,8.1,-14.386936744610052,7.957218189082978,0.1671665130704664,100.0
219.298234563,-14.299999999999995,8.1,-14.38536211333076,7.817494159040133,0.2951207220253025,100.0
219.497929402,-14.299999999999995,8.1,-14.384364917786275,7.717092809187543,0.3920910049069896,100.0
219.797923521,-14.299999999999995,8.1,-14.382253672839726,7.557414669548207,0.5487845729583757,100.0
219.997899596,-14.299999999999995,8.1,-14.380852949522533,7.456974554902435,0.6480886686938874,100.0
220.298275715,-14.299999999999995,8.1,-14.378623335382384,7.316430858546723,0.7875037957397264,100.0
220.49836789800003,-14.299999999999995,8.1,-14.376406432983854,7.216464531442996,0.8868330548640829,100.0
220.79854433800003,-14.299999999999995,8.1,-14.372514743459604,7.056369564302024,1.0461466791679643,100.0
220.998275681,-13.9,7.4,-14.369756014970235,6.95656780085086,0.6459898055255661,100.0
221.298224511,-13.9,7.4,-14.365981866263969,6.816160655832686,0.746998982251362,100.0
221.498233942,-14.0,6.799999999999999,-14.363592178975942,6.716326708829488,0.37309582183103934,100.0
221.797909054,-14.0,6.799999999999999,-14.358725123527076,6.556539168878648,0.43353995264544554,100.0
221.997901999,-14.0,6.799999999999999,-14.356541266971544,6.456419380152775,0.49514575368094976,100.0
222.298129848,-14.0,6.799999999999999,-14.352736760401458,6.316498148375322,0.5984958334550095,100.0
222.49824773,-14.0,6.799999999999999,-14.350146979306585,6.216258213317268,0.680703592349176,100.0
222.798256336,-13.699999999999996,6.0,-14.345874130492833,6.055997760810659,0.6482971090909523,100.0
222.998232553,-13.699999999999996,6.0,-14.343061170683423,5.956561099835394,0.6445266536678302,100.0
223.29791647,-13.5,5.5,-14.339097967154215,5.815883533691706,0.8965867528242293,100.0
223.498029459,-13.5,5.5,-14.335996674883424,5.7161474045648175,0.8634871978878711,100.0
223.798231325,-13.5,5.5,-14.330086574079182,5.555459510269882,0.8319371837740447,100.0
223.997912493,-13.5,5.5,-14.326456786125924,5.455738703178565,0.8276411551692594,100.0
224.29823027,-14.0,5.300000000000001,-14.320815323331672,5.315962517376594,0.32121219411068974,100.0
224.498275615,-14.0,5.300000000000001,-14.31721773818468,5.215265142406108,0.32833989935806157,100.0
224.798253236,-14.0,5.300000000000001,-14.31079272587806,5.055385810888184,0.39551007569156293,100.0
224.998246878,-12.199999999999996,3.8,-14.306440779997155,4.955021879327539,2.4023256026942645,100.0
225.298220236,-12.199999999999996,3.8,-14.301996124550298,4.823401112344054,2.337891687904197,100.0
225.498041604,-12.199999999999996,3.8,-14.301204548553688,4.767985829453071,2.3134513439631004,100.0
225.797932048,-12.4,3.3000000000000003,-14.30187737304264,4.752281871952916,2.3929605466230814,100.0
225.998215467,-12.4,3.3000000000000003,-14.301828454584433,4.752325699263322,2.392948266763765,100.0
226.29824618900005,-12.4,3.3000000000000003,-14.301831774797632,4.752384910641843,2.392986842481593,100.0
226.498255424,-12.4,3.3000000000000003,-14.301848306262384,4.752425509845777,2.393024622038783,100.0
226.798228936,-13.199999999999996,2.8000000000000003,-14.301873543604222,4.752488558782081,2.2419493478376933,100.0
226.997923604,-13.199999999999996,2.8000000000000003,-14.301880560829954,4.752527114456366,2.2419863744060184,100.0
227.298178306,-13.199999999999996,2.8000000000000003,-14.301882583022037,4.752579907305512,2.2420333452427794,100.0
227.498222578,-13.199999999999996,2.8000000000000003,-14.301881379607629,4.7526166847229545,2.2420647832264975,100.0
227.798213708,-13.199999999999996,2.8000000000000003,-14.301872773214155,4.752674028130004,2.242110494262965,100.0
227.998243833,-13.199999999999996,2.8000000000000003,-14.301864434970271,4.752708952900122,2.2421368129060846,100.0
228.298239869,-13.199999999999996,2.8000000000000003,-14.301851226327775,4.752756563619436,2.2421717868439117,100.0
228.498248977,-13.199999999999996,2.8000000000000003,-14.301841473653282,4.752789661997237,2.242195820410369,100.0
228.798230183,-13.199999999999996,2.8000000000000003,-14.301824524091929,4.752841119486775,2.242232307288604,100.0
228.998266779,-13.199999999999996,2.8000000000000003,-14.301813651703103,4.752872344606169,2.242254159859433,100.0
229.298238838,-13.199999999999996,2.8000000000000003,-14.301797694905671,4.752914924194991,2.242283403507012,100.0
229.497920026,-13.199999999999996,2.8000000000000003,-14.30178588128014,4.752944545617731,2.242303397501397,100.0
229.797920942,-13.199999999999996,2.8000000000000003,-14.301766730968737,4.752990550482275,2.2423340562330596,100.0
229.99822399400003,-13.199999999999996,2.8000000000000003,-14.30175498554448,4.753018447686353,2.2423525827075763,100.0
230.298234496,-13.199999999999996,2.8000000000000003,-14.301739092024569,4.753056458201369,2.2423778798001925,100.0
230.49825785700003,-13.199999999999996,2.8000000000000003,-14.301728075901329,4.753082860688713,2.242395463326052,100.0
230.798243593,-13.199999999999996,2.8000000000000003,-14.30171108906455,4.75312384805222,2.2424228168653024,100.0
230.998271341,-13.199999999999996,2.8000000000000003,-14.301700795576606,4.753148710090822,2.242439414277134,100.0
231.29796704,-13.199999999999996,2.8000000000000003,-14.301686750826342,4.7531825670754575,2.2424620035295546,100.0
231.498265295,-13.199999999999996,2.8000000000000003,-14.30167690063044,4.753206089909183,2.2424776527406065,100.0
231.79826191900003,-13.099999999999994,2.2,-14.301025019785094,4.748972869283384,2.8177515480419073,100.0
231.998228788,-13.099999999999994,2.2,-14.29865998634688,4.711030678296653,2.782455899060408,100.0
232.297894565,-13.099999999999994,2.2,-14.293636279536877,4.594251057406944,2.6752954404553,100.0
232.4979258,-13.099999999999994,2.2,-14.28963932843323,4.492935096118238,2.5831750011886214,100.0
232.797918831,-13.099999999999994,2.2,-14.28524899059008,4.333218527125935,2.440376293559696,100.0
232.99797624700005,-13.099999999999994,2.2,-14.283577098739006,4.232776103691471,2.3522400890212145,100.0
233.297920498,-13.4,3.0000000000000004,-14.281924201964468,4.092949242404291,1.4043960782068485,100.0
233.497904579,-13.4,3.0000000000000004,-14.2810440748734,3.9926749495279217,1.3272687057599846,100.0
233.798237505,-13.9,3.0000000000000004,-14.27995210557564,3.832846239024789,0.9154214659866227,93.75
233.998236671,-13.9,3.0000000000000004,-14.279147864422082,3.7328554802282463,0.8251243894082869,93.75
234.298244137,-13.9,3.0000000000000004,-14.280539538930569,3.5927381041880926,0.7043783080461685,93.75
234.49822778100005,-13.9,3.0000000000000004,-14.281576154123169,3.4930744121428727,0.6234763325944835,93.75
234.797981335,-13.9,3.0000000000000004,-14.28264301428751,3.3324835547001475,0.5069131982194556,93.75
234.997928627,-14.299999999999995,2.6,-14.282903503968976,3.232501752393367,0.6327327689927387,93.75
235.298018688,-14.299999999999995,2.6,-14.283140014137611,3.0926507731877853,0.49293918838514184,93.75
235.498256096,-14.799999999999995,3.0000000000000004,-14.282719471529624,2.992417112077906,0.5173361047943835,93.75
235.798259775,-14.799999999999995,3.0000000000000004,-14.281770741682154,2.831982831574344,0.5447855844847912,93.75
235.997902806,-14.799999999999995,3.0000000000000004,-14.2806785103974,2.731747884355539,0.5845117681542326,93.75
236.298055387,-14.799999999999995,3.0000000000000004,-14.278749636046255,2.591425690247402,0.6622951823105154,93.75
236.498238553,-15.4,2.8000000000000003,-14.27630926310515,2.4915407357834383,1.1652587651952315,100.0
236.798494813,-15.4,2.8000000000000003,-14.272937137938992,2.331522755622176,1.22054972186183,100.0
236.997918616,-15.4,2.8000000000000003,-14.270622284436405,2.2315192508624886,1.264383006272859,100.0
237.298267703,-15.0,2.0000000000000004,-14.266594246549497,2.0912750791122288,0.7390636909368798,93.75
237.497927009,-15.0,2.0000000000000004,-14.264205593540003,1.991241958582172,0.7358465273868561,93.75
237.797904734,-15.0,2.0000000000000004,-14.258396534243808,1.8313859253827405,0.7605303456014301,93.75
237.997913944,-15.0,2.0000000000000004,-14.25509046935901,1.7311945581436383,0.7919258642141794,93.75
238.298051112,-14.299999999999995,1.2000000000000002,-14.250326662137816,1.591088852059997,0.39423080891779166,87.5
238.49825276700005,-14.299999999999995,1.2000000000000002,-14.2468578685191,1.4910869331081469,0.2958981053752109,87.5
238.797920098,-14.299999999999995,1.2000000000000002,-14.241082062471206,1.3314933830529618,0.14408967051582594,87.5
238.99822555,-14.299999999999995,1.2000000000000002,-14.237935336754344,1.2315297884048488,0.06961429437012681,87.5
239.298002509,-14.299999999999995,1.2000000000000002,-14.233317323722291,1.097221544819951,0.12251526502748335,87.5
239.497960198,-14.299999999999995,1.2000000000000002,-14.231669915106158,1.037534292236307,0.17625012539217308,87.5
239.79792940700003,-14.299999999999995,1.2000000000000002,-14.230648419179555,1.0172841630229803,0.19543469201886063,87.5
239.998252521,-14.4,0.5,-14.230540748475676,1.0172952072390806,0.5443443481471152,87.5
240.297961052,-14.4,0.5,-14.230471069184889,1.0173266605692397,0.5443959332315372,87.5
240.497914406,-14.4,0.5,-14.230447206513231,1.0173475993165615,0.5444232620836259,87.5
240.797936943,-14.4,0.5,-14.23041515857912,1.0173799399504213,0.5444639755785929,87.5
240.998241032,-14.4,0.5,-14.230400572756098,1.0173993587883037,0.5444869715576375,87.5
241.298250945,-14.4,0.5,-14.230384985443882,1.0174256388432443,0.5445167994609641,87.5
241.498246963,-14.4,0.5,-14.230374803128536,1.0174438753670263,0.5445373004382068,87.5
241.797938664,-14.4,0.5,-14.230359957306971,1.017472155749031,0.5445687982802926,87.5
241.998246171,-14.4,0.5,-14.23035129541631,1.0174892955519748,0.5445877835370557,87.5
242.298246644,-14.4,0.5,-14.230339671280916,1.0175126261500624,0.5446135743495585,87.5
242.49821352,-14.4,0.5,-14.23033236917321,1.0175288065414236,0.5446312243624729,87.5
242.798262063,-14.4,0.5,-14.230321428163164,1.0175539095448187,0.5446584866002869,87.5
242.99790586300003,-14.4,0.5,-14.230314801361876,1.0175691498494874,0.5446750329442142,87.5
243.29791063200005,-14.4,0.5,-14.23030596924869,1.0175898841012494,0.5446974868645637,87.5
243.49805234700003,-14.4,0.5,-14.230300139839898,1.0176042749034664,0.5447129775732369,87.5
243.797937947,-14.4,0.5,-14.230291020265344,1.0176266280961457,0.5447370594302937,87.5
243.997927424,-14.5,-0.2999999999999998,-14.230285357976332,1.01764018939431,1.3449615819156426,68.75
244.298227453,-14.5,-0.2999999999999998,-14.230277525117778,1.017658659474945,1.3449812475815042,68.75
244.49819781200003,-14.5,-0.2999999999999998,-14.230272217705751,1.0176714781679403,1.344994870220202,68.75
244.798256846,-14.5,-0.2999999999999998,-14.230264269673771,1.0176913975262156,1.345015978837878,68.75
244.998292497,-14.5,-0.2999999999999998,-14.230259505779692,1.0177034725392158,1.3450287639170113,68.75
245.298254528,-14.5,-0.2999999999999998,-14.230253121497988,1.0177199100070955,1.3450461477922186,68.75
245.498257545,-14.5,-0.2999999999999998,-14.23024866212798,1.017731329549893,1.3450582296544165,68.75
245.798234214,-14.5,-0.2999999999999998,-14.2307194593607,1.0159447619581192,1.3432135444865068,68.75
245.998234482,-14.5,-0.2999999999999998,-14.230891279701382,1.015512857871501,1.342755965380904,68.75
246.298029127,-14.5,-0.2999999999999998,-14.230517070215448,1.015990651006557,1.3432990891763186,68.75
246.498233063,-14.5,-0.2999999999999998,-14.230821551917892,1.0161303614794734,1.3433749161421695,68.75
246.797920587,-14.5,-0.2999999999999998,-14.230185141818705,1.016285226189505,1.3436542912446445,68.75
246.99790351400003,-14.5,-0.2999999999999998,-14.230671047763106,1.015598168483661,1.3428836976561245,68.75
247.29834460100005,-14.5,-0.2999999999999998,-14.23028748073747,1.0159643077471294,1.3433193597619748,68.75
247.498257385,-14.4,0.2000000000000001,-14.229481009226404,1.0161712139222243,0.8337938454136746,68.75
247.797915141,-14.4,0.2000000000000001,-14.229872630872862,1.0162039817896962,0.833745921498556,68.75
247.99792106100003,-14.4,0.2000000000000001,-14.23029932618927,1.0157014960084652,0.8331669996358857,68.75
248.297889486,-14.4,0.2000000000000001,-14.230155935950028,1.0159904619354214,0.8334791179523295,68.75
248.49825364300003,-14.4,0.2000000000000001,-14.229857416672315,1.0166794234389522,0.8342144684252351,68.75
248.79803586000003,-14.4,0.2000000000000001,-14.230052113856054,1.0159811957479743,0.8334912092032463,68.75
248.998185753,-14.4,0.2000000000000001,-14.229904946224996,1.0158760289757076,0.8334182755230959,68.75
249.297935706,-14.4,0.2000000000000001,-14.229943551875897,1.0158440508263007,0.8333790919007108,68.75
249.497968247,-14.4,0.2000000000000001,-14.2179997645812,1.0130391919237736,0.8331607367708593,68.75
249.798247596,-14.4,0.2000000000000001,-14.117122341205992,1.0045287840361423,0.8528108431460363,68.75
249.998245832,-14.4,0.2000000000000001,-14.017559603703685,1.0008366552725527,0.8874683121934058,68.75
250.29822878700003,-14.4,0.2000000000000001,-13.877781638303771,0.9976653380354036,0.9534054797387248,68.75
250.497903323,-14.0,-0.2999999999999998,-13.77718586068087,0.9949225646207448,1.313952278069676,75.0
250.797899106,-14.0,-0.2999999999999998,-13.617654299913308,0.9923999231329944,1.3477706762238715,75.0
250.998029572,-14.0,-0.2999999999999998,-13.517604741100486,0.9916301450164672,1.3787725038322995,75.0
251.297887687,-14.0,-0.2999999999999998,-13.377008914997123,0.989570078919906,1.432169291822218,75.0
251.497898134,-14.0,-0.2999999999999998,-13.276916409742226,0.9894846618907128,1.4783844465332683,75.0
251.79828912200003,-13.5,-0.5999999999999999,-13.116885084919142,0.9891528806929992,1.634681594798287,75.0
251.997916243,-13.5,-0.5999999999999999,-13.016713010875389,0.9893310409334098,1.6611861640200376,75.0
252.297900386,-13.0,-0.1,-12.876651219626094,0.9901663706338608,1.0971224349546111,75.0
252.498301775,-13.0,-0.1,-12.77617834285999,0.9909482407841048,1.1136714947752022,75.0
252.797935283,-13.0,-0.1,-12.647018869639163,0.9945491765593591,1.1500580760542423,75.0
252.998250445,-13.0,-0.1,-12.616135793928434,0.997382169578804,1.1625830528665195,75.0
253.298229958,-13.0,-0.1,-12.613172191029625,0.9979390196701924,1.1640901359891185,75.0
253.498257716,-13.0,-0.1,-12.61320191855205,0.9979281362029248,1.1640699927744218,75.0
253.797909813,-13.0,-0.1,-12.613248160151944,0.9978911025335168,1.1640196985653282,75.0
253.99790754000003,-13.0,-0.1,-12.613276172896589,0.9978631669738846,1.163984042780414,75.0
254.297918471,-13.0,-0.1,-12.61331432991263,0.9978265622676143,1.1639368403273638,75.0
254.49823104,-13.0,-0.1,-12.61334083501779,0.9978002786957804,1.1639032441613322,75.0
254.798229372,-13.0,-0.1,-12.613381989412831,0.997759301828224,1.163850922953954,75.0
254.99832447000003,-13.0,-0.1,-12.613406942251052,0.9977351031781108,1.1638198095277204,75.0
255.298221237,-13.0,-0.1,-12.61344094564471,0.9977014191987011,1.1637767432866575,75.0
255.498259115,-13.0,-0.1,-12.61346455691536,0.9976774448023172,1.1637462874649194,75.0
255.798248428,-13.0,-0.1,-12.613501209261562,0.9976397514194814,1.1636985602545427,75.0
255.998237463,-13.0,-0.1,-12.613523457809745,0.9976176563406672,1.163670330108195,75.0
256.298245396,-13.0,-0.1,-12.61355374376236,0.9975875784208028,1.163631901102634,75.0
256.498235323,-13.0,-0.1,-12.613574787466735,0.997566575959022,1.1636051020616018,75.0
256.798228997,-13.0,-0.1,-12.61360746428688,0.9975351155117728,1.1635645755334147,75.0
256.997986335,-13.0,-0.1,-12.613627293950415,0.9975165735939456,1.1635405009252895,75.0
257.298042735,-13.0,-0.1,-12.613654279275192,0.9974908118836108,1.1635072402401796,75.0
257.498032093,-13.0,-0.1,-12.613673031181229,0.9974728047150996,1.1634840282212418,75.0
257.79824742,-13.0,-0.1,-12.613702135800263,0.9974447910832162,1.1634479401163431,75.0
257.998256573,-13.0,-0.1,-12.613719802862844,0.9974276847862787,1.1634259383543466,75.0
258.29800208700004,-13.0,-0.1,-12.613743849684557,0.9974040865038988,1.163395694822687,75.0
258.49811315,-13.0,-0.1,-12.61376055546444,0.997387763435868,1.1633747512534018,75.0
258.798252801,-13.0,-0.1,-12.61174539337369,0.9962020543120318,1.162927591660147,75.0
258.99825578,-13.0,-0.1,-12.611898107044588,0.9967808574943748,1.163422248661968,75.0
259.298261025,-13.0,-0.1,-12.612445726030035,0.9970243596242124,1.1634692780135192,75.0
259.497983264,-13.0,-0.1,-12.61241167267246,0.996851000297646,1.1633171658384942,75.0
259.797895895,-13.0,-0.1,-12.612781851801785,0.9969250036338196,1.1632636665395812,75.0
259.99790851700004,-13.0,-0.1,-12.612414065394937,0.9971239052830142,1.163573684923792,75.0
260.298188063,-13.0,-0.1,-12.612880002933704,0.9978118012686152,1.1640672846245836,75.0
260.497920744,-13.0,-0.1,-12.613200294691296,0.9975517412195848,1.163715530824025,75.0
260.797932321,-13.0,-0.1,-12.612895089080478,0.9975896447754934,1.1638527571718016,75.0
260.997918416,-12.599999999999994,0.2000000000000001,-12.612222106444545,0.9978289072977312,0.7979225182972552,93.75
261.297943212,-12.599999999999994,0.2000000000000001,-12.61210667535777,0.9979514400485286,0.7980432771872332,93.75
261.497904652,-12.599999999999994,0.2000000000000001,-12.612739278007998,0.9977107166354038,0.7978124319908374,93.75
261.79792084400003,-12.599999999999994,0.2000000000000001,-12.611827082431802,0.9977399429879832,0.7978276107764881,93.75
261.997953667,-12.599999999999994,0.2000000000000001,-12.612093713405748,0.99743939388087,0.7975310933230313,93.75
262.297916652,-12.599999999999994,0.2000000000000001,-12.61208912251904,0.9980897882773968,0.7981813434526897,93.75
262.498234384,-12.599999999999994,0.2000000000000001,-12.611016733159094,1.0164905036227114,0.8165648234620247,93.75
262.79791878500004,-12.599999999999994,0.2000000000000001,-12.61560660756122,1.1318996935688508,0.9320303670338687,93.75
262.998245527,-12.599999999999994,0.2000000000000001,-12.623228228485948,1.2325320052842823,1.0327932477194923,93.75
263.297931456,-12.599999999999994,0.2000000000000001,-12.63177246740267,1.3733020101912146,1.1737321231028819,93.75
263.497907849,-12.599999999999994,0.2000000000000001,-12.636993325081727,1.4734947724435683,1.2740319625275098,93.75
263.797921606,-12.599999999999994,0.2000000000000001,-12.64620129195252,1.633101106208125,1.433845647199528,93.75
263.997930165,-12.599999999999994,0.2000000000000001,-12.65040747959284,1.733161843482972,1.533990271256962,93.75
264.29795395900004,-12.599999999999994,0.2000000000000001,-12.655561525157378,1.8737347286597468,1.674656688697576,93.75
264.49795078,-12.599999999999994,0.2000000000000001,-12.659734098780865,1.9738003436628309,1.7748058546600354,93.75
264.797948392,-12.599999999999994,0.2000000000000001,-12.66604081302209,2.133486995704758,1.9346145227264346,93.75
264.99808728,-12.599999999999994,0.2000000000000001,-12.668649620501547,2.233597260187858,2.0347556578219823,93.75
265.29822476000004,-12.599999999999994,0.2000000000000001,-12.669280929534915,2.373899793382569,2.1750034847939896,93.75
265.49792541100004,-12.599999999999994,0.2000000000000001,-12.669470510074628,2.473601104907804,2.274662202615592,93.75
265.798236423,-12.599999999999994,0.2000000000000001,-12.67006174091681,2.63311206872108,2.4341205776412282,93.75
265.99825182800004,-12.599999999999994,0.2000000000000001,-12.670953457317903,2.7337149475808693,2.5347082334462265,93.75
266.29804701700004,-12.599999999999994,0.2000000000000001,-12.674311828318386,2.8734681820197654,2.674500769882127,93.75
266.49825882100004,-12.599999999999994,0.2000000000000001,-12.676282459957822,2.973600194051476,2.7746489958442675,93.75
266.797921221,-12.599999999999994,0.2000000000000001,-12.681017756617145,3.13350779972164,2.9346263625741136,93.75
266.997938477,-12.5,0.8000000000000003,-12.68426446596733,3.2337103582797666,2.440676033687481,93.75
267.297915198,-12.5,0.8000000000000003,-12.68913354380835,3.374090537375552,2.581029560466106,93.75
267.497954876,-12.5,0.8000000000000003,-12.692562597206106,3.4738376036483056,2.6807625565361946,93.75
267.798209551,-12.699999999999996,1.5,-12.698372205084546,3.6337083572927775,2.133708978210789,93.75
267.998244973,-12.699999999999996,1.5,-12.702857451961702,3.733407022308138,2.233408850239252,93.75
268.298282685,-12.699999999999996,2.2,-12.710355914558487,3.8732104018185938,1.67324244917474,100.0
268.498240625,-12.699999999999996,2.2,-12.71538217918262,3.973242788810288,1.7733095047126133,100.0
268.79802808,-12.699999999999996,2.2,-12.725139904916851,4.133065220504451,1.933228688371645,100.0
268.998225274,-12.599999999999994,2.7,-12.730521762652073,4.233214452212267,1.5387600485450508,100.0
269.29789796200004,-12.599999999999994,2.7,-12.736789789639504,4.373239832992091,1.6788219039734447,100.0
269.498288101,-12.599999999999994,2.7,-12.741084768729465,4.473088824250403,1.7786930287852154,100.0
269.798239582,-12.599999999999994,2.7,-12.747922400625152,4.6334925287299376,1.9391426959512799,100.0
269.998234796,-12.5,3.3000000000000003,-12.7534048840393,4.7287845542305424,1.451082126436247,100.0
270.29791595200004,-12.5,3.3000000000000003,-12.759277940862765,4.80355873046491,1.5257502766099325,100.0
270.49790443700005,-12.5,3.3000000000000003,-12.759930007358564,4.812224124576478,1.5344006685597202,100.0
270.797916266,-12.5,3.3000000000000003,-12.759795695418152,4.812190962399627,1.5343452382436327,100.0
270.99791025,-12.299999999999995,3.8,-12.759725827804196,4.812150986962807,1.111664273582651,100.0
271.298038443,-12.299999999999995,3.8,-12.759651906853057,4.812095565763936,1.1115832446167393,100.0
271.498370621,-12.299999999999995,3.8,-12.75961086742264,4.812056623110387,1.1115308173121414,100.0
271.797951264,-12.099999999999994,4.5,-12.759554733818472,4.811995812019701,0.7296258175395083,100.0
271.99800186600004,-12.099999999999994,4.5,-12.75952621301784,4.811958700998781,0.7295841670338721,100.0
272.298254158,-12.099999999999994,4.5,-12.759489415777848,4.811908073039327,0.7295292561303632,100.0
272.49798804,-12.099999999999994,4.5,-12.75946653951413,4.811872775237277,0.7294934850106265,100.0
272.79824122900004,-12.099999999999994,4.5,-12.759434957811486,4.81181779774619,0.7294414319019227,100.0
272.997913874,-12.099999999999994,4.5,-12.759416883962226,4.81178439269714,0.7294108131800513,100.0
273.298223961,-12.099999999999994,4.5,-12.759392705763045,4.811738915420441,0.7293695166381916,100.0
273.497962179,-12.099999999999994,4.5,-12.75937561359439,4.811707323008486,0.7293405617543167,100.0
273.79791904900003,-12.099999999999994,4.5,-12.75934995012823,4.811658230897063,0.729296379820985,100.0
273.99802375400003,-12.099999999999994,4.5,-12.759334535758445,4.811628447247143,0.7292697163446983,100.0
274.29789885900004,-12.099999999999994,4.5,-12.759313795713348,4.811587882961164,0.7292336319905783,100.0
274.497921501,-12.299999999999995,4.9,-12.759299589556088,4.811559692850251,0.46773689280955494,100.0
274.797915191,-12.299999999999995,4.9,-12.759277246035786,4.811515937955942,0.46772322794793636,100.0
274.998235115,-12.299999999999995,4.9,-12.759263955467448,4.811489371306025,0.46771520413966994,100.0
275.298242775,-12.299999999999995,4.9,-12.75924614729453,4.811453197416716,0.46770456492597556,100.0
275.497988124,-12.299999999999995,4.9,-12.759233799108038,4.8114280661001,0.4676971987493348,100.0
275.798257389,-12.299999999999995,4.9,-12.75921480318032,4.8113890339875605,0.4676859403035359,100.0
275.997958829,-12.299999999999995,4.9,-12.758443126204766,4.819724307242872,0.46541839973516264,100.0
276.297991748,-12.099999999999994,4.4,-12.76067132475958,4.893696484619385,0.8247562174880063,100.0
276.497908639,-12.099999999999994,4.4,-12.766082261968265,4.988431536471373,0.8887728915886377,100.0
276.79793403400004,-12.099999999999994,4.4,-12.771257085432884,5.149384014277227,1.0060628586714195,100.0
276.997946484,-12.099999999999994,4.4,-12.773580896251906,5.249201810452117,1.0839072555669516,100.0
277.298263603,-12.099999999999994,4.4,-12.777814077559816,5.389576437985421,1.1994554807720814,100.0
277.49823092,-12.099999999999994,4.4,-12.78046631689943,5.489814625170513,1.284807505298061,100.0
277.79793965600004,-12.099999999999994,4.4,-12.784768618144527,5.649554709914373,1.4248842175646288,100.0
277.99823127,-12.099999999999994,4.4,-12.787593969882051,5.749229367751752,1.5143333035438267,100.0
278.29821950800005,-12.099999999999994,4.4,-12.791664200874417,5.889527635563222,1.6422825408186663,100.0
278.497931648,-12.099999999999994,4.4,-12.795195351807344,5.989235392538154,1.7346370542769007,100.0
278.798232477,-12.099999999999994,4.4,-12.800283715121893,6.149345685738893,1.8843056041624997,100.0
278.998252067,-12.099999999999994,4.4,-12.803816865968615,6.2492969993971,1.9787009811492513,100.0
279.298117643,-11.9,5.0,-12.80823347155716,6.389042143952286,1.6596162558050387,100.0
279.498266312,-11.9,5.0,-12.811978693568992,6.489117453185804,1.74618897227831,100.0
279.798228019,-12.099999999999994,5.5,-12.817768031496206,6.648775599207231,1.3545760681378802,100.0
279.997912208,-12.099999999999994,5.5,-12.821968870540475,6.748888557967613,1.4425538742979143,100.0
280.297936113,-12.099999999999994,5.5,-12.827427697240934,6.889187480919843,1.5681176332972202,100.0
280.497896556,-12.099999999999994,5.5,-12.831921861854674,6.988905250919952,1.6590806062629468,100.0
280.79792225700004,-12.099999999999994,5.5,-12.839167795744746,7.148820166044323,1.8069247273255695,100.0
280.998097603,-12.4,6.0,-12.844410532440037,7.2484686201830515,1.3252073863835083,100.0
281.297904843,-12.4,6.0,-12.848781753388986,7.3886187049350704,1.459337853230171,100.0
281.49829223,-12.4,6.0,-12.850773241449913,7.488729799010905,1.5554783603992406,100.0
281.798255765,-12.4,6.0,-12.854743904834669,7.648262398370945,1.7098423766148216,100.0
281.998807551,-12.4,6.0,-12.856994141785377,7.748730790595605,1.807457613224521,100.0
282.29791984400003,-12.4,6.0,-12.858721086822436,7.88903549061952,1.9439341862099362,100.0
282.498234357,-12.4,6.0,-12.858841219783695,7.989499764949825,2.0417258826071625,100.0
282.797977033,-12.699999999999996,6.9,-12.860074565841815,8.149845988848622,1.2600551029500395,100.0
282.998191828,-12.699999999999996,6.9,-12.860914453224131,8.250009170061146,1.3595654528214542,100.0
283.298204064,-12.699999999999996,6.9,-12.861975889004448,8.390192968152931,1.4989700700651845,100.0
283.498515897,-12.699999999999996,6.9,-12.863739138105606,8.489760008003925,1.5981700123566975,100.0
283.798030099,-12.699999999999996,6.9,-12.865379790804072,8.650059771819686,1.7578565584677184,100.0
283.99823635,-12.699999999999996,6.9,-12.866774995062851,8.746998433542965,1.854512634761052,100.0
284.298224988,-12.9,7.5,-12.868630202021151,8.830841060861253,1.3312107246786813,100.0
284.498261791,-12.9,7.5,-12.868916630729652,8.843733831146695,1.3440932946835837,100.0
284.797939464,-12.9,7.5,-12.869013069197395,8.843933467431352,1.3442906511475197,100.0
284.99790979700003,-12.9,7.5,-12.869008281892809,8.84391150611368,1.3442688060265229,100.0
285.298223753,-12.9,7.5,-12.868999678758238,8.843881616640283,1.3442391228724129,100.0
285.498231953,-12.799999999999995,8.299999999999999,-12.868887061420589,8.843961959410132,0.5483065205854074,100.0
285.798332553,-12.799999999999995,8.299999999999999,-12.868865751810386,8.843930057933644,0.5482721948960286,100.0
285.998254589,-12.799999999999995,8.299999999999999,-12.868855551116194,8.843910528203276,0.5482515386297454,100.0
286.298230854,-12.799999999999995,8.299999999999999,-12.8688422462299,8.843883955093608,0.5482235050362629,100.0
286.498222758,-13.099999999999994,8.7,-12.86883407751374,8.843865479733099,0.27227735854777824,81.25
286.79789959600004,-13.099999999999994,8.7,-12.868821464977,8.843836792371398,0.27227291068901976,81.25
286.99804744700003,-13.099999999999994,8.7,-12.868814143659815,8.84381938952353,0.27226993402625815,81.25
287.29791358700004,-13.099999999999994,8.7,-12.868804358409808,8.843795688684628,0.2722657245680856,81.25
287.497942019,-13.099999999999994,8.7,-12.868797709089169,8.843779221139647,0.2722626741842108,81.25
287.79793629,-13.099999999999994,8.7,-12.86878694725876,8.843753654479718,0.27225831288354624,81.25
287.998229447,-13.099999999999994,8.7,-12.86878074166262,8.84373814598333,0.27225539487182016,81.25
288.297919438,-13.099999999999994,8.7,-12.868772178242184,8.843717042156609,0.27225152664605307,81.25
288.49805292,-13.099999999999994,8.7,-12.868765999637374,8.843702354421545,0.2722490212838166,81.25
288.798215559,-13.099999999999994,8.7,-12.868756668279396,8.84367957327694,0.272244923262651,81.25
288.99789046,-13.099999999999994,8.7,-12.868751027148614,8.84366575527229,0.2722424226361066,81.25
289.297933601,-13.099999999999994,8.7,-12.86874315589297,8.843646937790215,0.27223917918412605,81.25
289.49823107500004,-13.099999999999994,8.7,-12.86859509135419,8.843770245237069,0.27243001883217605,81.25
289.79822873700004,-13.099999999999994,8.7,-12.86901504153826,8.84580585323209,0.273154531121684,81.25
289.99823879300004,-13.099999999999994,8.7,-12.868615839211392,8.844786303665739,0.2729500020022595,81.25
290.298214776,-13.099999999999994,8.7,-12.868969982833708,8.84481056730636,0.27266273899351373,81.25
290.497966119,-13.099999999999994,8.7,-12.869160579471584,8.845937237520854,0.27310165756565885,81.25
290.797892052,-12.799999999999995,8.299999999999999,-12.869551517558582,8.846065133229121,0.550476651024584,100.0
290.997899225,-12.799999999999995,8.299999999999999,-12.869510781229058,8.845962602144137,0.5503697953622395,100.0
291.297914761,-12.799999999999995,8.299999999999999,-12.869118770846178,8.846341481363133,0.5506963035479274,100.0
291.498037362,-12.799999999999995,8.299999999999999,-12.868693684105349,8.845925397091264,0.5502302803601613,100.0
291.798216706,-12.799999999999995,8.299999999999999,-12.868961864724715,8.846180137979536,0.550516559160264,100.0
291.998243917,-12.799999999999995,8.299999999999999,-12.86901930878758,8.846023908735166,0.5503687617370249,100.0
292.29824633100003,-12.799999999999995,8.299999999999999,-12.868766349473512,8.845899012120976,0.5502131789175646,100.0
292.498241388,-12.799999999999995,8.299999999999999,-12.869715115954746,8.846169302050711,0.5506006755309573,100.0
292.798222483,-12.799999999999995,8.299999999999999,-12.869442536215123,8.846232087258196,0.5506285126893047,100.0
292.997957858,-12.799999999999995,8.299999999999999,-12.869476503073212,8.846260356812634,0.5506608410849184,100.0
293.29823288700004,-12.799999999999995,8.299999999999999,-12.866155571577004,8.847441825537285,0.5514246204135943,100.0
293.498253334,-13.099999999999994,8.7,-12.83123319617443,8.851989207157548,0.308765791387241,81.25
293.798241312,-13.099999999999994,8.7,-12.695700712549502,8.85723043998801,0.4337964097267275,81.25
293.99795513000004,-13.099999999999994,8.7,-12.594301954225823,8.859006233494354,0.5301070606866848,81.25
294.29797978,-13.099999999999994,8.7,-12.454474692269525,8.861872895023222,0.6655116505845083,81.25
294.49789652100003,-13.099999999999994,8.7,-12.3551182966404,8.864435859180462,0.7628157731617164,81.25
294.798246318,-12.4,8.4,-12.1946693396221,8.868015889324107,0.5110768560119499,100.0
294.998230228,-12.4,8.4,-12.09450384421365,8.87020597361931,0.5607330548732803,100.0
295.298237162,-12.4,8.4,-11.954525860129149,8.874275577575885,0.6506800540808163,100.0
295.498021242,-12.4,8.4,-11.854464090812645,8.876856582343901,0.7245699609682837,100.0
295.797938534,-12.4,8.4,-11.694526063477191,8.880388378233134,0.853502471615899,100.0
295.998269231,-12.4,8.4,-11.594778867331565,8.881831467286055,0.9383723330122596,100.0
296.298222082,-12.4,8.4,-11.454503718830347,8.883882918813658,1.0621232964327958,100.0
296.49802819300004,-11.799999999999995,8.6,-11.354769463031342,8.885564698636513,0.5289399097787552,75.0
296.797930789,-11.799999999999995,8.6,-11.224939893058409,8.884981455569324,0.6418010257190933,75.0
296.998214453,-11.799999999999995,8.6,-11.194569852346104,8.883328361500197,0.6684464257654453,75.0
297.298232719,-11.799999999999995,8.6,-11.192155380144126,8.882720620645497,0.6703775288789906,75.0
297.498233726,-11.799999999999995,8.6,-11.192188487156717,8.88279164376559,0.6703774674975879,75.0
297.797958653,-11.199999999999996,8.7,-11.192239200586842,8.88285204958326,0.1830166714928736,75.0
297.998150251,-11.199999999999996,8.7,-11.192269688867816,8.882872639442198,0.18303595266164685,75.0
298.298079792,-11.199999999999996,8.7,-11.192311164609093,8.88289761553252,0.18305915971933895,75.0
298.498249943,-11.199999999999996,8.7,-11.192339944670351,8.882912856526154,0.18307318080541157,75.0
298.797975713,-11.199999999999996,8.7,-11.192384707124225,8.88294198476726,0.18310041637355323,75.0
298.997951339,-11.199999999999996,8.7,-11.192411903832712,8.882961999779662,0.1831192850761959,75.0
299.298028551,-11.199999999999996,8.7,-11.192448969322834,8.88299025207525,0.18314598117035366,75.0
299.49804332400004,-11.0,8.1,-11.192474731534192,8.883011126879504,0.8063206230131229,100.0
299.798058979,-11.0,8.1,-11.192514744098286,8.8830441597752,0.8063622528698109,100.0
299.998253776,-11.0,8.1,-11.192539006093709,8.883063856302984,0.806387172464725,100.0
300.29824792,-11.0,8.1,-11.192572050393007,8.883090960338489,0.8064213828740061,100.0
300.49822437700004,-11.0,8.1,-11.19259502784887,8.883110956588766,0.806446287784549,100.0
300.797902403,-11.0,8.1,-11.19263072004822,8.883142918810941,0.8064858495906899,100.0
300.998210444,-10.9,7.6,-11.1926523710382,8.883162528902716,1.3161122618736951,100.0
301.297887892,-10.9,7.6,-11.19268185511336,8.883189212879483,1.316144834113201,100.0
301.49822449600003,-10.9,7.6,-11.192702343137183,8.88320793844839,1.316167646986874,100.0
301.798234926,-10.9,7.6,-11.192734151346656,8.883236819733318,1.3162028790744713,100.0
301.998231893,-10.9,7.6,-11.192753439882036,8.883254052565198,1.3162239702982803,100.0
302.29796261900003,-10.9,7.6,-11.192779708733658,8.88327714546003,1.3162523275976412,100.0
302.49830679400003,-10.9,7.6,-11.192757692359514,8.883310454270271,1.3162799050639031,100.0
302.798279934,-10.9,7.6,-11.190556180787045,8.883228018338118,1.3157116102100517,100.0
302.998282077,-10.9,7.6,-11.19080584125845,8.88335056490212,1.3158862829836877,100.0
303.29804852300003,-11.199999999999996,8.2,-11.19070146857315,8.882827137205247,0.6828904465509897,100.0
303.49825749900003,-11.199999999999996,8.2,-11.1904061889755,8.88299426314164,0.6830616404793689,100.0
303.798245827,-11.199999999999996,8.2,-11.190590486704927,8.883272173483657,0.6833369608015744,100.0
303.997955352,-11.199999999999996,8.2,-11.190321744079888,8.883488649057975,0.6835571680764909,100.0
304.29821875700003,-11.199999999999996,8.2,-11.190361860082646,8.883565874083892,0.6836338186142806,100.0
304.498230567,-11.699999999999996,9.1,-11.190393581447855,8.883431873098905,0.55371513923586,75.0
304.798225526,-11.699999999999996,9.1,-11.189505170717382,8.88348880889715,0.5545106550798277,75.0
304.997925343,-11.699999999999996,9.1,-11.18932770325494,8.88383720064162,0.5545381416001265,75.0
305.298240204,-11.699999999999996,9.1,-11.188942896395403,8.88353027892067,0.5550121649917936,75.0
305.498241956,-11.699999999999996,9.1,-11.188826296012389,8.8839922581596,0.5549395464223097,75.0
305.798252061,-11.299999999999995,8.5,-11.188569213080092,8.883724527833156,0.39957644266694126,75.0
305.997913778,-11.299999999999995,8.5,-11.188257654875526,8.88409949670804,0.4000234681431639,75.0
306.297920411,-11.299999999999995,8.5,-11.186106393870343,8.865167007756945,0.38251627033549435,75.0
306.49798771400003,-11.299999999999995,8.5,-11.18269500179479,8.804320850660261,0.32614665834637635,75.0
306.798259998,-11.299999999999995,7.9,-11.180002111816066,8.648486158742985,0.7580442091319156,100.0
306.998024697,-11.299999999999995,7.9,-11.178550291702166,8.54802312429594,0.6593056963714921,100.0
307.297927983,-11.299999999999995,7.9,-11.176225885702769,8.407881284886136,0.5227460481989843,100.0
307.497927112,-11.299999999999995,7.9,-11.17392805190624,8.307679012827766,0.42672744649995975,100.0
307.797915998,-11.299999999999995,7.9,-11.168254328090578,8.147995672147678,0.2808180469108818,100.0
307.99793373200004,-11.599999999999994,9.0,-11.164378208011897,8.047814444667054,1.0471025152484508,75.0
308.29824894800004,-11.599999999999994,9.0,-11.158115288677925,7.907778567633904,1.1782231348178644,75.0
308.498485763,-11.599999999999994,9.0,-11.153647150340673,7.80783801151317,1.2729811755056981,75.0
308.79791268,-11.599999999999994,9.0,-11.149239620528697,7.647180865557785,1.4259398760866784,75.0
308.997888697,-11.599999999999994,9.0,-11.14837847101688,7.547413035254392,1.5211741831854446,75.0
309.297912407,-11.599999999999994,9.0,-11.146929585694908,7.407657260401687,1.6555446839847128,75.0
309.497900194,-11.599999999999994,9.0,-11.145954370843974,7.307301610054155,1.7525368106493353,75.0
309.797925121,-11.599999999999994,9.0,-11.143539326677104,7.14770903690186,1.907704945285151,75.0
309.998223847,-11.599999999999994,9.0,-11.14120047209493,7.047641452675958,2.0055425460745417,75.0
310.29825395700004,-12.299999999999995,9.1,-11.138228302217373,6.907508501650767,2.481276374792292,75.0
310.497950729,-12.299999999999995,9.1,-11.1358788079627,6.806975941619308,2.571602123592021,75.0
310.79789655300004,-12.299999999999995,9.1,-11.130674750022932,6.647134811212724,2.7173275795528147,75.0
310.997914431,-12.299999999999995,9.1,-11.127424327693316,6.547025592304948,2.8093792968610276,75.0
311.29795421800003,-12.299999999999995,9.1,-11.122041989782444,6.406538582755498,2.939782216427001,75.0
311.49796675600004,-12.599999999999994,8.6,-11.118898601213695,6.306945569225404,2.7297911964071053,100.0
311.798242967,-12.599999999999994,8.6,-11.113124796756791,6.14648077006974,2.8688942960062316,100.0
311.997922386,-12.599999999999994,8.6,-11.108371336693208,6.046862298285684,2.956935608550421,100.0
312.29816692500003,-12.599999999999994,8.6,-11.1029194517762,5.906755055763576,3.081366336144586,100.0
312.498234232,-12.799999999999995,7.9,-11.098117307124404,5.806923850173545,2.6976605548663475,100.0
312.797895863,-12.599999999999994,7.4,-11.091055240564142,5.646709702226875,2.313210140755547,100.0
312.99824305600004,-12.599999999999994,7.4,-11.086160700055494,5.546311475847906,2.393297008444548,100.0
313.29806772200004,-12.599999999999994,7.4,-11.078873506295473,5.4066078460169775,2.507476438455781,100.0
313.49821700900003,-12.599999999999994,7.4,-11.07395216963416,5.306395499442564,2.590753130909741,100.0
313.798236826,-12.199999999999996,6.5,-11.065386408518258,5.14648699597573,1.7661668817067917,100.0
313.99823309600004,-12.199999999999996,6.5,-11.059796353334589,5.04720793265315,1.846799704032635,100.0
314.297917982,-11.699999999999996,6.4,-11.054623961007607,4.931050909149789,1.6044692777411373,100.0
314.49803178400003,-11.599999999999994,5.799999999999999,-11.053332569055124,4.894133245607921,1.0580358485272143,100.0
314.79813471100005,-11.599999999999994,5.799999999999999,-11.053540467663378,4.88968317547955,1.061741372221384,100.0
314.99792610500003,-11.599999999999994,5.799999999999999,-11.053507673893575,4.8897279961976094,1.0617198233995737,100.0
315.2979052,-11.599999999999994,5.799999999999999,-11.053503954369084,4.889786899045402,1.0616712377377497,100.0
315.497926434,-11.599999999999994,5.799999999999999,-11.05350723188774,4.889827503426573,1.0616347390311305,100.0
315.79804879600005,-11.599999999999994,5.799999999999999,-11.053509696382315,4.889890696417215,1.0615792935132462,100.0
315.997910664,-10.9,5.799999999999999,-11.053511893402296,4.889928983662584,0.9229274923813755,100.0
316.297927432,-10.9,5.799999999999999,-11.053514551933144,4.889981144099,0.922876500811781,100.0
316.498242113,-10.9,5.799999999999999,-11.05351375887094,4.890017524225412,0.9228404956326591,100.0
316.79797652900004,-10.9,5.799999999999999,-11.053506656840275,4.89007433713472,0.9227832928890154,100.0
316.998234292,-10.9,5.799999999999999,-11.053500011366385,4.890108914215092,0.9227480921033202,100.0
317.298227675,-10.9,5.799999999999999,-11.0534874530584,4.890156194125941,0.9226993818865082,100.0
317.498230942,-10.9,5.799999999999999,-11.053477822277769,4.890189093237969,0.922665339109622,100.0
317.79825050600004,-10.9,5.799999999999999,-11.05346131615704,4.890240263367378,0.9226121362493054,100.0
317.99822353800005,-10.9,5.799999999999999,-11.053450279127588,4.8902713531350885,0.922579643765781,100.0
318.297930988,-10.9,5.799999999999999,-11.05343428058032,4.890313742375101,0.9225351840275754,100.0
318.49824522200004,-10.9,5.799999999999999,-11.053423034296369,4.890343200936786,0.922504265320565,100.0
318.798244839,-10.9,5.799999999999999,-11.053405540370555,4.890388941418417,0.9224562524641959,100.0
318.99823036500004,-10.9,5.799999999999999,-11.053395004315703,4.890416680033651,0.9224271479688889,100.0
319.298232325,-10.9,5.799999999999999,-11.053380682270726,4.890454451884765,0.9223875204002243,100.0
319.498231092,-10.9,5.799999999999999,-11.053370584068306,4.890480703285126,0.9223599553071293,100.0
319.797958938,-10.9,5.799999999999999,-11.053354909834676,4.890521463396841,0.9223171563579547,100.0
319.998231583,-10.9,5.799999999999999,-11.053345463545767,4.8905461811217705,0.9222912120703849,100.0
320.29822060000004,-11.4,6.5,-11.053332563532344,4.890579842938613,1.6463327590321941,100.0
320.49827180100004,-11.4,6.5,-11.05332361621055,4.890603230422456,1.646311780011297,100.0
320.79823499400004,-11.4,6.5,-11.05330973504991,4.890639544218176,1.6462792036727687,100.0
320.99791968600005,-11.4,6.5,-11.052572509955496,4.888804447343533,1.648228433724707,100.0
321.29822457100005,-11.4,5.9,-11.049006817589715,4.835785424561968,1.1206020152905538,100.0
321.49790553900004,-11.4,5.9,-11.043334991787049,4.752251893123649,1.2018883662477948,100.0
321.797903626,-11.4,5.9,-11.033805141361633,4.59063550358985,1.3596080534303192,100.0
321.997886616,-11.4,5.9,-11.027736312546766,4.490798315441428,1.4575423289767595,100.0
322.29814763,-11.4,5.9,-11.020106434423004,4.351218229156075,1.5946924765813781,100.0
322.49826500300003,-11.4,5.199999999999999,-11.016227358994556,4.251600130102318,1.0231049570822306,100.0
322.79826967,-11.4,5.199999999999999,-11.01081965413276,4.091631483157535,1.1747093728820373,100.0
322.998236634,-11.0,4.9,-11.007457656718891,3.99146159776805,0.9085690094725454,100.0
323.297915013,-11.0,4.9,-11.002622223734075,3.8511165612136256,1.0488867165798423,100.0
323.49792807200004,-11.0,4.9,-10.998652981077209,3.7510428321691776,1.1489579574422224,100.0
323.79825066800004,-11.0,4.9,-10.9918650375405,3.59149317579273,1.3085321114176809,100.0
323.998233559,-11.0,4.9,-10.987641327640755,3.491729015306768,1.408325212126563,100.0
324.298279705,-10.9,4.199999999999999,-10.982274221568332,3.351068744190818,0.8529087434329821,100.0
324.498246735,-10.9,4.199999999999999,-10.97890047845268,3.251296985871658,0.9519783056962282,100.0
324.79792025200004,-10.9,4.199999999999999,-10.974189241029665,3.091423572017085,1.111056137269362,100.0
324.998230348,-10.9,4.199999999999999,-10.97028521503792,2.99176510849719,1.2102774741759563,100.0
325.298227444,-11.4,3.7,-10.964797771061326,2.8524884467502907,0.9527207423820087,100.0
325.497925942,-11.4,3.7,-10.96123972678941,2.752111972297571,1.0445105506453407,100.0
325.798234659,-11.4,3.7,-10.954949473134816,2.592213770343988,1.1938426621956773,100.0
325.998239242,-11.0,3.1,-10.952250547897505,2.4920998126111007,0.6097726199195463,100.0
326.298226434,-11.0,3.1,-10.949962863383824,2.352060576733143,0.7496112965514227,100.0
326.497913874,-11.0,3.1,-10.948150741247057,2.252377804154154,0.8492065311358383,100.0
326.797908779,-11.0,3.1,-10.944580828559232,2.0920828904573563,1.0094395396812923,100.0
326.99791578500003,-11.099999999999994,2.3000000000000003,-10.941974909563736,1.9920965777143027,0.3460873396451134,100.0
327.297965068,-11.099999999999994,2.3000000000000003,-10.939023872463745,1.8522735415424467,0.47578597629555075,100.0
327.498043691,-11.099999999999994,2.3000000000000003,-10.93638493296458,1.752227711682531,0.571685551688653,100.0
327.79827401100005,-11.099999999999994,2.3000000000000003,-10.931999170103568,1.5920209593281482,0.7276390594769662,100.0
327.998225503,-11.099999999999994,2.3000000000000003,-10.929256138650944,1.4919594729322758,0.8258831391742234,100.0
328.29791431900003,-11.099999999999994,2.3000000000000003,-10.925203077956656,1.3517758760663463,0.9642006809609556,100.0
328.497930342,-11.0,1.8000000000000005,-10.922110525121498,1.2517558360484742,0.5537494321475706,100.0
328.797909322,-11.0,1.8000000000000005,-10.917839695396944,1.1072183472320734,0.6976365343531885,100.0
328.99822363600003,-11.0,1.8000000000000005,-10.916671089884,1.0616344828629467,0.7430527196358205,100.0
329.297996216,-11.099999999999994,1.3000000000000005,-10.916434848114452,1.0522040125803782,0.30838128407545706,100.0
329.497997064,-11.099999999999994,1.3000000000000005,-10.916268692139136,1.05207987732475,0.3085799421796122,100.0
329.798253981,-11.099999999999994,1.3000000000000005,-10.916263854204727,1.052112170738403,0.30855687833481626,100.0
329.99825405400003,-11.099999999999994,1.3000000000000005,-10.91626115760059,1.0521318100940464,0.3085427065634949,100.0
330.297900479,-11.099999999999994,1.3000000000000005,-10.916254790588354,1.0521586358245187,0.3085249483884427,100.0
330.497960163,-11.099999999999994,1.3000000000000005,-10.91624993947438,1.0521773022660372,0.3085128429341416,100.0
330.798018188,-11.099999999999994,1.3000000000000005,-10.916245200898508,1.0522061800807767,0.30849246892426424,100.0
330.997931026,-11.099999999999994,1.3000000000000005,-10.916242388825186,1.0522236934293194,0.308480076767496,100.0
331.29791321700003,-11.0,0.7000000000000002,-10.916236200363889,1.0522476204967797,0.36207010408914153,93.75
331.497964619,-11.0,0.7000000000000002,-10.916228831649594,1.052264339628759,0.3620880743974836,93.75
331.79823071000004,-11.0,0.7000000000000002,-10.916215989773397,1.052290360538387,0.3621163604394563,93.75
331.99824537300003,-11.0,0.7000000000000002,-10.916208514301744,1.0523061293999594,0.3621334310558774,93.75
332.297945088,-11.0,0.7000000000000002,-10.916198319002431,1.0523276058012216,0.3621566836986985,93.75
332.497957906,-11.0,0.7000000000000002,-10.916191113230948,1.0523425351896136,0.36217287530309583,93.75
332.798234686,-11.0,0.7000000000000002,-10.9161803473896,1.0523656924174467,0.3621978952955892,93.75
332.99792107800005,-11.0,0.7000000000000002,-10.91617396730137,1.0523797393903995,0.3622130374390705,93.75
333.29824018700003,-11.0,0.7000000000000002,-10.916165498170296,1.0523988503196076,0.362233589557368,93.75
333.498053334,-11.0,0.7000000000000002,-10.916159687368165,1.0524121289071078,0.3622478524754063,93.75
333.797957508,-11.0,0.7000000000000002,-10.916151091588286,1.0524327325151062,0.3622698861206934,93.75
333.997948474,-11.0,0.7000000000000002,-10.916145995769268,1.0524452253578898,0.3622832191850751,93.75
334.29827462900005,-11.0,0.7000000000000002,-10.916139172328608,1.052462223467376,0.3623013350641939,93.75
334.499254187,-11.0,0.7000000000000002,-10.91613448943154,1.0524740383377436,0.36231391301608257,93.75
334.79819913100005,-11.0,0.7000000000000002,-10.91605129930867,1.0506294583520708,0.3605390428400632,93.75
334.998161384,-11.0,0.7000000000000002,-10.917013891212228,1.0507064836422766,0.36039108191028557,93.75
335.29793014300003,-11.0,0.7000000000000002,-10.916699537575022,1.0506898395875188,0.360447403417107,93.75
335.49827799,-11.0,0.7000000000000002,-10.915705815919512,1.0512649611136748,0.36123757054878236,93.75
335.79827255000004,-11.0,0.7000000000000002,-10.91627497188282,1.0511670870632572,0.3610099768285025,93.75
335.997944586,-11.0,0.7000000000000002,-10.916753499101793,1.05036792310976,0.3601217314409696,93.75
336.298240914,-11.0,0.7000000000000002,-10.916628148277086,1.0494175800892969,0.3592262670451141,93.75
336.498137088,-11.199999999999996,0.2000000000000001,-10.91604270682396,1.0504047561948406,0.896560089289428,75.0
336.798297462,-11.199999999999996,0.2000000000000001,-10.916392684793609,1.0498272347836832,0.8959014668023803,75.0
336.99830817000003,-11.199999999999996,0.2000000000000001,-10.916259742794836,1.0501768553646769,0.8962751915325008,75.0
337.297987933,-11.199999999999996,0.2000000000000001,-10.917068435848362,1.0494312331164573,0.8953120627954451,75.0
337.497954347,-11.199999999999996,0.2000000000000001,-10.917153884487217,1.0498429806765286,0.8956757319844246,75.0
337.797936563,-11.199999999999996,0.2000000000000001,-10.91670315970437,1.0495572718026762,0.8955471276232709,75.0
337.99794248300003,-11.199999999999996,0.2000000000000001,-10.917375380723357,1.0496247731192463,0.8953987550355405,75.0
338.29823730600003,-11.199999999999996,0.2000000000000001,-10.916010830906846,1.0490481626132069,0.895283547597676,75.0
338.498255766,-11.199999999999996,0.2000000000000001,-10.889612339773064,1.0441456942183942,0.8994011633796142,75.0
338.798158624,-11.199999999999996,0.2000000000000001,-10.764014699069596,1.032057928727913,0.9393633904865335,75.0
338.998314148,-11.199999999999996,0.2000000000000001,-10.66228196345132,1.02709197596927,0.9865200573442559,75.0
339.29826061200004,-11.199999999999996,0.2000000000000001,-10.522427435061791,1.0205760734997595,1.0641661868135162,75.0
339.498282796,-11.199999999999996,0.2000000000000001,-10.42202472810642,1.015806070148687,1.127291030643519,75.0
339.798329255,-10.599999999999994,0.3999999999999999,-10.262106740568044,1.0095769843904925,0.6969619463558642,93.75
339.99827319800005,-10.599999999999994,0.3999999999999999,-10.16216866568658,1.0067115409899037,0.7481946078908934,93.75
340.298271664,-10.599999999999994,0.3999999999999999,-10.02164328487934,1.002656318975519,0.835279072362211,93.75
340.49823316500004,-10.599999999999994,0.3999999999999999,-9.92195222630064,0.9997232934658224,0.9052164449147753,93.75
340.798276804,-10.599999999999994,0.3999999999999999,-9.7617547732692,0.995504763200716,1.0282416949004267,93.75
340.99824286800003,-10.599999999999994,0.3999999999999999,-9.66165747875502,0.994503755080576,1.1108201483504345,93.75
341.29825272700003,-10.599999999999994,0.3999999999999999,-9.5216244469837,0.9927854222206288,1.230564256810869,93.75
341.498280533,-10.099999999999994,0.5,-9.42175295136768,0.9924516397886244,0.8381692409704324,93.75
341.798003105,-10.099999999999994,0.5,-9.286142099210656,0.9946871434537584,0.9524075034225993,93.75
341.99795339300005,-10.099999999999994,0.5,-9.249217012249549,0.996860201447232,0.9852419763833445,93.75
342.29823567200003,-10.099999999999994,0.5,-9.244399210593876,0.99806439036586,0.9900105291272857,93.75
342.49828066500004,-10.099999999999994,0.5,-9.244429383733111,0.9980246525466684,0.9899644609598487,93.75
342.798270267,-10.099999999999994,0.5,-9.244476632650786,0.9979538155874929,0.9898879909053709,93.75
342.998257647,-9.699999999999996,0.8000000000000003,-9.24450528306898,0.997911569891928,0.496633090570044,93.75
343.298257335,-9.699999999999996,0.8000000000000003,-9.244544228218436,0.997861476037774,0.4965774096241019,93.75
343.498261937,-9.699999999999996,0.8000000000000003,-9.244571270793744,0.9978286674187832,0.4965395342156687,93.75
343.798244496,-9.699999999999996,0.8000000000000003,-9.2446132697616,0.9977763928838864,0.4964801865728158,93.75
343.998308522,-9.699999999999996,0.8000000000000003,-9.244638720889302,0.9977471531351184,0.4964451944438287,93.75
344.298228901,-9.699999999999996,0.8000000000000003,-9.244673355030567,0.9977098508358904,0.4963985684272929,93.75
344.49805098900003,-9.699999999999996,0.8000000000000003,-9.244697410048412,0.9976848725940498,0.4963665553491149,93.75
344.797986772,-9.699999999999996,0.8000000000000003,-9.244734739141206,0.9976485033926026,0.4963178302641939,93.75
344.99793751100003,-9.699999999999996,0.8000000000000003,-9.244757371261024,0.9976272672646244,0.49628861339713687,93.75
345.29825564500004,-9.699999999999996,0.8000000000000003,-9.244788196096708,0.9975980271600152,0.49624869445713904,93.75
345.498259888,-9.699999999999996,0.8000000000000003,-9.244809608865213,0.9975777380378836,0.49622097370990215,93.75
345.79805982600004,-9.699999999999996,0.8000000000000003,-9.244842858792705,0.997546379336721,0.49617798740073243,93.75
345.99824463500005,-9.699999999999996,0.8000000000000003,-9.24486302823105,0.9975270387553204,0.49615178535449395,93.75
346.297984911,-9.699999999999996,0.8000000000000003,-9.244890496415278,0.9975004717464232,0.4961160112243782,93.75
346.49824126500005,-9.699999999999996,0.8000000000000003,-9.244909579625178,0.9974821218088616,0.4960912004370349,93.75
346.797981999,-9.699999999999996,0.8000000000000003,-9.244939218434638,0.9974536007398423,0.49605265785398556,93.75
346.998293977,-9.699999999999996,0.8000000000000003,-9.244957187214776,0.9974362447968692,0.4960292654944598,93.75
347.298030777,-9.699999999999996,0.8000000000000003,-9.244981658244017,0.9974125463491302,0.4959973838543993,93.75
347.497961839,-9.699999999999996,0.8000000000000003,-9.243632069411404,0.997715386304164,0.4973560716942319,93.75
347.79795686100005,-9.699999999999996,0.8000000000000003,-9.24289649014034,0.996887602949304,0.4977030710384841,93.75
347.99825446100004,-9.699999999999996,0.8000000000000003,-9.241931357559649,0.9963426915633412,0.4983746920916829,93.75
348.297956573,-9.699999999999996,0.8000000000000003,-9.241943171015306,0.9968516813386198,0.49856458260224495,93.75
348.497987185,-9.699999999999996,0.8000000000000003,-9.242832385312331,0.99735014194989,0.4979450837661222,93.75
348.79822019200003,-9.699999999999996,0.8000000000000003,-9.243171008404392,0.9968071467590718,0.49741911963424046,93.75
348.998356306,-9.699999999999996,0.8000000000000003,-9.242737489110702,0.9965884605396036,0.4977308777664015,93.75
349.298538602,-9.699999999999996,0.8000000000000003,-9.243602445519846,0.9964936291702184,0.4968988569517387,93.75
349.498050084,-9.699999999999996,0.8000000000000003,-9.243519043955915,0.9969508612947856,0.49715641904301644,93.75
349.798034675,-9.699999999999996,0.8000000000000003,-9.243551721469409,0.9966223317888876,0.4969963504208412,93.75
349.99824259400003,-9.699999999999996,0.8000000000000003,-9.24319193206412,0.9959855786820492,0.4970754047251238,93.75
350.298233818,-9.699999999999996,0.8000000000000003,-9.242881630199594,0.9964705730753524,0.49755189688467044,93.75
350.498210761,-9.699999999999996,0.8000000000000003,-9.243318690997183,0.9969208266943992,0.49732849302903176,93.75
350.798254171,-9.699999999999996,0.8000000000000003,-9.243602202115245,0.9965182678771074,0.49690882415536614,93.75
350.99829143200003,-9.699999999999996,0.8000000000000003,-9.243211994223309,0.996075751562126,0.49709252918555835,93.75
351.298307313,-9.699999999999996,0.8000000000000003,-9.243102360782592,0.9960266753789648,0.49717392347403644,93.75
351.498231571,-9.699999999999996,0.8000000000000003,-9.241488333807323,1.0138311021012372,0.5059216226458503,93.75
351.79823943300005,-9.299999999999995,0.1,-9.243913700522285,1.125448156451089,1.0269808150876238,75.0
351.998281271,-9.299999999999995,0.1,-9.247541918186633,1.2262428136948695,1.1274638467582336,75.0
352.298267361,-9.299999999999995,0.1,-9.251675197232457,1.3665948550190985,1.26751639568227,75.0
352.498237689,-9.299999999999995,0.1,-9.253069778557478,1.4668047258226051,1.3676101799181117,75.0
352.79825459600005,-9.0,0.6000000000000001,-9.252697286636854,1.6269679474971936,1.0576006258792716,93.75
352.99825363,-9.0,0.6000000000000001,-9.251970252879063,1.7274545802374397,1.155267431737916,93.75
353.29793218000003,-9.0,0.6000000000000001,-9.250208790388662,1.8675071928031808,1.291967074888349,93.75
353.49813704400003,-9.0,1.3000000000000005,-9.249066127243491,1.967188587465865,0.7121618825693823,93.75
353.79824719600003,-9.0,1.3000000000000005,-9.247234306640472,2.1271825460196805,0.8633398906685563,93.75
353.99820792400004,-9.0,1.3000000000000005,-9.246342455079786,2.2267032756870067,0.9588866285144264,93.75
354.29824406700004,-9.0,1.3000000000000005,-9.245308110401176,2.36725184047345,1.0950810746344586,93.75
354.498237845,-9.0,1.3000000000000005,-9.244285154761052,2.467693837240084,1.1929728137577578,93.75
354.79805601500004,-9.299999999999995,1.8000000000000005,-9.24450289623339,2.627879555138537,0.8297376008973333,93.75
354.998103641,-9.299999999999995,1.8000000000000005,-9.245342096402508,2.7280984643622377,0.9297065375575322,93.75
355.298134215,-9.299999999999995,1.8000000000000005,-9.247804111440535,2.868032563986332,1.0693072376626511,93.75
355.49817004600004,-9.299999999999995,1.8000000000000005,-9.249850138973915,2.968431287461302,1.1695070252373048,93.75
355.798133574,-9.299999999999995,1.8000000000000005,-9.252223564068723,3.128332438229397,1.3291913535239193,93.75
355.998245747,-9.4,2.3000000000000003,-9.254192411525866,3.22843778902031,0.9398173125334326,100.0
356.298248531,-9.4,2.3000000000000003,-9.256965727503644,3.36823876955414,1.077772179955998,100.0
356.49829695600005,-9.4,2.3000000000000003,-9.258927172671507,3.468031192763569,1.1765196172946457,100.0
356.79811495200005,-9.4,2.3000000000000003,-9.262237269099264,3.628283474795024,1.3354083867636786,100.0
356.997945103,-9.4,2.9,-9.264418206835844,3.7282739120215256,0.8392973823222912,100.0
357.29805349400004,-9.4,2.9,-9.26623749311558,3.868388607979104,0.9775831955960123,100.0
357.497971963,-9.4,2.9,-9.26705751043844,3.9685853781611127,1.0768232983876946,100.0
357.79797096100003,-9.4,2.9,-9.268190463372049,4.128382051415949,1.2354336154512433,100.0
357.997935265,-8.899999999999999,3.4,-9.269214576832969,4.228400996655163,0.9069551339538335,100.0
358.29819084,-8.899999999999999,3.4,-9.270555845417508,4.368193452621958,1.0366823024789773,100.0
358.498114116,-8.899999999999999,3.4,-9.271448986804518,4.468335910936576,1.1310685073835216,100.0
358.79811617400003,-9.5,4.0,-9.273709285909645,4.628555617959451,0.6680491390249003,100.0
358.99816236500004,-9.5,4.0,-9.275276276272804,4.728282194384193,0.7621651439569204,100.0
359.297992838,-9.5,4.0,-9.278089531619369,4.864739951269889,0.8927594520917496,100.0
359.498316723,-9.5,4.0,-9.280426927138327,4.928282080431273,0.9538972456065323,100.0
359.79812172100003,-8.799999999999997,3.9,-9.282222088789204,4.955546037171679,1.1604807536125112,100.0
359.99823957200005,-8.799999999999997,3.9,-9.28266205119733,4.955896092515264,1.160982004104723,100.0
360.298240693,-8.799999999999997,3.9,-9.282761737960618,4.955841294160015,1.1609736147269905,100.0
360.498244547,-8.799999999999997,3.9,-9.28276859399341,4.955799670961943,1.1609386118782177,100.0
360.798247005,-8.799999999999997,3.9,-9.2827449331188,4.955735494999413,1.160870408725079,100.0
360.998140129,-8.799999999999997,3.9,-9.282723863561758,4.955696658017171,1.1608263273205934,100.0
361.298292218,-8.799999999999997,3.9,-9.282691411054918,4.955643817679858,1.1607647772532972,100.0
361.498267346,-8.799999999999997,4.4,-9.282669252591957,4.955607107240267,0.7359815656751043,100.0
361.797971373,-8.799999999999997,4.4,-9.28263595474712,4.955550089680917,0.7359166847946448,100.0
361.998248262,-8.799999999999997,4.4,-9.28261577498985,4.955515505921511,0.735877342760523,100.0
362.298242518,-8.799999999999997,4.4,-9.282589199148758,4.955468395226,0.7358243494408089,100.0
362.498044713,-8.799999999999997,4.4,-9.282571123433124,4.955435661127836,0.735787783823587,100.0
362.797953491,-8.799999999999997,4.4,-9.282544645848438,4.955384813893355,0.7357320346025127,100.0
362.9982624,-8.799999999999997,4.4,-9.282528590657476,4.955353975838942,0.7356982256890472,100.0
363.29796827,-8.799999999999997,4.4,-9.282506626668772,4.95531197969807,0.7356521185828732,100.0
363.498242968,-8.799999999999997,4.4,-9.282491953701497,4.955282795556421,0.7356204649325927,100.0
363.798077383,-8.799999999999997,4.4,-9.2824694098238,4.955237477658919,0.7355714703635312,100.0
363.998023699,-8.799999999999997,4.4,-9.282455870687668,4.955209990332989,0.7355418414519708,100.0
364.298165851,-8.799999999999997,4.4,-9.282437458685784,4.955172561770008,0.7355015124970675,100.0
364.497996809,-9.199999999999996,4.800000000000001,-9.28242478454464,4.955146552701596,0.17568237795072036,100.0
364.798058135,-9.199999999999996,4.800000000000001,-9.282405520842698,4.955106161864494,0.17563767054277218,100.0
364.997958137,-9.199999999999996,4.800000000000001,-9.282394014581724,4.955081663757265,0.17561063769776386,100.0
365.298247433,-9.199999999999996,4.800000000000001,-9.282037977441336,4.959656679056809,0.17950065434453003,100.0
365.498263046,-9.199999999999996,4.800000000000001,-9.281577956371589,4.994748587620306,0.21114444190143655,100.0
365.798014986,-9.199999999999996,4.800000000000001,-9.281714118582954,5.131764186621687,0.3416791955922092,100.0
365.997995568,-9.199999999999996,4.800000000000001,-9.28262413715702,5.232989351323394,0.4408021397411722,100.0
366.298233418,-9.5,5.300000000000001,-9.284410603791429,5.372801709953566,0.2275497236424149,100.0
366.498323571,-9.5,5.300000000000001,-9.285642815679582,5.473249900499906,0.27561663682188114,100.0
366.79823081,-9.5,5.300000000000001,-9.28849680527276,5.632950575666705,0.3944485862778799,100.0
366.998254828,-9.5,5.300000000000001,-9.290153318541991,5.733208013124876,0.4813572606230646,100.0
367.29824569,-9.5,5.300000000000001,-9.29262847582317,5.87309333408263,0.6094578891189822,100.0
367.49824873,-9.5,5.300000000000001,-9.294403646719893,5.973125022841356,0.7038232426236389,100.0
367.7982311230001,-9.5,5.300000000000001,-9.296796972871034,6.133692341220059,0.8580992891521108,100.0
367.998071082,-9.9,5.6,-9.298801616194655,6.233279634261053,0.8732024918997725,100.0
368.298212603,-9.9,5.6,-9.301412682701768,6.373202334864397,0.9778285264145498,100.0
368.497988333,-9.299999999999995,5.799999999999999,-9.303550734854598,6.473049104309865,0.6730584703651838,100.0
368.798240477,-9.299999999999995,5.799999999999999,-9.30637302204313,6.6328084634519096,0.8328328476994016,100.0
368.997980097,-9.299999999999995,5.799999999999999,-9.30804659481948,6.73316570568011,0.9332003975275885,100.0
369.298272959,-9.299999999999995,5.799999999999999,-9.31088308933022,6.872847811572495,1.0729030097959755,100.0
369.497973733,-9.299999999999995,5.799999999999999,-9.31286078686112,6.972909999711183,1.172980505916947,100.0
369.7982127190001,-9.599999999999994,6.4,-9.315911740228684,7.133050992988288,0.7861742158459576,100.0
369.998265903,-9.599999999999994,6.4,-9.31751023353256,7.232735584305821,0.8793457917838593,100.0
370.298239504,-9.199999999999996,7.1,-9.319895152928506,7.372329183451908,0.2975534100885651,100.0
370.498263756,-9.199999999999996,7.1,-9.32188444490082,7.47204549333336,0.3915018097256329,100.0
370.798241469,-9.199999999999996,7.1,-9.325874087023244,7.632366409125725,0.5470450432545342,100.0
370.998244089,-9.199999999999996,7.1,-9.328120278605136,7.73262386632453,0.6454670882649677,100.0
371.2982427600001,-9.199999999999996,7.1,-9.332758384927075,7.8726884132363315,0.7840103141656537,100.0
371.498309548,-9.199999999999996,7.1,-9.336569391946512,7.972764747414446,0.8833852518273342,100.0
371.798224738,-9.299999999999995,7.6,-9.343360875983324,8.13272491964609,0.5344866748366843,100.0
371.997961992,-9.299999999999995,7.6,-9.347654112212728,8.233010005793814,0.634801214433202,100.0
372.298235611,-9.299999999999995,7.6,-9.353474278180736,8.373360709460847,0.7752072531682974,100.0
372.49826425,-9.5,8.0,-9.3576634270341,8.473284521699027,0.4942245830425209,100.0
372.798239018,-9.5,8.0,-9.364494545001806,8.633319678417292,0.64765387623703,100.0
372.997927128,-9.5,8.0,-9.368588772634094,8.733502233912686,0.7451808088193863,100.0
373.298027046,-9.5,8.0,-9.373859646417548,8.871161331050121,0.8802462459555991,100.0
373.4983436380001,-9.5,8.0,-9.37702584523303,8.941033910189873,0.949035016671088,100.0
373.800103634,-9.5,8.0,-9.378987296368033,8.970608853542215,0.9781235203259614,100.0
373.997911665,-9.5,8.0,-9.378926730410178,8.970607548942482,0.9781297207800722,100.0
374.298254418,-9.5,8.0,-9.378852787822588,8.970579518077297,0.9781110611426075,100.0
374.4978912410001,-9.5,8.0,-9.378809690528508,8.97055973068088,0.9780967651153643,100.0
374.798033409,-9.799999999999995,8.5,-9.378755398016164,8.970528510104671,0.6315410465851276,100.0
374.997934853,-9.799999999999995,8.5,-9.378728855048369,8.970509327682175,0.6315444600380771,100.0
375.298336242,-9.799999999999995,8.5,-9.378700296870909,8.970482904984639,0.631543825668054,100.0
375.498257878,-9.799999999999995,8.5,-9.37868307831454,8.970464447575779,0.6315415623150161,100.0
375.798253336,-9.799999999999995,8.5,-9.378661861032851,8.970435571448775,0.631534206700343,100.0
375.998258241,-9.799999999999995,8.5,-9.378650144858645,8.97041801237066,0.6315289437471566,100.0
376.297905038,-9.799999999999995,8.5,-9.378635468440583,8.970394051597742,0.6315208882015082,100.0
376.498069105,-9.799999999999995,8.5,-9.378625921707018,8.970377377991577,0.631514838767457,100.0
376.798243149,-9.799999999999995,8.5,-9.37861143225576,8.970351476150926,0.6315052146600956,100.0
376.997921317,-9.799999999999995,8.5,-9.378603001757035,8.970335751200622,0.6314991282540544,100.0
377.297968522,-9.799999999999995,8.5,-9.378592128152116,8.970314312960042,0.6314904175285918,100.0
377.4979230720001,-9.799999999999995,8.5,-9.378584703579817,8.97029941353706,0.6314842756792992,100.0
377.797921394,-9.799999999999995,8.5,-9.378573424874174,8.970276268893347,0.6314745658429378,100.0
377.998264988,-9.799999999999995,8.5,-9.378566553029287,8.970262244031497,0.6314687073696937,100.0
378.297896783,-9.799999999999995,8.5,-9.378557015107006,8.970243125156701,0.6314608351059099,100.0
378.4983001220001,-9.799999999999995,8.5,-9.37855025752495,8.970229854402483,0.631455462723748,100.0
378.7979133010001,-9.4,8.1,-9.378539786646876,8.970209248916381,0.8704738236482329,100.0
378.9982570350001,-9.4,8.1,-9.378533411721198,8.97019675202236,0.8704614877423341,100.0
379.2982962690001,-9.4,8.1,-9.378524670520784,8.970179734618505,0.8704446911303283,100.0
379.49831036,-9.4,8.1,-9.3785186568221,8.970167912415567,0.8704330209168271,100.0
379.798256836,-9.4,8.1,-9.378693901260917,8.972569885241436,0.8728299688219536,100.0
379.9979931680001,-9.4,8.1,-9.378389062200553,8.971834041725458,0.8721018455111307,100.0
380.297922386,-9.4,8.1,-9.378591244364562,8.972130004039176,0.8723927319523196,100.0
380.4982534340001,-9.4,8.1,-9.37926420878158,8.973157160112663,0.8734033428453691,100.0
380.798249759,-9.4,8.1,-9.379283614201151,8.973133463193529,0.873379192097506,100.0
380.9979502590001,-9.799999999999995,8.7,-9.379241519074084,8.972857133674754,0.5014865049712544,75.0
381.2982397660001,-9.799999999999995,8.7,-9.378750207989958,8.972738730832681,0.5018344374041324,75.0
381.498263862,-9.799999999999995,8.7,-9.378509353689104,8.973935352226013,0.5026877182971183,75.0
381.797905669,-9.799999999999995,8.7,-9.378924551811249,8.973315691812505,0.5020019924843951,75.0
381.997950429,-9.799999999999995,8.7,-9.378514941882784,8.973823568474591,0.5026221253269979,75.0
382.2979025670001,-9.799999999999995,8.7,-9.378797828894026,8.974186657858267,0.5025829208119483,75.0
382.49791284,-9.799999999999995,8.7,-9.378817308443486,8.974466608322572,0.5027193837031578,75.0
382.798031321,-9.799999999999995,8.7,-9.379161887752964,8.974845583630039,0.502637853290599,75.0
382.9982594540001,-9.799999999999995,8.7,-9.379010230636595,8.975224038085418,0.5029718253030611,75.0
383.298279584,-9.799999999999995,8.7,-9.378938911765903,8.97442723595886,0.5025960086002453,75.0
383.498291534,-9.799999999999995,8.7,-9.360093405130764,8.977052777385657,0.5198808071727106,75.0
383.798254785,-9.799999999999995,8.7,-9.246132032127148,8.979323587243986,0.6203155585880836,75.0
383.99825856,-9.799999999999995,8.7,-9.14537094558496,8.978950276986158,0.7115844685734636,75.0
384.297940038,-9.799999999999995,8.7,-9.004872789241743,8.97842745933573,0.8424661010392933,75.0
384.498247541,-9.199999999999996,8.6,-8.904676837500778,8.97851327371371,0.4800917294497063,75.0
384.798282123,-9.199999999999996,8.6,-8.744283986708718,8.978898915220562,0.5926562854854531,75.0
384.9979081400001,-9.199999999999996,8.6,-8.644627921518412,8.97885883491065,0.6722887492341442,75.0
385.298257753,-9.199999999999996,8.6,-8.504257364191592,8.979296328144818,0.7924162541403144,75.0
385.49833806400005,-9.199999999999996,8.6,-8.404624156342004,8.979900771024456,0.8814461574592278,75.0
385.798263733,-9.199999999999996,8.6,-8.245060792494836,8.979760985408513,1.0276805418363366,75.0
385.998229835,-9.199999999999996,8.6,-8.145204810012666,8.98014779268634,1.1212070447088278,75.0
386.298214422,-8.599999999999994,8.5,-8.005486146108131,8.980392646179643,0.7643453519011124,81.25
386.4979315110001,-8.599999999999994,8.5,-7.904985486891715,8.980050440672114,0.8446855030250189,81.25
386.798288336,-8.599999999999994,8.5,-7.785601816987135,8.976610032393241,0.9436108962239327,81.25
386.998282371,-8.599999999999994,8.5,-7.762839827787017,8.974742163972925,0.9624018267820137,81.25
387.298002232,-8.599999999999994,8.5,-7.761592191809513,8.974446039682318,0.9633414230712817,81.25
387.498229765,-8.099999999999994,8.799999999999999,-7.761623970221396,8.97444636273815,0.3806965602698523,75.0
387.798287698,-8.099999999999994,8.799999999999999,-7.761673385396424,8.974433892636563,0.3806469243924836,75.0
387.9982466450001,-8.099999999999994,8.799999999999999,-7.761703347023386,8.974429133885518,0.3806181132884093,75.0
388.29812863,-8.099999999999994,8.799999999999999,-7.761744168414636,8.974431901275093,0.380583099708784,75.0
388.49793402,-8.099999999999994,8.799999999999999,-7.761772536435257,8.974437209848942,0.38056032017187497,75.0
388.798255062,-8.099999999999994,8.799999999999999,-7.761816590820349,8.974450646115761,0.38052732644919796,75.0
388.998242323,-8.099999999999994,8.799999999999999,-7.761843315588721,8.974462781580986,0.3805091396655282,75.0
389.2981894020001,-8.099999999999994,8.799999999999999,-7.761879716637549,8.97448296236014,0.3804860446521933,75.0
389.49827784,-8.099999999999994,8.799999999999999,-7.761905010254441,8.974499378550176,0.38047109641264937,75.0
389.798337078,-8.099999999999994,8.799999999999999,-7.761944293438886,8.974528010397428,0.3804493227117314,75.0
389.99790776,-8.099999999999994,8.799999999999999,-7.761968113086054,8.974546248756532,0.38043652496254426,75.0
390.297893135,-8.099999999999994,8.799999999999999,-7.762000546092075,8.974571996725663,0.38041952221572023,75.0
390.498269776,-8.099999999999994,8.799999999999999,-7.762023101637413,8.974590513990247,0.380407980203057,75.0
390.798293913,-8.099999999999994,8.799999999999999,-7.762058105638186,8.97462007524849,0.380390450254257,75.0
390.997940243,-8.099999999999994,8.799999999999999,-7.762079336493453,8.97463820468371,0.38037991187739045,75.0
391.297911424,-8.099999999999994,8.799999999999999,-7.762108248492155,8.974663149667256,0.3803656814024129,75.0
391.497861314,-8.099999999999994,8.799999999999999,-7.762128336211465,8.974680613145411,0.3803558567974028,75.0
391.7982205020001,-8.099999999999994,8.799999999999999,-7.760705078274664,8.97450147489887,0.38153873807318656,75.0
391.998279743,-8.099999999999994,8.799999999999999,-7.760491531495423,8.974973257636188,0.38194455235562647,75.0
392.29820555,-8.099999999999994,8.799999999999999,-7.760103622750647,8.975206962914365,0.38239642665813056,75.0
392.498313403,-8.099999999999994,8.799999999999999,-7.759797821570714,8.975074289411287,0.3826075391584634,75.0
392.798258254,-8.099999999999994,8.799999999999999,-7.759456231668596,8.975289363241437,0.3830096852756306,75.0
392.998304774,-8.099999999999994,8.799999999999999,-7.760251250341709,8.974592254454349,0.381983858572349,75.0
393.298255734,-8.099999999999994,8.799999999999999,-7.7601158172259295,8.974630185296053,0.38212165512638546,75.0
393.498320929,-8.099999999999994,8.799999999999999,-7.759653644820439,8.974801632064654,0.38261109766507706,75.0
393.798292634,-8.099999999999994,8.799999999999999,-7.758916544402763,8.974616941538043,0.38318272397675923,75.0
393.99805839,-8.099999999999994,8.799999999999999,-7.759347985775137,8.975212909153255,0.3830709573034733,75.0
394.2979898100001,-8.099999999999994,8.799999999999999,-7.7586985163088,8.975534483342312,0.383795593528721,75.0
394.498214106,-8.099999999999994,8.799999999999999,-7.758551028234588,8.974976245254732,0.38367184770725343,75.0
394.797904774,-8.099999999999994,8.799999999999999,-7.759001261958234,8.97543898694948,0.38348269516098554,75.0
394.998292782,-8.099999999999994,8.799999999999999,-7.758925147656165,8.975968502048316,0.3837928720214764,75.0
395.298184307,-8.099999999999994,8.799999999999999,-7.758468181076892,8.975218000024606,0.383855872521896,75.0
395.498320809,-7.599999999999994,8.6,-7.758279400913123,8.974671965885063,0.4067326527014979,87.5
395.797926088,-7.599999999999994,8.6,-7.757719944330831,8.971879315922232,0.40394282571981605,87.5
395.998227793,-7.599999999999994,8.6,-7.755271001301099,8.939258581584737,0.3731024913129572,87.5
396.298295483,-7.599999999999994,8.6,-7.748023690904232,8.82609441703679,0.27024007564408287,87.5
396.498257549,-7.599999999999994,8.6,-7.743175333253437,8.724881652907483,0.18998579758797626,87.5
396.797983535,-7.599999999999994,8.6,-7.747130375343092,8.56405219708038,0.1514582182760268,87.5
396.997934137,-7.599999999999994,8.6,-7.751005872673331,8.46449371907396,0.20289092082260027,87.5
397.298218812,-7.599999999999994,8.6,-7.755058747333433,8.324451290495508,0.31618081288118327,87.5
397.497909428,-7.599999999999994,8.6,-7.757159580084936,8.224215002449334,0.40732480650781505,87.5
397.797915442,-7.599999999999994,8.6,-7.757605119404475,8.063871192925873,0.5588143443373893,87.5
397.997900988,-7.599999999999994,8.6,-7.7577052889274976,7.963473239066286,0.6557722741474146,87.5
398.2982939310001,-7.599999999999994,8.6,-7.755094894685985,7.822936377493527,0.7923902446273172,87.5
398.498268295,-8.099999999999994,8.1,-7.751728155832941,7.722529596114319,0.5135924291197629,100.0
398.7984653900001,-8.099999999999994,8.1,-7.747470408424311,7.562650842330014,0.6426672779791739,100.0
398.998238761,-8.099999999999994,8.1,-7.744786420044767,7.462415514313179,0.7298566049390361,100.0
399.297938017,-8.099999999999994,8.1,-7.740497968361351,7.323157134381697,0.8559944793130202,100.0
399.497941891,-8.099999999999994,8.1,-7.738078761027589,7.222886207955018,0.9488496126440948,100.0
399.798123632,-8.099999999999994,8.1,-7.732563641010971,7.063275814969782,1.09991204818098,100.0
399.99839287,-8.099999999999994,8.1,-7.729260503581588,6.963428746455547,1.1955090918049025,100.0
400.298244918,-8.0,7.4,-7.724460176732538,6.823281037973845,0.6391611341178297,100.0
400.49821535,-8.0,7.4,-7.7208002100817,6.7232316253322,0.7320983237522938,100.0
400.79834811,-8.0,7.4,-7.714941725686949,6.56268379712106,0.8845092669712069,100.0
400.9979429170001,-8.0,7.4,-7.710857210993846,6.462667439621801,0.9809158379695009,100.0
401.298025254,-8.0,7.4,-7.705055355727724,6.322534133648214,1.1171056513768534,100.0
401.498270858,-8.0,6.9,-7.7004931620713855,6.222586069563639,0.7406713030185771,100.0
401.798313363,-8.0,6.9,-7.692780332435318,6.062429572685873,0.8921368419977531,100.0
401.997921561,-8.0,6.9,-7.687805344115183,5.962580503273361,0.9880388737323375,100.0
402.297916232,-8.0,6.9,-7.681258940019744,5.822830248405877,1.1233390125276885,100.0
402.4979144560001,-7.799999999999997,6.299999999999999,-7.675528273099756,5.723402045861734,0.5898799975537065,100.0
402.79796892200005,-7.799999999999997,6.299999999999999,-7.668082592974977,5.563500772349292,0.7482200977027362,100.0
402.998210558,-7.799999999999997,6.299999999999999,-7.6630933626940445,5.463417802431626,0.8477105641825825,100.0
403.298010112,-7.799999999999997,6.299999999999999,-7.656296717690394,5.323540183487843,0.9869774093714134,100.0
403.498010699,-7.899999999999999,5.699999999999999,-7.650899632929754,5.224031802432835,0.5372119860631052,100.0
403.797921144,-7.899999999999999,5.699999999999999,-7.642855543760625,5.064375747294601,0.6856686240465861,100.0
403.998065547,-7.899999999999999,5.699999999999999,-7.6401082969628975,4.984889761526477,0.7608720986323406,100.0
404.298217131,-7.799999999999997,5.1,-7.639196651541734,4.941577944932468,0.22573272781590514,100.0
404.49823103,-7.799999999999997,5.1,-7.639097378978227,4.94061467137134,0.2264803223985281,100.0
404.798219726,-7.799999999999997,5.1,-7.63901902494365,4.940685927777905,0.22648586697204512,100.0
404.998179438,-7.799999999999997,5.1,-7.639011744388223,4.940727311902064,0.22646193414979082,100.0
405.2982460550001,-7.799999999999997,5.1,-7.639013675824584,4.940783081115487,0.22642134137617978,100.0
405.4983762110001,-7.799999999999997,5.1,-7.639014828936573,4.940821835587564,0.2263932713841828,100.0
405.797908144,-7.799999999999997,5.1,-7.63901604464153,4.940882038458162,0.2263500818822174,100.0
405.9979563920001,-7.799999999999997,5.1,-7.639013712453681,4.940918704948728,0.2263259667230761,100.0
406.298053944,-7.799999999999997,5.1,-7.639006821117784,4.940968826021694,0.2262956427850929,100.0
406.49791485,-7.799999999999997,5.1,-7.639001102659264,4.941003690745519,0.22627521141627188,100.0
406.7980213,-7.799999999999997,5.1,-7.638988599932644,4.9410580063038045,0.22624594650903795,100.0
406.9980675480001,-7.799999999999997,5.1,-7.638979390299864,4.941091032051609,0.2262293014678365,100.0
407.297965786,-7.799999999999997,5.1,-7.638966066385679,4.941136043141553,0.22620717177848954,100.0
407.498088682,-7.799999999999997,5.1,-7.638956107132554,4.941167351152575,0.22619227610550716,100.0
407.797921023,-7.799999999999997,5.1,-7.638940136961609,4.941215987988964,0.22616949828008423,100.0
407.998010141,-7.799999999999997,5.1,-7.638930063905289,4.941245490642809,0.22615596068818414,100.0
408.297906813,-7.799999999999997,5.1,-7.638916188115379,4.941285694145547,0.22613762476452187,100.0
408.497951368,-7.799999999999997,5.1,-7.638906570678488,4.941313639129273,0.22612486395122167,100.0
408.797949453,-7.799999999999997,5.1,-7.638891466181414,4.941357018405581,0.22610518631455742,100.0
408.997928702,-7.799999999999997,5.1,-7.638894829495519,4.941359567238192,0.22610100147971623,100.0
409.2978916990001,-7.799999999999997,5.1,-7.635871754413646,4.908767740044168,0.2520076551358475,100.0
409.498121216,-7.799999999999997,5.1,-7.632602924538606,4.836926500893799,0.3118163671217511,100.0
409.797929645,-7.799999999999997,5.1,-7.628140196185216,4.677354396711616,0.4562511349533907,100.0
409.998106709,-7.799999999999997,5.1,-7.625065798113974,4.577078705450539,0.5514060711334103,100.0
410.297954886,-7.799999999999997,5.1,-7.621416226003665,4.4371232447543125,0.6865112941385769,100.0
410.497895613,-7.799999999999997,5.1,-7.618521043857771,4.337504162578964,0.7837949435961417,100.0
410.798027379,-7.799999999999997,5.1,-7.616268438738568,4.177416694380078,0.9407003999213269,100.0
410.998233924,-7.799999999999997,5.1,-7.615229144951223,4.077374653339271,1.0391837510798703,100.0
411.298271932,-7.699999999999996,4.4,-7.613728405875107,3.937377454623459,0.47059792545603046,100.0
411.498217816,-7.699999999999996,4.4,-7.613112044217364,3.837372497848124,0.5692971307127275,100.0
411.7979702230001,-7.699999999999996,4.4,-7.609944534153308,3.6775612642606266,0.7280300226127826,100.0
411.997977644,-7.699999999999996,4.4,-7.608757320450982,3.5775315821431914,0.827514063290266,100.0
412.29823763200005,-7.799999999999997,3.8,-7.605909991598536,3.4378768776723176,0.4108577455587623,100.0
412.498275265,-7.799999999999997,3.8,-7.603575227384,3.3378401029154285,0.502169753938315,100.0
412.798242512,-7.799999999999997,3.8,-7.60020504235564,3.1773955966963,0.6538763400775919,100.0
412.997968508,-7.799999999999997,3.8,-7.597118555654012,3.078001481636077,0.7499618263482571,100.0
413.297907144,-7.799999999999997,3.8,-7.593257477211875,2.937869144202517,0.8865732249774394,100.0
413.498139704,-7.599999999999994,3.2,-7.589966141293877,2.8381123272723423,0.36202674762063475,100.0
413.797984797,-7.599999999999994,3.2,-7.584916674801823,2.6779821422076218,0.5222357231683578,100.0
413.997926766,-7.599999999999994,3.2,-7.582040211536797,2.578266997822237,0.6219923472186915,100.0
414.297936509,-7.599999999999994,3.2,-7.577582446785783,2.4384273002228274,0.7619025684022884,100.0
414.498252852,-7.899999999999999,2.7,-7.574475430643292,2.3387675032323942,0.48626655444912886,100.0
414.797968112,-7.899999999999999,2.7,-7.568193351201984,2.1794517610263635,0.6173055331722885,100.0
414.997931363,-7.899999999999999,2.7,-7.564381101734517,2.079453075834656,0.7054916937597532,100.0
415.298235366,-7.699999999999996,2.3000000000000003,-7.55899987172467,1.9399909085513087,0.3866362400233203,100.0
415.498216431,-7.699999999999996,2.3000000000000003,-7.554847275474725,1.84034752491728,0.48202667072142363,100.0
415.798296831,-7.699999999999996,2.3000000000000003,-7.547506401045231,1.680971825802178,0.6375344525379518,100.0
415.998239769,-7.699999999999996,2.3000000000000003,-7.540640438251747,1.581090509834698,0.7363601869807527,100.0
416.2979254650001,-7.699999999999996,2.3000000000000003,-7.535646358601979,1.4410379686999508,0.8745443903289843,100.0
416.4982243,-7.699999999999996,2.3000000000000003,-7.530870241838292,1.3418271156779562,0.9729851752960379,100.0
416.79828577,-7.699999999999996,1.6999999999999995,-7.520616950731969,1.1818812516032056,0.5482930929757875,100.0
416.998243238,-7.699999999999996,1.6999999999999995,-7.516876487213788,1.104044843771776,0.6234555069691554,100.0
417.297896672,-7.699999999999996,1.6999999999999995,-7.515269141353382,1.0621470610854489,0.664064651836133,100.0
417.498220367,-7.599999999999994,0.8999999999999999,-7.51540957070064,1.0613013469602683,0.1821363919161847,93.75
417.797925232,-7.599999999999994,0.8999999999999999,-7.515439565593004,1.0613356255136628,0.18215282354930365,93.75
417.997900352,-7.599999999999994,0.8999999999999999,-7.515448865088479,1.0613572449069448,0.18216765601715643,93.75
418.29792739,-7.599999999999994,0.8999999999999999,-7.515451277598934,1.0613872221930325,0.18219308973403703,93.75
418.4979167350001,-7.599999999999994,0.8999999999999999,-7.515450089168399,1.061408195123727,0.1822122193342967,93.75
418.7980624270001,-7.599999999999994,0.8999999999999999,-7.515443770227443,1.0614410030634982,0.18224421379977185,93.75
418.998238691,-7.599999999999994,0.8999999999999999,-7.515440944623568,1.0614608470708973,0.182263103734698,93.75
419.298210071,-7.799999999999997,0.3999999999999999,-7.5154379193977405,1.0614878102180385,0.7200983965985073,93.75
419.498048702,-7.799999999999997,0.3999999999999999,-7.515434625997021,1.061506634018364,0.7201169897535813,93.75
419.798223712,-7.799999999999997,0.3999999999999999,-7.515428693481413,1.061535879487254,0.7201461992836378,93.75
419.997930214,-7.799999999999997,0.3999999999999999,-7.515424415662198,1.061553652572596,0.720164216296077,93.75
420.298234637,-7.799999999999997,0.3999999999999999,-7.515418803199933,1.061577847032482,0.7201886594888115,93.75
420.497921046,-7.799999999999997,0.3999999999999999,-7.515414724013094,1.0615946648651726,0.7202057205317118,93.75
420.798248738,-7.799999999999997,0.3999999999999999,-7.515408463627615,1.0616207728792162,0.7202321776205811,93.75
420.998227826,-7.799999999999997,0.3999999999999999,-7.515404304328864,1.0616366253463243,0.7202483835415453,93.75
421.2979088940001,-7.799999999999997,0.3999999999999999,-7.515398270235582,1.06165823699158,0.7202706207833991,93.75
421.4979339190001,-7.799999999999997,0.3999999999999999,-7.515393955247651,1.0616732582195445,0.7202861246424525,93.75
421.7982337140001,-7.799999999999997,0.3999999999999999,-7.5153865701417555,1.0616966164272292,0.7203105001642807,93.75
421.998175644,-7.799999999999997,0.3999999999999999,-7.515381931731188,1.0617107930273406,0.7203253559287919,93.75
422.298237657,-7.799999999999997,0.3999999999999999,-7.514447734682343,1.0598545946381823,0.7189910863794933,93.75
422.498258999,-7.799999999999997,0.3999999999999999,-7.514427718705507,1.0591725199712412,0.7183731195757368,93.75
422.798299551,-7.799999999999997,0.3999999999999999,-7.514392560540997,1.059320116929101,0.7185225299611212,93.75
422.997952317,-7.799999999999997,0.3999999999999999,-7.514135623094024,1.0594057814429003,0.7187032952367496,93.75
423.298217631,-7.799999999999997,0.3999999999999999,-7.514806097952535,1.0586525298817298,0.7177455794950328,93.75
423.498010219,-7.799999999999997,0.3999999999999999,-7.514820242482211,1.058446576807496,0.7175509658605536,93.75
423.798244084,-7.799999999999997,0.3999999999999999,-7.514780452021365,1.0589333349182033,0.718013461165987,93.75
423.997891744,-7.799999999999997,0.3999999999999999,-7.514309022771751,1.0597101053736164,0.7189135953657426,93.75
424.29805647100005,-7.799999999999997,0.3999999999999999,-7.514132227889911,1.0598053551657265,0.7190712689550004,93.75
424.497971273,-7.799999999999997,0.3999999999999999,-7.514282313640884,1.059812531923055,0.7190182011473125,93.75
424.798211107,-7.799999999999997,0.3999999999999999,-7.514728878455182,1.0603403391324733,0.7193253619003201,93.75
424.998301248,-8.0,-0.1,-7.515077559224508,1.0605878819931664,1.2578211341033527,68.75
425.29821698,-8.0,-0.1,-7.515059159746933,1.06034821005027,1.2576070877313852,68.75
425.497937279,-8.0,-0.1,-7.514669833189494,1.0602483805467864,1.257665168229507,68.75
425.798222103,-8.0,-0.1,-7.465100877430225,1.0555317503846946,1.2733305531059214,68.75
425.998246047,-8.0,-0.1,-7.381631459112019,1.051342588646423,1.3068930364765805,68.75
426.29852971,-8.0,-0.1,-7.24044511989813,1.0512189134500287,1.3792130374135938,68.75
426.498365481,-8.0,-0.1,-7.140587059041644,1.0517521154640368,1.4370537702405486,68.75
426.798220203,-8.0,-0.1,-6.980581991297211,1.0527117448388226,1.5388168972158194,68.75
426.997965236,-8.0,-0.1,-6.880372289711694,1.0531994931994468,1.6073068408866105,68.75
427.298102673,-8.0,-0.1,-6.740274280633439,1.053647936951115,1.708160545869493,68.75
427.498402476,-8.0,-0.1,-6.640040016754319,1.0538573708076642,1.7835016086891453,68.75
427.798229207,-7.399999999999999,-0.5,-6.479609416377513,1.055291680457881,1.8072219115876276,68.75
427.997916196,-7.399999999999999,-0.5,-6.379713706319887,1.0560735551561768,1.8607388398504188,68.75
428.2978964720001,-7.399999999999999,-0.5,-6.2396906751488,1.0566889765125378,1.9415453378513456,68.75
428.497917023,-7.399999999999999,-0.5,-6.139881008442743,1.0579750233517755,2.003792915016729,68.75
428.797915314,-6.899999999999999,-0.2999999999999998,-5.994037185275147,1.0609305591451057,1.6349007946903646,75.0
428.99794614,-6.399999999999999,-0.1999999999999997,-5.9473545994445605,1.0640039745408365,1.34260713028757,75.0
429.297919618,-6.399999999999999,-0.1999999999999997,-5.937882044703393,1.065669519227452,1.347394647647438,75.0
429.4979344940001,-6.399999999999999,-0.1999999999999997,-5.9379127534425855,1.065653310774375,1.3473688902840038,75.0
429.798241353,-6.399999999999999,-0.1999999999999997,-5.937963254438355,1.0655724867720695,1.3472756486790796,75.0
429.998251711,-6.399999999999999,-0.1999999999999997,-5.937993839595778,1.0655172528724888,1.3472132754576687,75.0
430.298035228,-6.399999999999999,-0.1999999999999997,-5.938035504920584,1.0654434739924776,1.3471296821702536,75.0
430.498043166,-6.399999999999999,-0.1999999999999997,-5.938064486980634,1.0653973588178605,1.347076424666277,75.0
430.79798899,-5.599999999999994,-0.1999999999999997,-5.938109502791092,1.0653303878706035,1.3097247903076488,75.0
430.998268392,-5.599999999999994,-0.1999999999999997,-5.938136829495471,1.0652910493729346,1.3096938402101899,75.0
431.298258394,-5.599999999999994,-0.1999999999999997,-5.938174081903558,1.0652430894828488,1.3096571250351834,75.0
431.4979275820001,-5.599999999999994,-0.1999999999999997,-5.938199981575812,1.0652133083658502,1.309635041988394,75.0
431.798251712,-5.599999999999994,-0.1999999999999997,-5.9382402110307,1.065169280318524,1.3096028971485163,75.0
431.998261535,-5.599999999999994,-0.1999999999999997,-5.938264613839577,1.065142977852516,1.3095837901354663,75.0
432.298238995,-5.599999999999994,-0.1999999999999997,-5.93829785099522,1.0651079546845106,1.3095585412626702,75.0
432.497937824,-5.599999999999994,-0.1999999999999997,-5.93832094920977,1.0650844445353491,1.3095417963851006,75.0
432.797927469,-5.599999999999994,-0.1999999999999997,-5.938356820967432,1.065049446513176,1.309517254723466,75.0
432.998250132,-5.599999999999994,-0.1999999999999997,-5.938378587154635,1.0650290418373316,1.3095031672113846,75.0
433.297900324,-5.599999999999994,-0.1999999999999997,-5.938408220853267,1.0650013344756637,1.3094840587675312,75.0
433.497928999,-5.599999999999994,-0.1999999999999997,-5.938428798096295,1.064982088963549,1.3094707850041902,75.0
433.7979294480001,-5.599999999999994,-0.1999999999999997,-5.938460782786377,1.0649520645700767,1.3094500475942066,75.0
433.9979267970001,-5.599999999999994,-0.1999999999999997,-5.938480172915196,1.0649336561894571,1.309437276855036,75.0
434.298231516,-5.599999999999994,-0.1999999999999997,-5.938506577609195,1.0649087213938246,1.3094200153284865,75.0
434.498228523,-5.599999999999994,-0.1999999999999997,-5.938524926706642,1.0648914986556797,1.3094081217760762,75.0
434.797902772,-5.599999999999994,-0.1999999999999997,-5.937898935570357,1.0648335983155424,1.3091904835001766,75.0
434.997919268,-5.599999999999994,-0.1999999999999997,-5.937398635387482,1.0650684925088658,1.3092884059289582,75.0
435.298243095,-5.599999999999994,-0.1999999999999997,-5.937833684382141,1.0651577436952928,1.3094868135019073,75.0
435.49832424,-5.099999999999994,-0.3999999999999999,-5.9376545304806845,1.0650870658633285,1.6876448746684956,75.0
435.798257275,-5.099999999999994,-0.3999999999999999,-5.937446992023088,1.0651704684919394,1.6876142824085771,75.0
435.9982515,-5.099999999999994,-0.3999999999999999,-5.937206288792574,1.0649036027956005,1.6872631494456856,75.0
436.297863568,-5.099999999999994,-0.3999999999999999,-5.937896591306789,1.0650544306011591,1.6877367040944602,75.0
436.498115735,-5.099999999999994,-0.3999999999999999,-5.937696278859097,1.0650667677591124,1.6876479756176994,75.0
436.798273791,-5.0,-0.8999999999999999,-5.938433508761885,1.0654474042955815,2.177990116924175,75.0
436.99824518800006,-5.0,-0.8999999999999999,-5.937561829579649,1.0645659453221423,2.1768191330021476,75.0
437.2982329290001,-5.0,-0.8999999999999999,-5.938213420337399,1.0646447260829863,2.1771709445578438,75.0
437.497932756,-5.0,-0.8999999999999999,-5.9387451537461455,1.064532857323108,2.177299201116826,75.0
437.797926592,-5.199999999999996,-0.3999999999999999,-5.93833730985565,1.064087609262027,1.6397239129559227,75.0
437.99793659000005,-5.199999999999996,-0.3999999999999999,-5.937554193803636,1.0639885475564437,1.6392829701347362,75.0
438.297926863,-5.199999999999996,-0.3999999999999999,-5.937600351912128,1.063823867479331,1.6391566716281416,75.0
438.497932535,-5.199999999999996,-0.3999999999999999,-5.937588783972661,1.0637891216507922,1.6391204369738888,75.0
438.79825264,-5.199999999999996,-0.3999999999999999,-5.93755981394213,1.0637295999479577,1.6390542458705153,75.0
438.99821463100005,-5.199999999999996,-0.3999999999999999,-5.936613971473432,1.0703734810743686,1.6445663005232183,75.0
439.2982136810001,-5.199999999999996,-0.3999999999999999,-5.938149271237005,1.1405558231944173,1.7082671310441926,75.0
439.49826386,-5.699999999999996,-0.1,-5.9423447133908205,1.2347806894921936,1.356602539121071,75.0
439.79824054000005,-5.699999999999996,-0.1,-5.950418191851094,1.3961802097912674,1.516991921857534,75.0
439.997945191,-5.699999999999996,-0.1,-5.955558404956854,1.496192068260109,1.6165207134833066,75.0
440.297924848,-5.699999999999996,-0.1,-5.963547698309977,1.6354956237673208,1.7553923918600112,75.0
440.497946149,-5.699999999999996,-0.1,-5.969319993943471,1.7347999836321064,1.854460632926483,75.0
440.798269929,-5.699999999999996,-0.1,-5.976593557798809,1.8940632415651373,2.013154789770789,75.0
440.998062604,-5.5,0.5,-5.97987027794553,1.9942067472977163,1.5693722590021595,93.75
441.29794351,-5.5,0.5,-5.9801686182662825,2.134528363662211,1.7035976266665835,93.75
441.49792457100006,-5.5,0.5,-5.9760137074183,2.234530460924425,1.7986619942403892,93.75
441.798030093,-6.099999999999994,0.8000000000000003,-5.969112627076198,2.394822691089704,1.6001846519716085,93.75
441.99794282500005,-6.099999999999994,0.8000000000000003,-5.964771427551368,2.495245249893689,1.7006302432020926,93.75
442.297890315,-6.099999999999994,0.8000000000000003,-5.958737781724539,2.635513207095497,1.8409409951799376,93.75
442.498253994,-6.099999999999994,0.8000000000000003,-5.956002776500289,2.735373879714101,1.9407233843737843,93.75
442.79824947,-6.299999999999997,1.5,-5.9523766945140695,2.8949983745972525,1.4376586617295286,100.0
442.998252861,-6.299999999999997,1.5,-5.950421038811125,2.995180200643621,1.535502941222383,100.0
443.2979419450001,-6.299999999999997,1.5,-5.948525549659274,3.1349775785451,1.6723295044899231,100.0
443.49821445900005,-6.0,2.1,-5.948551790528843,3.2355780115354373,1.1367428638617292,100.0
443.7981887890001,-6.0,2.1,-5.948897070441909,3.395233323155853,1.296241054288427,100.0
443.998236393,-6.0,2.1,-5.948810883733846,3.4952949089408847,1.3962335795061158,100.0
444.298251878,-5.899999999999999,2.6,-5.951088598208062,3.635693345653937,1.0369526272201204,100.0
444.497948881,-5.899999999999999,2.6,-5.953206692392051,3.735548237033303,1.136794066990475,100.0
444.798042895,-5.899999999999999,2.6,-5.9569973221419525,3.895637426928392,1.2968905261389558,100.0
444.9979123380001,-5.699999999999996,3.3000000000000003,-5.960876597820422,3.995695578018021,0.7429999573110274,100.0
445.298042307,-5.699999999999996,3.3000000000000003,-5.966771630191872,4.135028301473825,0.8766067344810279,100.0
445.497973833,-5.699999999999996,3.3000000000000003,-5.9717230952434575,4.2352557423871,0.9739285108039152,100.0
445.798232186,-5.699999999999996,3.3000000000000003,-5.978907843469528,4.394443164332725,1.1294226069560733,100.0
445.998238933,-5.699999999999996,3.3000000000000003,-5.982899550505446,4.494522263169225,1.2275649037354859,100.0
446.297892929,-5.399999999999999,4.1,-5.988183884599171,4.62698517722507,0.7897301178992169,100.0
446.497957782,-5.399999999999999,4.1,-5.991165220763628,4.682276371431296,0.829772312726635,100.0
446.798004874,-4.699999999999996,4.5,-5.993043778377287,4.699456213237365,1.3083367279868021,100.0
446.998039063,-4.699999999999996,4.5,-5.993171872364049,4.699560604970114,1.3084792419177267,100.0
447.297932418,-4.699999999999996,4.5,-5.993097364064085,4.699504545767371,1.3083970562223615,100.0
447.498029489,-5.199999999999996,4.800000000000001,-5.993048784185313,4.699465462666837,0.7993957513613662,100.0
447.797894552,-5.199999999999996,4.800000000000001,-5.992982274654822,4.699404443889466,0.7993374467807262,100.0
447.998016838,-5.199999999999996,4.800000000000001,-5.992949585064055,4.699367163165521,0.7993097098763527,100.0
448.2980352130001,-5.199999999999996,4.800000000000001,-5.992913831332628,4.699316084512232,0.7992806733285513,100.0
448.49823843700005,-4.5,5.1,-5.992892687419111,4.699280463096222,1.545737598496535,100.0
448.797902815,-4.5,5.1,-5.992861386560589,4.699225099536641,1.5457217215026189,100.0
448.997926934,-4.5,5.1,-5.992843664168696,4.699191476402901,1.5457133234324867,100.0
449.298710795,-4.5,5.1,-5.992819796876061,4.699145682057697,1.5457021479437987,100.0
449.498265729,-4.5,5.1,-5.992803120870505,4.699113884406435,1.5456942891000203,100.0
449.797976686,-5.0,5.1,-5.992777107030494,4.69906447315318,1.0706800086542076,100.0
449.998036485,-5.0,5.1,-5.992761521654046,4.699034507678897,1.0706767789156355,100.0
450.298027807,-5.0,5.1,-5.992740384295693,4.698993700586689,1.0706724628852267,100.0
450.497906864,-5.0,5.1,-5.992726056662537,4.69896533621136,1.0706698021037195,100.0
450.797919135,-5.0,5.1,-5.992704339469362,4.698921273829044,1.0706661712168823,100.0
450.998070274,-5.5,5.1,-5.992691342385334,4.698894556507861,0.6353190817695369,100.0
451.29818299,-5.5,5.1,-5.99267383856426,4.698858152216195,0.6353284923951134,100.0
451.4982560030001,-5.5,5.1,-5.992661819154248,4.69883284868209,0.6353351488379176,100.0
451.797972026,-5.0,5.4,-5.99264318817312,4.698793552360768,1.2153316342617464,100.0
451.997912664,-5.0,5.4,-5.992631868557091,4.69876972781591,1.2153361350270615,100.0
452.298220595,-5.0,5.4,-5.992616372144934,4.698737286083363,1.2153421971526779,100.0
452.497906846,-5.0,5.4,-5.992605535645755,4.6987147639146745,1.2153463423015871,100.0
452.797900724,-5.0,5.4,-5.992588687537532,4.698679757736641,1.2153527820496475,100.0
452.998117967,-5.0,5.4,-5.9925784622626495,4.6986585341034335,1.2153566783186043,100.0
453.298233517,-5.0,5.4,-5.992564499323117,4.698629645307075,1.2153619459891896,100.0
453.498223012,-5.0,5.4,-5.992554799718766,4.698609551739511,1.215365620443416,100.0
453.798256399,-5.0,5.4,-5.992539720502918,4.698578375823438,1.2153712978503717,100.0
453.997948119,-5.0,5.4,-5.992281589801748,4.701328607436376,1.213575077301062,100.0
454.297909053,-4.699999999999996,5.0,-5.992928613940307,4.7555458827658805,1.3158351781960862,100.0
454.497963576,-4.699999999999996,5.0,-5.994950391656664,4.841413847458729,1.304624882726679,100.0
454.798256935,-4.699999999999996,5.0,-6.000652400903459,5.002566868812632,1.3006549337896833,100.0
454.997927379,-5.0,5.4,-6.003631004689061,5.103149699160147,1.0466113388846336,100.0
455.298190051,-5.0,5.4,-6.009051577310763,5.243776169081138,1.0210734405616004,100.0
455.49792664,-5.0,5.4,-6.013069944234618,5.343791100025962,1.0146280857278809,100.0
455.797947774,-5.0,5.4,-6.019239836859536,5.504357345056849,1.0245683483832437,100.0
455.997915803,-5.0,5.4,-6.023483786535069,5.604021625634072,1.0436205656398936,100.0
456.2979081360001,-5.699999999999996,5.300000000000001,-6.028822729409781,5.743998165810536,0.5525022702393366,100.0
456.497924842,-5.699999999999996,5.300000000000001,-6.033728552971376,5.843921127529504,0.6381417867851453,100.0
456.7980352130001,-5.699999999999996,5.300000000000001,-6.040858843410663,6.00361391283969,0.7818294503744633,100.0
456.998272887,-5.699999999999996,5.300000000000001,-6.045227345941776,6.103756321633528,0.8747606215141744,100.0
457.2982391640001,-6.099999999999994,5.9,-6.051578226651528,6.243305234953311,0.3467032628640208,100.0
457.497935045,-6.099999999999994,5.9,-6.05632485210737,6.343584528078935,0.44572946065349317,100.0
457.798230244,-6.099999999999994,5.9,-6.064551429625352,6.503324347541178,0.6043648479830656,100.0
457.998252555,-6.099999999999994,5.9,-6.0697298134058,6.603027956919527,0.7036793249818348,100.0
458.29788879600005,-6.199999999999996,6.4,-6.077390441543146,6.74338643691359,0.36461945762835274,100.0
458.49796381,-6.199999999999996,6.4,-6.082893075679626,6.842935308656325,0.4581546893552991,100.0
458.79790515,-6.199999999999996,6.4,-6.090489715787024,7.002619477977069,0.6124889693584369,100.0
458.9982477150001,-6.199999999999996,6.4,-6.09599221511754,7.102656940044869,0.7103128850790851,100.0
459.297914224,-6.199999999999996,6.4,-6.1041038882264775,7.242421160909173,0.8478617084176155,100.0
459.4983613010001,-6.5,7.0,-6.107659226036432,7.342679251142362,0.5209225970120913,100.0
459.797930382,-6.5,7.0,-6.11257005286049,7.502366308441375,0.6344082847800288,100.0
459.99824486000006,-6.5,7.0,-6.116218416872747,7.6022871499431135,0.7141695278673399,100.0
460.298229599,-6.5,7.0,-6.12138233917836,7.7427893845712035,0.8337190191651609,100.0
460.498117716,-6.5,7.0,-6.125315141513862,7.842335336495712,0.9219097365187772,100.0
460.79790682,-6.599999999999994,7.5,-6.131657917941084,8.002337866336466,0.6867951934767372,100.0
460.99791189,-6.599999999999994,7.5,-6.135436940397923,8.102544067744075,0.7608404497136138,100.0
461.2981006380001,-6.599999999999994,7.5,-6.141871935232584,8.242286106162277,0.8722786178332518,100.0
461.4979311940001,-6.599999999999994,7.5,-6.146565889058518,8.342407172757635,0.9566882134106177,100.0
461.797929914,-6.399999999999999,8.2,-6.153565964864803,8.501873522803852,0.38968879563444325,93.75
461.997900146,-6.399999999999999,8.2,-6.158378967226324,8.601561725442481,0.46864970160980646,93.75
462.297927473,-6.399999999999999,8.2,-6.164640148066883,8.741168273313846,0.5901333408166911,93.75
462.498235436,-6.399999999999999,8.2,-6.168994236162877,8.840926456403983,0.6812858324114329,93.75
462.798312943,-6.399999999999999,8.2,-6.176908954540452,8.97853429259505,0.8098674331708307,93.75
462.997947144,-6.399999999999999,8.2,-6.179421710570964,9.015784696557889,0.8450795541873478,93.75
463.297997124,-6.399999999999999,8.2,-6.1796901185010125,9.020203594136486,0.8492763859430618,93.75
463.498259376,-6.399999999999999,8.2,-6.179638207661482,9.020187096866668,0.8492739212934876,93.75
463.798263108,-6.399999999999999,8.2,-6.179561509197684,9.020160829528464,0.8492684584511674,93.75
463.99824355,-6.399999999999999,8.9,-6.179520200524975,9.020144654615637,0.2510897847568812,87.5
464.2982424590001,-6.399999999999999,8.9,-6.179480477897578,9.020121860606308,0.25111376111993733,87.5
464.497900489,-6.399999999999999,8.9,-6.179461754634455,9.020105611694037,0.2511224315534382,87.5
464.798227491,-6.399999999999999,8.9,-6.179435167788672,9.020080268920347,0.25113366200570103,87.5
464.99795592400005,-6.399999999999999,8.9,-6.179421163603515,9.020064797992626,0.251138564905983,87.5
465.29792090100005,-6.399999999999999,8.9,-6.179404389112192,9.02004362009601,0.25114317484000925,87.5
465.4979348110001,-6.399999999999999,8.9,-6.1793952563961385,9.020028794025295,0.2511441106131926,87.5
465.798251241,-6.399999999999999,8.9,-6.179382556908071,9.020005700739718,0.25114423028700167,87.5
465.9979662120001,-6.399999999999999,8.9,-6.179375016278538,9.019991688409547,0.2511441592581213,87.5
466.298235484,-6.399999999999999,8.9,-6.179364471906844,9.01997261591325,0.251144310757806,87.5
466.498026591,-6.399999999999999,8.9,-6.179356941960662,9.019959375723298,0.25114460154435614,87.5
466.798230104,-6.399999999999999,8.9,-6.179344981546305,9.019938829494642,0.2511452965702214,87.5
466.997976401,-6.399999999999999,8.9,-6.1793377233639095,9.019926366329567,0.2511457219847382,87.5
467.297933202,-6.399999999999999,8.9,-6.179328053380123,9.019909385285452,0.2511461102715706,87.5
467.4982537460001,-6.399999999999999,8.9,-6.179321590399165,9.019897590068558,0.25114615778108407,87.5
467.798223122,-6.399999999999999,8.9,-6.179311721401701,9.019879230081168,0.25114606529972394,87.5
467.997934904,-6.399999999999999,8.9,-6.179305779041919,9.019868100908004,0.2511459750415781,87.5
468.297969467,-6.399999999999999,8.9,-6.179297523176363,9.019852952488604,0.25114600035900025,87.5
468.49796029900006,-6.399999999999999,8.9,-6.1792916289589845,9.019842436827249,0.25114616204965373,87.5
468.79818804,-6.399999999999999,8.9,-6.179570874733091,9.03448973823363,0.25821790982827664,87.5
468.998223754,-6.399999999999999,8.9,-6.182019611064896,9.087879381722326,0.2877744117128239,87.5
469.297955287,-6.399999999999999,8.9,-6.184788864834566,9.14632733276208,0.3270978256804448,87.5
469.498254969,-6.399999999999999,8.9,-6.183753836642058,9.15046821441419,0.33090290055975835,87.5
469.79823871200006,-6.399999999999999,8.9,-6.183901968607207,9.150763989992637,0.3310301162264044,87.5
469.998040771,-6.399999999999999,8.9,-6.184135549658183,9.151088474171594,0.33112366690285533,87.5
470.297948103,-6.399999999999999,8.9,-6.184300661841829,9.151033190084354,0.3309741183322338,87.5
470.4979724100001,-6.399999999999999,8.9,-6.183944654893461,9.14993613299635,0.3303755177465096,87.5
470.797940979,-6.399999999999999,8.9,-6.18391212247374,9.149632143767818,0.33016689418522804,87.5
470.998244131,-6.399999999999999,8.9,-6.183725176288116,9.151071714403152,0.33137864316359267,87.5
471.298044771,-6.399999999999999,8.9,-6.184125972340285,9.151186911995431,0.3312045600166569,87.5
471.4979154020001,-6.399999999999999,8.9,-6.1843215545479,9.150262325007638,0.33037618429732873,87.5
471.797934676,-6.399999999999999,8.9,-6.184447291352646,9.150408965467106,0.3304052363258136,87.5
471.997956135,-6.399999999999999,8.9,-6.184042832926894,9.15108155613091,0.3311788728759123,87.5
472.29814228,-6.399999999999999,8.9,-6.183748787495415,9.15087735866592,0.3312159959918765,87.5
472.497917436,-6.399999999999999,8.9,-6.163146346450754,9.155364328845726,0.3482967034676811,87.5
472.797916563,-6.399999999999999,8.9,-6.0497181278993,9.166006533785492,0.43983731758337835,87.5
472.9982529070001,-6.399999999999999,8.9,-5.94869811180499,9.17230006616668,0.5270870139955616,87.5
473.297950568,-6.399999999999999,8.9,-5.809154736165485,9.180297715957543,0.6539609585951527,87.5
473.497958834,-6.399999999999999,8.9,-5.709756439400903,9.186633363099505,0.7473920375480662,87.5
473.7979831880001,-6.399999999999999,8.9,-5.54978357908856,9.19697194559057,0.9005888622758474,87.5
473.997895796,-5.799999999999997,8.799999999999999,-5.449786495449952,9.201812240036258,0.5330127343808784,87.5
474.29823210100005,-5.799999999999997,8.799999999999999,-5.309863925745513,9.207638388583057,0.6374970016652541,87.5
474.497940893,-5.799999999999997,8.799999999999999,-5.209681203807597,9.2096741769301,0.718546597223451,87.5
474.7982309460001,-5.799999999999997,8.799999999999999,-5.049237309085875,9.207915699571084,0.8544236864841596,87.5
474.99822455,-5.799999999999997,8.799999999999999,-4.949065858092581,9.204841359246709,0.9423297936606028,87.5
475.29828423,-5.799999999999997,8.799999999999999,-4.808953250172362,9.201231493513712,1.0691867805632298,87.5
475.498253765,-4.799999999999997,8.7,-4.714134469167632,9.198565612824956,0.5059056825897965,87.5
475.798242277,-4.799999999999997,8.7,-4.6323224027507495,9.192729321595792,0.5204785883968049,87.5
475.99823609,-4.799999999999997,8.7,-4.626881889843356,9.19114059049103,0.520758062532002,87.5
476.2979604080001,-4.799999999999997,8.7,-4.626923786365403,9.191082906745072,0.5206897320125271,87.5
476.498244122,-4.799999999999997,8.7,-4.626958908191025,9.191037003099789,0.5206347643671748,87.5
476.79823270800006,-4.799999999999997,8.7,-4.627013151764884,9.190983004162348,0.5205658075965064,87.5
476.9982444310001,-4.799999999999997,8.7,-4.627045794138182,9.190965450155083,0.5205384045114014,87.5
477.298352351,-4.199999999999996,8.299999999999999,-4.627090008733028,9.19095568249179,0.9880323394120226,93.75
477.497917135,-4.199999999999996,8.299999999999999,-4.6271206242123,9.19095494258831,0.9880449065452682,93.75
477.797925961,-4.199999999999996,8.299999999999999,-4.627168008907994,9.190962819310329,0.988072493913192,93.75
477.998253979,-4.199999999999996,8.299999999999999,-4.627196621368966,9.190974332948656,0.9880952460579736,93.75
478.29822566,-4.199999999999996,8.299999999999999,-4.627235490681532,9.19099742293893,0.9881328717240957,93.75
478.49804742900005,-4.699999999999996,8.5,-4.627262446145743,9.19101585834942,0.6948335543359189,87.5
478.798415394,-4.699999999999996,8.5,-4.627304255837018,9.191047201122766,0.6948603495660242,87.5
478.997951261,-4.699999999999996,8.5,-4.627329572507327,9.19106773391429,0.694878121607954,87.5
479.298028337,-4.699999999999996,8.5,-4.627364059623381,9.191097191280624,0.6949038117828704,87.5
479.497948046,-4.699999999999996,8.5,-4.62738799338531,9.191118436439524,0.6949224393349401,87.5
479.798238624,-4.699999999999996,8.5,-4.627425152234394,9.191151924645812,0.69495186269972,87.5
479.99824339300005,-4.699999999999996,8.5,-4.627447679591893,9.19117275784613,0.6949702298553702,87.5
480.297904736,-4.699999999999996,8.5,-4.627478347384443,9.191201768137228,0.6949958808324846,87.5
480.49791801,-4.699999999999996,8.5,-4.627499649085211,9.191222170122222,0.6950139490335722,87.5
480.7980318160001,-4.699999999999996,8.5,-4.627532726176368,9.19125383385057,0.695041990521825,87.5
480.99792399,-4.699999999999996,8.5,-4.627552786849571,9.191273103036393,0.6950590634434071,87.5
481.29795545700006,-4.699999999999996,8.5,-4.6275801043833305,9.19129937093467,0.6950823415508408,87.5
481.49823085300005,-4.699999999999996,8.5,-4.627599085460769,9.191317611526223,0.6950985055604986,87.5
481.797934907,-4.699999999999996,8.5,-4.627571886614772,9.191324115840816,0.6951078080065196,87.5
481.998044845,-4.699999999999996,8.5,-4.626210147532382,9.191066464180915,0.6949948202991907,87.5
482.2982233350001,-4.699999999999996,8.5,-4.625995625544276,9.191259691731682,0.6952097588868864,87.5
482.4979538390001,-4.699999999999996,8.5,-4.62536767632525,9.191509070564123,0.6955248222813832,87.5
482.797985446,-4.699999999999996,8.5,-4.625572874288327,9.191499753122384,0.6954935697833726,87.5
482.998240713,-4.699999999999996,8.5,-4.62573007928531,9.191113421320203,0.6950926429274608,87.5
483.29822780600006,-4.699999999999996,8.5,-4.625945616344088,9.190574152461842,0.6945334490051921,87.5
483.498260725,-4.699999999999996,8.5,-4.62510174415044,9.191130391203531,0.695176931704765,87.5
483.79822171600006,-4.699999999999996,8.5,-4.625037630048368,9.191180333129976,0.6952334930183021,87.5
483.997930273,-4.699999999999996,8.5,-4.624926726357256,9.191265904465611,0.695330530821204,87.5
484.29823204200005,-4.699999999999996,8.5,-4.624717692770414,9.190796178373985,0.6948861675396275,87.5
484.498291735,-4.699999999999996,8.5,-4.624764915099431,9.190733074051638,0.6948183198425472,87.5
484.798244984,-4.199999999999996,8.6,-4.624710563873565,9.190915568246758,0.727708919735216,87.5
484.99824087200005,-4.199999999999996,8.6,-4.624666540535228,9.19086763212467,0.7276443013882375,87.5
485.29823066000006,-4.199999999999996,8.6,-4.623266520330737,9.188473358945586,0.7248830536173368,87.5
485.497957534,-4.199999999999996,8.6,-4.618531466448581,9.157091598734809,0.6967923921718067,87.5
485.798229931,-4.699999999999996,8.6,-4.609963710243398,9.023264041245977,0.4327343088836499,87.5
485.998234967,-4.699999999999996,8.6,-4.60565408490105,8.922224480409405,0.3357525390387517,87.5
486.298232995,-4.699999999999996,8.6,-4.59953232989032,8.782038438466135,0.20792245144874408,87.5
486.4982347020001,-4.699999999999996,8.6,-4.594731664530458,8.681546248188772,0.1331586010973081,87.5
486.79822185,-4.699999999999996,8.6,-4.586734482583886,8.521264098035152,0.13794353806451845,87.5
486.997918929,-4.699999999999996,8.6,-4.581188289546342,8.421729635411033,0.21423479043238047,87.5
487.298035076,-4.699999999999996,8.6,-4.574537389878063,8.280976267581456,0.34280753840145706,87.5
487.498353927,-4.699999999999996,8.6,-4.569368771730035,8.18145644207756,0.4384555025058913,87.5
487.79825729,-5.0,8.1,-4.560770562919882,8.021404950755212,0.4462058719509504,93.75
487.997976562,-5.0,8.1,-4.556008973488562,7.921579925433407,0.47849948237279105,93.75
488.29792352900006,-4.899999999999999,7.6,-4.547597061584004,7.782222933593919,0.3967279023862588,93.75
488.4979232010001,-4.899999999999999,7.6,-4.542128135046844,7.682245261680886,0.3672009733020958,93.75
488.797931687,-4.899999999999999,7.6,-4.533068515866446,7.522544215729549,0.37501748301299553,93.75
488.997932243,-4.899999999999999,7.6,-4.527219486411665,7.422583673087827,0.4128460540760788,93.75
489.298031887,-4.899999999999999,7.6,-4.519251964728512,7.282755321640646,0.4955938380472731,93.75
489.498217558,-4.799999999999997,7.0,-4.512778170346449,7.182728600589477,0.3404205059965108,100.0
489.798270402,-4.799999999999997,7.0,-4.5032617193690685,7.023029323424326,0.29763057122745634,100.0
489.998246353,-4.799999999999997,7.0,-4.497454795535647,6.923360196134309,0.3121013621901492,100.0
490.297976126,-4.799999999999997,7.0,-4.488813982345827,6.783959426315644,0.3788274898437636,100.0
490.497963561,-4.799999999999997,7.0,-4.482874878415239,6.683750340114413,0.4478640308373705,100.0
490.797946383,-4.799999999999997,6.4,-4.472075914777446,6.524397786270598,0.3507264103230214,100.0
490.997904558,-4.799999999999997,6.4,-4.4654192936854535,6.424392915609018,0.3354687218949742,100.0
491.298129709,-4.799999999999997,6.4,-4.457113444525336,6.284975213520991,0.3616654412987497,100.0
491.498327651,-4.799999999999997,6.4,-4.451617435717253,6.185339955644943,0.40920574988474395,100.0
491.798026928,-4.699999999999996,5.9,-4.443245678069468,6.02487872019117,0.28551265573804147,100.0
491.998249657,-4.699999999999996,5.9,-4.437935365472408,5.9250548564626255,0.26325960286842476,100.0
492.29823319,-4.699999999999996,5.9,-4.430945988449812,5.785029176354808,0.2925890487029552,100.0
492.498241258,-4.699999999999996,5.9,-4.426008607778628,5.685465826560255,0.34798878514239273,100.0
492.798050453,-4.699999999999996,5.9,-4.417362991218377,5.525566425322621,0.46913130419819693,100.0
492.998023524,-4.699999999999996,5.9,-4.4124565684144095,5.425778415227975,0.5545875372848781,100.0
493.298216869,-4.699999999999996,5.9,-4.4042935745454,5.285773142413354,0.6817014908564459,100.0
493.49802248,-4.699999999999996,5.0,-4.399133256371331,5.185210762439065,0.3533041521762466,100.0
493.797930559,-4.699999999999996,5.0,-4.394698791704577,5.065692967599865,0.3122889587845204,100.0
493.997933793,-4.699999999999996,5.0,-4.394775541659801,5.042241746013707,0.30813363184721004,100.0
494.297907954,-4.699999999999996,5.0,-4.394635372914269,5.041448258440674,0.30816475074701466,100.0
494.497896432,-4.699999999999996,5.0,-4.394679526725658,5.04148899372954,0.3081264805257015,100.0
494.79801590500006,-4.299999999999997,4.6,-4.394748131239017,5.0415522740188585,0.4516033869054925,100.0
494.99802189,-4.299999999999997,4.6,-4.394780859984925,5.041591136286581,0.4516482514815664,100.0
495.297911647,-4.299999999999997,4.6,-4.394812581534668,5.041644756361243,0.4517073349400588,100.0
495.498240823,-4.299999999999997,4.6,-4.394827678235145,5.041682384332713,0.45174729350522885,100.0
495.798247112,-4.299999999999997,4.6,-4.394836665208652,5.04174159962108,0.45180707597788833,100.0
495.998275425,-4.299999999999997,4.6,-4.394835077210583,5.04177789351475,0.45184222807067054,100.0
496.2978990790001,-4.299999999999997,4.6,-4.394826550280893,5.041827675087032,0.4518891115207221,100.0
496.49823978600006,-4.299999999999997,4.6,-4.394817111675646,5.041862441750098,0.4519211237548777,100.0
496.798264393,-4.299999999999997,4.6,-4.394799360381941,5.041916601760557,0.4519703548247654,100.0
496.998044019,-4.299999999999997,4.6,-4.394788186436418,5.041949455470077,0.45200013437852343,100.0
497.298261122,-4.299999999999997,4.6,-4.394772508808958,5.041994258357754,0.4520406539761282,100.0
497.4979680720001,-4.299999999999997,4.6,-4.3947616394941615,5.0420253734927885,0.45206879911254816,100.0
497.7982384440001,-4.299999999999997,4.6,-4.394744587816407,5.042073680447286,0.4521124593115204,100.0
497.997967574,-4.299999999999997,4.6,-4.3947339172352695,5.042103021370775,0.4521389129237916,100.0
498.297992972,-4.299999999999997,4.6,-4.394719244140659,5.042142962843301,0.4521748940425944,100.0
498.497941539,-4.299999999999997,4.6,-4.394708973458112,5.042170716279388,0.45219988057110044,100.0
498.797898368,-4.299999999999997,4.6,-4.394692990258857,5.04221381314171,0.4522386747476336,100.0
498.997913653,-4.299999999999997,4.6,-4.394683223412312,5.042239955810442,0.4522621931036998,100.0
499.297894401,-4.299999999999997,4.6,-4.394669965734216,5.04227555541936,0.4522942287202238,100.0
499.498027973,-4.299999999999997,4.6,-4.394660716183471,5.042300291575537,0.4523164811458605,100.0
499.797908714,-4.299999999999997,4.6,-4.394646216875916,5.042338706865152,0.4523510118923786,100.0
499.9979333600001,-4.299999999999997,4.6,-4.394343223381468,5.040935448036277,0.4509154168277666,100.0
500.297918577,-4.299999999999997,4.6,-4.390166049083331,4.989702385356535,0.39999733194094195,100.0
500.497909073,-4.699999999999996,4.4,-4.385546395089712,4.904958957468456,0.5948652102524594,100.0
500.798029489,-4.699999999999996,4.4,-4.376825557877977,4.744449454163302,0.47232102061444875,100.0
500.99824677900006,-4.699999999999996,4.4,-4.370616183612715,4.645265292671051,0.410668677021837,100.0
501.298230557,-4.699999999999996,4.4,-4.362701102811705,4.505185252736699,0.35331923728792364,100.0
501.49824325,-4.699999999999996,4.4,-4.355746603740624,4.4051326566398,0.3442916568845292,100.0
501.79828187900006,-4.699999999999996,4.4,-4.3446651917981,4.245615694535312,0.3874239792445638,100.0
501.998288621,-4.699999999999996,4.4,-4.338032137012217,4.145852648712344,0.44228001311665777,100.0
502.2979218850001,-4.399999999999999,3.9,-4.327858036864327,4.006026211990391,0.1282420386382717,100.0
502.49794466,-4.399999999999999,3.9,-4.321250009544133,3.905991978898877,0.0789776221971994,100.0
502.7982222380001,-4.399999999999999,3.9,-4.309850679748847,3.746757363457032,0.1777925915115271,100.0
502.997915513,-4.399999999999999,3.9,-4.302856651546595,3.64697516926092,0.2710320924157868,100.0
503.29826044900005,-4.099999999999994,3.2,-4.2921258100076525,3.5078036658122813,0.36284352489548055,100.0
503.49823930200006,-4.099999999999994,3.2,-4.284285444353928,3.408029500960347,0.27791617130087604,100.0
503.798244692,-4.099999999999994,3.2,-4.272075801331724,3.248191796371362,0.17869675610221805,100.0
503.997962839,-4.099999999999994,3.2,-4.263997597596985,3.148553484202664,0.17187773562992406,100.0
504.2982332520001,-4.099999999999994,3.2,-4.25277885302868,3.0088609183709805,0.244694761813051,100.0
504.498251856,-4.099999999999994,3.2,-4.245008458337761,2.909090048723076,0.32504776993764795,100.0
504.797904623,-4.099999999999994,3.2,-4.232239835178279,2.749357598608603,0.46964449101398514,100.0
504.997906878,-4.0,2.6,-4.224830889118962,2.649575520748026,0.23023175488941805,100.0
505.298215795,-4.0,2.6,-4.214057605629327,2.5092790814747463,0.23248858807654638,100.0
505.497915808,-4.0,2.6,-4.205979996689389,2.40912390050824,0.28082279892015344,100.0
505.798236404,-4.0,2.6,-4.193956329219122,2.2496242718330484,0.40047747568705805,100.0
505.99822567100006,-4.0,2.6,-4.185874340745804,2.14997209634885,0.48690284925469096,100.0
506.2982486,-4.0,2.6,-4.175516723026066,2.009980038632212,0.6155726398031791,100.0
506.4979172510001,-4.0,2.6,-4.16773642921321,1.9104857009066087,0.7096234764573739,100.0
506.79824344,-3.799999999999997,1.8000000000000005,-4.155424929405393,1.750268563207468,0.35888730299117577,100.0
506.99824667,-3.799999999999997,1.8000000000000005,-4.147560651040091,1.650900026787926,0.37819202551515413,100.0
507.49793626700006,-3.299999999999997,1.4,-4.128297104874734,1.412050665133095,0.8283847611309737,93.75
507.797926598,-3.299999999999997,1.4,-4.1158800382395855,1.2578404946271888,0.8281724227271,93.75
507.997915747,-3.299999999999997,1.4,-4.110850697487658,1.1956564688395406,0.8362028057495093,93.75
508.298233586,-3.799999999999997,1.1,-4.109884153673289,1.17430553209133,0.31866832411959023,93.75
508.498328428,-3.799999999999997,1.1,-4.1099039642015125,1.1742900137033565,0.3186839706729207,93.75
508.797903124,-3.799999999999997,1.1,-4.109930581832244,1.1743210192120708,0.318717083714689,93.75
508.998040083,-3.799999999999997,1.1,-4.109940433974308,1.1743403318960917,0.3187311681630856,93.75
509.29791290800006,-3.799999999999997,1.1,-4.109949675345195,1.1743669501571143,0.3187463639357544,93.75
509.49791580400006,-4.099999999999994,0.7000000000000002,-4.109953001248758,1.1743857142552363,0.4744901138309506,93.75
509.797902845,-4.099999999999994,0.7000000000000002,-4.109953883033215,1.1744151688380136,0.47451958042955383,93.75
509.9982538960001,-4.099999999999994,0.7000000000000002,-4.10995144452459,1.1744332727392437,0.47453762920362336,93.75
510.29823784700005,-4.099999999999994,0.7000000000000002,-4.109944755321283,1.1744581759267192,0.474562386691265,93.75
510.498228656,-4.099999999999994,0.7000000000000002,-4.109938826242259,1.174475609765283,0.47457969249559234,93.75
510.798237156,-4.099999999999994,0.7000000000000002,-4.109929524502516,1.1745026613952791,0.4746065434947657,93.75
510.997933764,-4.099999999999994,0.7000000000000002,-4.109923173996541,1.1745191257861225,0.4746228714663796,93.75
511.2982322950001,-4.099999999999994,0.7000000000000002,-4.109914975481059,1.1745415103145198,0.47464507977053283,93.75
511.49796234,-4.099999999999994,0.7000000000000002,-4.109909365100608,1.1745570559080474,0.47466050481245087,93.75
511.798221414,-4.099999999999994,0.7000000000000002,-4.109901105321296,1.174581156179048,0.47468442747453315,93.75
511.998299309,-4.099999999999994,0.7000000000000002,-4.109896159386492,1.174595768675898,0.47469893365760724,93.75
512.2979649480001,-4.099999999999994,0.7000000000000002,-4.109889731710521,1.1746156443798847,0.4747186710920893,93.75
512.4980167240001,-4.099999999999994,0.7000000000000002,-4.109885280368553,1.1746294518950302,0.4747323829002416,93.75
512.797897506,-4.099999999999994,0.7000000000000002,-4.1098784040186125,1.1746508894513898,0.47475367267979124,93.75
512.997916938,-4.099999999999994,0.7000000000000002,-4.109874357080729,1.1746638668567866,0.4747665630888457,93.75
513.298035589,-4.099999999999994,0.7000000000000002,-4.1098688247831205,1.1746815765961616,0.4747841539714836,93.75
513.497934815,-4.099999999999994,0.7000000000000002,-4.109865095578708,1.1746938618346456,0.4747963590575086,93.75
513.798262399,-4.099999999999994,0.7000000000000002,-4.10961738141922,1.1742576718048088,0.4743551763089346,93.75
513.998235604,-4.0,0.2000000000000001,-4.1087985864018925,1.1726176165951685,0.9786838920276129,75.0
514.2980202690001,-4.0,0.2000000000000001,-4.108836370937166,1.1725791066804645,0.9786498221479134,75.0
514.49824862,-4.0,0.2000000000000001,-4.108837070397436,1.1724748644578415,0.9785463044204876,75.0
514.7982453430001,-4.0,0.2000000000000001,-4.109105867590415,1.1726812374150095,0.9787813238726264,75.0
514.9982246850001,-3.299999999999997,0.2000000000000001,-4.108604469940151,1.1734252601047428,1.2654635221203272,68.75
515.2980241370001,-3.299999999999997,0.2000000000000001,-4.108524814889949,1.173864914807029,1.2657508635529084,68.75
515.498241798,-4.0,0.3000000000000002,-4.1086227958841,1.1732464334089965,0.8799762753888376,93.75
515.79797763,-4.0,0.3000000000000002,-4.108493560912878,1.1734252640988367,0.8801377987143142,93.75
515.9982162670001,-4.0,0.3000000000000002,-4.10824833290469,1.173557850108773,0.880239182872079,93.75
516.2981732730001,-4.0,0.3000000000000002,-4.108328777878786,1.173631446360886,0.8803221161525617,93.75
516.498221839,-4.0,0.3000000000000002,-4.108664700572637,1.17357886805733,0.8803113403034556,93.75
516.7979309560001,-4.0,0.3000000000000002,-4.108248441219264,1.17338176539328,0.8800644482922161,93.75
516.9979132980001,-4.0,0.3000000000000002,-4.108478215550669,1.1732182360493413,0.8799304580580104,93.75
517.2982449120001,-4.0,0.3000000000000002,-4.106782323781457,1.1723069626826284,0.878818469205535,93.75
517.4982436720001,-4.0,0.3000000000000002,-4.081132685144765,1.1685233012398866,0.8723045554136639,93.75
517.798227335,-4.0,0.3000000000000002,-3.954821455379468,1.1654266053977929,0.8666050485800184,93.75
517.997894156,-4.0,0.3000000000000002,-3.853398449105817,1.165892736549507,0.8782153755963131,93.75
518.298166538,-4.0,0.3000000000000002,-3.713404783806801,1.1662944171653815,0.9124707311233244,93.75
518.49789908,-4.0,0.3000000000000002,-3.613265202071304,1.1668066621954956,0.9491667891131911,93.75
518.797913979,-4.0,0.3000000000000002,-3.45335502097363,1.1678386549685036,1.0256532865214645,93.75
518.997909819,-3.699999999999996,-0.3999999999999999,-3.3533872926362496,1.1688941376976192,1.6067262318789663,75.0
519.2980111100001,-3.699999999999996,-0.3999999999999999,-3.2129599285309287,1.1701834426847435,1.6439842076181594,75.0
519.498248695,-3.699999999999996,-0.3999999999999999,-3.112881045093527,1.171302987133354,1.6774092358708015,75.0
519.798230189,-3.699999999999996,-0.3999999999999999,-2.952254030797284,1.172928703626244,1.741616703281821,75.0
519.9982693310001,-3.699999999999996,-0.3999999999999999,-2.852578050216129,1.1750353637086144,1.7885358139853444,75.0
520.298254328,-3.699999999999996,-0.3999999999999999,-2.711940300363421,1.1766922880737327,1.8607043132419245,75.0
520.497956957,-3.699999999999996,-0.3999999999999999,-2.620914470535105,1.1799488504070772,1.9132861651627466,75.0
520.797909043,-3.699999999999996,-0.3999999999999999,-2.553551495398603,1.185292735663111,1.9563990470885535,75.0
520.9982465620001,-3.199999999999996,0.0,-2.5512648323043816,1.1858458404535313,1.3516980709929267,68.75
521.298230012,-3.199999999999996,0.0,-2.551305719409533,1.1857994855094045,1.3516377804371802,68.75
521.498252608,-3.199999999999996,0.0,-2.5513347328778773,1.1857541926528112,1.3515841202693712,68.75
521.797939506,-3.199999999999996,0.0,-2.551379932789529,1.1856914922500486,1.3515074200248616,68.75
521.997921977,-3.199999999999996,0.0,-2.5514073500812784,1.185654290175131,1.3514616240719817,68.75
522.298254229,-3.199999999999996,0.0,-2.5514447239819726,1.1856059325533843,1.3514012628958858,68.75
522.4978855420001,-3.199999999999996,0.0,-2.551470716838078,1.1855745780324682,1.3513612807814854,68.75
522.798266601,-3.199999999999996,0.0,-2.551511109841704,1.1855280128000447,1.3513010433624169,68.75
522.998033289,-3.0999999999999943,0.5,-2.5515356255371286,1.185500108693174,0.8779086336705523,93.75
523.2982553410001,-3.0999999999999943,0.5,-2.551569012042948,1.1854631906306492,0.8778589489554067,93.75
523.4982478430001,-3.0999999999999943,0.5,-2.5515922271560747,1.1854386741588745,0.877825302294428,93.75
523.798227791,-3.0999999999999943,0.5,-2.551628264184693,1.1853999412725733,0.877772544647834,93.75
523.998250742,-2.5999999999999943,0.6000000000000001,-2.551650132719465,1.1853772706747498,0.5873706314488868,87.5
524.298250738,-2.5999999999999943,0.6000000000000001,-2.551679927083288,1.1853474950647531,0.5873385049741392,87.5
524.497950555,-2.5999999999999943,0.6000000000000001,-2.551700621165956,1.1853270931286644,0.5873164700110205,87.5
524.798686655,-2.5999999999999943,0.6000000000000001,-2.551732786409096,1.1852956118776004,0.5872824509475861,87.5
524.998246297,-2.5999999999999943,0.6000000000000001,-2.551752286891499,1.1852764380121192,0.5872617395270644,87.5
525.297930282,-2.5999999999999943,0.6000000000000001,-2.5517788374573325,1.18525006472585,0.5872332745839401,87.5
525.4982745570001,-2.5999999999999943,0.6000000000000001,-2.551797287905968,1.185231965091324,0.58721372124455,87.5
525.797971335,-2.5999999999999943,0.6000000000000001,-2.550864226892916,1.1852420023682024,0.5873010518760998,87.5
525.998191423,-2.5999999999999943,0.6000000000000001,-2.5495858544327987,1.184615019675253,0.5867847197253577,87.5
526.297926907,-2.5999999999999943,0.6000000000000001,-2.5500754506332752,1.185148055285573,0.5872739626732637,87.5
526.4980432890001,-2.5999999999999943,0.6000000000000001,-2.550346914687708,1.1850300716434448,0.587133386555528,87.5
526.798210044,-2.5999999999999943,0.6000000000000001,-2.550978515886717,1.1843693241681863,0.5864218728300054,87.5
526.997903723,-2.5999999999999943,0.6000000000000001,-2.550300138981046,1.1841723815293317,0.5862827368488295,87.5
527.2979035980001,-2.5999999999999943,0.6000000000000001,-2.551375961066812,1.1849897975893622,0.58700712129055,87.5
527.497955947,-2.5999999999999943,0.6000000000000001,-2.5520807185191905,1.1844830119619003,0.5864440713398775,87.5
527.797902463,-2.5999999999999943,0.6000000000000001,-2.5524375152252405,1.1837528839022995,0.5856873051571121,87.5
527.997954058,-2.5999999999999943,0.6000000000000001,-2.5510288880714675,1.1843243211168746,0.5863728183094886,87.5
528.297917438,-2.5999999999999943,0.6000000000000001,-2.5502962027419573,1.184159523859409,0.5862702591616935,87.5
528.498120512,-2.5999999999999943,0.6000000000000001,-2.551304007171853,1.184218571073782,0.5862445210874129,87.5
528.7980443910001,-2.5999999999999943,0.6000000000000001,-2.5508887547390806,1.1840291755783297,0.5860904301707894,87.5
528.9982062500001,-2.5999999999999943,0.6000000000000001,-2.550111767360334,1.183729670582606,0.5858576312333794,87.5
529.298253153,-2.5999999999999943,0.6000000000000001,-2.549849743521332,1.184211518707642,0.5863600828975017,87.5
529.497893416,-2.5999999999999943,0.6000000000000001,-2.550080220806396,1.209420176598696,0.6114613119407665,87.5
529.798228559,-2.5999999999999943,0.6000000000000001,-2.562014574094472,1.331057807768537,0.7320439951810022,87.5
529.997941599,-2.5999999999999943,0.6000000000000001,-2.5732155203298257,1.4323578157026775,0.8327886536886379,87.5
530.297909139,-2.5999999999999943,0.6000000000000001,-2.586324526926836,1.5715916562299566,0.971687894861022,87.5
530.4982940230001,-2.5999999999999943,0.6000000000000001,-2.595756018370821,1.671576070460627,1.0715844745814056,87.5
530.797922412,-2.5999999999999943,0.6000000000000001,-2.610045742722495,1.830733593215464,1.2307745912293988,87.5
530.998033318,-2.5999999999999943,0.6000000000000001,-2.6177080387035403,1.930472219104892,1.3305900572470175,87.5
531.298272398,-2.5999999999999943,0.6000000000000001,-2.630001372753048,2.0702374222279585,1.4705434913958102,87.5
531.4979196300001,-2.5999999999999943,0.6000000000000001,-2.6383060151924203,2.1698907810711643,1.5703580532133912,87.5
531.7979553910001,-2.5999999999999943,0.6000000000000001,-2.6519054105700888,2.329640306425425,1.7304189554145226,87.5
531.998045173,-2.5999999999999943,0.6000000000000001,-2.6578247444768826,2.429694803578248,1.8306083074527604,87.5
532.29823533,-2.799999999999997,1.2000000000000002,-2.665969507491344,2.569707724236283,1.3762497675766014,87.5
532.497979394,-2.799999999999997,1.2000000000000002,-2.671811696005483,2.669236282400376,1.4748177835931688,87.5
532.7982659610001,-2.799999999999997,1.2000000000000002,-2.6801182455285573,2.8284459822643444,1.6328527037697047,87.5
532.998000948,-2.799999999999997,1.2000000000000002,-2.6863972805820646,2.92825055738867,1.7319802443946632,87.5
533.29825856,-2.299999999999997,1.8000000000000005,-2.6957140719374024,3.0676644257608308,1.3279919890830734,93.75
533.498278396,-2.299999999999997,1.8000000000000005,-2.702096927683669,3.1675570077883086,1.4254452317797266,93.75
533.798283562,-2.299999999999997,1.8000000000000005,-2.7138706107609134,3.327025872443865,1.5821178519833974,93.75
533.998297219,-2.299999999999997,1.8000000000000005,-2.7213940324501977,3.426622392224025,1.6803194153104488,93.75
534.297981754,-2.199999999999996,2.3000000000000003,-2.732817384292584,3.5661322091645618,1.3736757754609812,93.75
534.497955414,-2.199999999999996,2.3000000000000003,-2.7411478169114,3.665721001296285,1.4690251233827503,93.75
534.798264001,-2.199999999999996,2.3000000000000003,-2.7540195643702954,3.825179577115391,1.6226861742662806,93.75
534.9981716980001,-2.3999999999999986,2.9,-2.7595431137266435,3.92544148534248,1.0866469023972982,93.75
535.298272462,-2.3999999999999986,2.9,-2.764144186121069,4.064866823877042,1.220457170758222,93.75
535.498296912,-2.3999999999999986,2.9,-2.765813060727752,4.165557908629911,1.3173670769738859,93.75
535.798281149,-2.3999999999999986,2.9,-2.767564346326958,4.3257255687478295,1.4723440311530749,93.75
535.9983443350001,-2.5999999999999943,3.5000000000000004,-2.768256854127211,4.425592570041298,0.9407613803066329,93.75
536.297947235,-2.5999999999999943,3.5000000000000004,-2.7699435067149265,4.565763998890888,1.0792282876233663,93.75
536.4980236480001,-2.5999999999999943,3.5000000000000004,-2.77153543022801,4.661282379725929,1.1738829453081878,93.75
536.798089883,-2.5999999999999943,3.5000000000000004,-2.773839154748036,4.743483765184632,1.2555763322081468,93.75
536.9980058240001,-2.5999999999999943,3.5000000000000004,-2.774459500052018,4.74929788374468,1.26142035796452,93.75
537.2982689920001,-2.5999999999999943,4.1,-2.774219379485124,4.749253884094975,0.6722224320867282,93.75
537.498018233,-2.5999999999999943,4.1,-2.7740754284510025,4.749211327231326,0.6721440338170553,93.75
537.798230278,-2.5999999999999943,4.1,-2.7739006617353894,4.749144655988519,0.6720343923866258,93.75
537.998253838,-2.5999999999999943,4.1,-2.773818626508928,4.749103924844784,0.6719738240217065,93.75
538.298266526,-2.5999999999999943,4.1,-2.773727595610884,4.749048206606009,0.6718964592667666,93.75
538.498260295,-2.5999999999999943,4.1,-2.773676581632732,4.749009347811044,0.6718457327048748,93.75
538.798257369,-2.5999999999999943,4.1,-2.773614212362179,4.748948822116091,0.6717711429199712,93.75
538.998242365,-2.5999999999999943,4.1,-2.773585256194265,4.748911974666291,0.6717280640507263,93.75
539.298247907,-2.5999999999999943,4.1,-2.77355087670814,4.748861761957873,0.6716706729768998,93.75
539.4982715030001,-2.5999999999999943,4.1,-2.77353012844408,4.748826835502714,0.6716315715824321,93.75
539.798279587,-2.5999999999999943,4.1,-2.773503355130471,4.748772539329469,0.671572201650381,93.75
539.9982608590001,-2.5999999999999943,4.1,-2.773488185381759,4.748739612936797,0.6715364739613501,93.75
540.298262014,-2.5999999999999943,4.1,-2.7734679449262503,4.748694744077741,0.6714878993034984,93.75
540.498247398,-2.5999999999999943,4.1,-2.773453965177686,4.748663556382527,0.6714541588334176,93.75
540.7982743350001,-2.5999999999999943,4.1,-2.773432653120649,4.748615149706806,0.6714018897781359,93.75
540.998281045,-2.5999999999999943,4.1,-2.7734201647665846,4.748585785206627,0.6713702959766457,93.75
541.2982714030001,-2.5999999999999943,4.1,-2.773403133140297,4.748545808144235,0.67132727625528,93.75
541.4982897350001,-2.5999999999999943,4.1,-2.773391431535265,4.748518010656075,0.67129739957426,93.75
541.798248441,-2.5999999999999943,4.1,-2.773373593523885,4.748474865323183,0.6712511109021033,93.75
541.998303051,-2.5999999999999943,4.1,-2.773362798148676,4.748448697364362,0.6712230425838184,93.75
542.298257186,-2.5999999999999943,4.1,-2.772436558865642,4.768985920092966,0.6908520305507243,93.75
542.4980997360001,-2.5999999999999943,4.1,-2.7723099181527493,4.829854204259496,0.7499185738258997,93.75
542.798002898,-2.5999999999999943,4.1,-2.772485896647878,4.9850150035146505,0.9016667571716626,93.75
542.998232247,-2.5999999999999943,4.1,-2.773323739030146,5.085485016475114,1.000610731607626,93.75
543.2980037440001,-2.5999999999999943,4.1,-2.772912571970351,5.22560678493486,1.1388105162127706,93.75
543.4982371990001,-2.5,4.9,-2.7719849453160266,5.325409669041739,0.5049249419396545,100.0
543.797941485,-2.5,4.9,-2.771417915597708,5.484965601831542,0.6448662188652325,100.0
543.997990857,-2.5,4.9,-2.7708110770524708,5.5849644459756,0.7365561293648837,100.0
544.298018779,-3.0999999999999943,5.4,-2.77010115128632,5.725370375267292,0.46335637632840004,100.0
544.497957206,-3.0999999999999943,5.4,-2.770146946182138,5.825472415718782,0.538358443465449,100.0
544.7979704960001,-3.0999999999999943,5.4,-2.7694868705489446,5.985604798289088,0.6724372896551238,100.0
544.9982668260001,-3.0999999999999943,5.4,-2.769621831018067,6.085516277449727,0.7609745732863759,100.0
545.29797188,-3.0999999999999943,5.4,-2.770116086065732,6.225709886577618,0.8891682706128292,100.0
545.498016312,-3.0999999999999943,5.4,-2.7708451187044023,6.325818087505096,0.9825894702429439,100.0
545.7979587780001,-3.0999999999999943,5.4,-2.7724264624013903,6.48664295580531,1.1349437589308842,100.0
545.998033304,-3.0999999999999943,5.9,-2.7730521626733715,6.587002029252759,0.7608328834441664,93.75
546.298081008,-3.0999999999999943,5.9,-2.77549604006028,6.7268404921465095,0.8882387176146046,93.75
546.4982583540001,-3.0999999999999943,5.9,-2.7765200968362045,6.82710580169798,0.9819187416955178,93.75
546.798256281,-3.0999999999999943,5.9,-2.7785169255327418,6.986942108554173,1.1334877654907032,93.75
546.99827843,-2.699999999999996,6.4,-2.780024620838734,7.086489373297374,0.6911379020069759,93.75
547.2983072740001,-2.699999999999996,6.4,-2.7825697422933104,7.226078186862896,0.8301945152511389,93.75
547.498258866,-2.699999999999996,6.4,-2.785563684206416,7.325916785066782,0.9298618375454388,93.75
547.7982625970001,-2.699999999999996,6.4,-2.7893149193920688,7.485938041553443,1.08960478381794,93.75
547.998253221,-2.699999999999996,6.4,-2.7917608759618977,7.58642136317484,1.1899645832355434,93.75
548.298247555,-3.199999999999996,6.9,-2.795832586142837,7.726470007999088,0.9200021589898556,93.75
548.4982837900001,-3.199999999999996,6.9,-2.798173828298655,7.82622616686949,1.009633193025023,93.75
548.798261808,-2.799999999999997,7.199999999999999,-2.802196751909132,7.986324843479552,0.7863279120011529,93.75
548.99804224,-2.799999999999997,7.199999999999999,-2.804643268926186,8.086276346593554,0.8862885097289365,93.75
549.298413793,-2.799999999999997,7.199999999999999,-2.809802869585929,8.22664260224138,1.0266894023944502,93.75
549.498264734,-2.799999999999997,7.199999999999999,-2.813564154497876,8.32696820815892,1.1270498340748607,93.75
549.798241208,-2.799999999999997,7.199999999999999,-2.818842821306199,8.487551796515728,1.2876896678259315,93.75
549.997936172,-3.0,8.0,-2.823241186258157,8.587689117014428,0.6136955079619055,93.75
550.2982368500001,-3.0,8.0,-2.82843165453222,8.728282278218284,0.7482183998896081,93.75
550.498350659,-3.0,8.0,-2.8324819805969965,8.827730699967018,0.8445119291594378,93.75
550.7980675160001,-3.0,8.0,-2.8400151346264564,8.978346935067417,0.9913414560606251,93.75
550.998291515,-3.0,8.6,-2.8433131010087163,9.031957067664903,0.45949721720720665,81.25
551.298284966,-3.0,8.6,-2.844628094013564,9.047619013067184,0.47381769704085336,81.25
551.498250223,-3.0,8.6,-2.8445743069411,9.047634153912902,0.47384964051074235,81.25
551.798267162,-3.0,8.6,-2.844505791114048,9.04759928991318,0.4738391850911563,81.25
551.9979371420001,-3.0,8.6,-2.844479560420702,9.047577476615343,0.47382718864613127,81.25
552.2980037020001,-3.0,8.6,-2.844453375706981,9.047547386924071,0.4738073615632393,81.25
552.498125917,-3.0,8.6,-2.844438488911217,9.047526342218038,0.47379237088758885,81.25
552.798337507,-3.0,8.6,-2.8444166875178865,9.04749360673284,0.47376860933336684,81.25
552.998011343,-3.0,8.6,-2.844403957669921,9.047473737745037,0.47375402305447284,81.25
553.298248237,-3.0,8.6,-2.8443871957515707,9.047446648583067,0.473733942392013,81.25
553.498257586,-3.0,8.6,-2.844375674199485,9.047427823320502,0.4737199466585588,81.25
553.7982748530001,-3.0,8.6,-2.8443588640608173,9.047398546529235,0.47369781784689696,81.25
553.998268398,-3.0,8.6,-2.844348823163595,9.047380783230004,0.47368434009797056,81.25
554.298203918,-3.0,8.6,-2.8443353380774843,9.047356588896507,0.47366592087733106,81.25
554.4980201760001,-3.0,8.6,-2.844326680671986,9.04733974788754,0.47365286063813605,81.25
554.798256489,-3.0,8.6,-2.8443135653712286,9.047313580571734,0.47363245802132686,81.25
554.9982482710001,-3.0,8.6,-2.844305769727589,9.047297705445992,0.4736200276987535,81.25
555.29800788,-3.0,8.6,-2.8442950449627245,9.047276105730615,0.47360315431878725,81.25
555.497951033,-3.0,8.6,-2.8442875549084787,9.047261077062492,0.4735914237098059,81.25
555.7981020870001,-3.0,8.6,-2.844276020353539,9.047237772927051,0.4735732080361814,81.25
555.9982723530001,-3.0,8.6,-2.8442689068778435,9.047223619801656,0.47356218121120935,81.25
556.298152626,-3.0,8.6,-2.844259280765078,9.0472043732767,0.47354717094035775,81.25
556.498001166,-3.0,8.6,-2.8442526023317987,9.04719098176753,0.47353672091467686,81.25
556.7979985950001,-2.5,8.4,-2.8439670124279144,9.047645489315473,0.7333198384533605,81.25
556.9982370270001,-2.5,8.4,-2.8446232701767067,9.048288523803928,0.7341956200108815,81.25
557.298127966,-2.5,8.4,-2.8443841811421904,9.048366898226806,0.7341526400805397,81.25
557.498052895,-2.5,8.4,-2.844005408964524,9.048364717317067,0.7339731112639548,81.25
557.798042567,-2.5,8.4,-2.844168025721929,9.04783540450638,0.7335818572329023,81.25
557.998238053,-2.5,8.4,-2.8441602103408195,9.047703610735567,0.7334618038737449,81.25
558.298248238,-2.5,8.4,-2.844099337116605,9.04781134015398,0.7335283813433418,81.25
558.4982217950001,-2.5,8.4,-2.844123026721937,9.04782362038172,0.7335503395437465,81.25
558.7982507720001,-2.5,8.4,-2.8445491561034606,9.047848609403186,0.7337724045487456,81.25
558.998266005,-2.5,8.4,-2.8439737884033844,9.047948891096308,0.7335909845285115,81.25
559.298111544,-2.5,8.4,-2.8442464828868,9.048298378602682,0.7340275394552975,81.25
559.4979560630001,-2.5,8.4,-2.844686048482604,9.048171593121587,0.7341218469357306,81.25
559.798023538,-2.5,8.4,-2.8440611313418698,9.047685672230331,0.7333994764878846,81.25
559.998241173,-2.5,8.4,-2.8448183462099053,9.047642645754015,0.7337170357039522,81.25
560.2982558990001,-2.5,8.4,-2.8422317864224462,9.048141035832211,0.7329456991943879,81.25
560.497961682,-2.5,8.4,-2.8166802377359605,9.0532462737963,0.7259594115384521,81.25
560.797915523,-2.5,8.4,-2.69005630753928,9.058314726566238,0.6852004664690802,81.25
560.9979969020001,-2.5,8.4,-2.588622042534629,9.060203346356694,0.6661248568876453,81.25
561.298248261,-2.5,8.4,-2.4487815352703204,9.062182939288968,0.6641608059910209,81.25
561.4979134050001,-2.5,8.4,-2.348736269428872,9.063459018304584,0.6804840814860972,81.25
561.798221786,-2.5,8.4,-2.1885649176775583,9.06640710316601,0.7355883615523696,81.25
561.998252471,-2.5,8.4,-2.0887611481925257,9.068256233075774,0.7846552021624225,81.25
562.2979292990001,-2.5,8.4,-1.948023960058891,9.070531244264458,0.8684985309163805,81.25
562.498158987,-2.0,8.5,-1.8487171818354955,9.072374901817296,0.5920299986505364,75.0
562.7979514870001,-2.0,8.5,-1.6882358248241682,9.074385806893916,0.6535410898208637,75.0
562.9980867930001,-2.0,8.5,-1.58777919490479,9.075917138661296,0.7082418674133562,75.0
563.2982175010001,-2.0,8.5,-1.447651888097382,9.077547389146996,0.7991554438486289,75.0
563.498048106,-2.0,8.5,-1.3478296541767834,9.0783227169897,0.8716555081897448,75.0
563.7982516000001,-2.0,8.5,-1.1883985551850074,9.079475401200725,0.9972405155340031,75.0
563.9979753380001,-1.3999999999999986,8.5,-1.0885382920313993,9.080401927126962,0.6586917280059075,75.0
564.298005968,-1.3999999999999986,8.5,-0.948574735073542,9.08069883925422,0.7355242427854569,75.0
564.497969763,-1.3999999999999986,8.5,-0.8485822505763311,9.080461039303175,0.8006226030586353,75.0
564.7982751950001,-1.3999999999999986,8.5,-0.6886823801656443,9.07890635038209,0.9171179415972198,75.0
564.997994695,-1.3999999999999986,8.5,-0.588408631632281,9.078074988393247,0.9964192096777527,75.0
565.2982687240001,-1.3999999999999986,8.5,-0.4489456920806502,9.077649113829652,1.1127366244175363,75.0
565.4982426600001,-1.3999999999999986,8.5,-0.3489710797110616,9.0771321688497,1.1990593528282436,75.0
565.79824062,-1.3999999999999986,8.5,-0.2306013730685036,9.07420541142979,1.3027682077731713,75.0
565.9982586470001,-1.3999999999999986,8.5,-0.2078311351217324,9.071993488230278,1.3222870917327203,75.0
566.2979215940001,-0.8999999999999986,8.4,-0.2066445517212252,9.071520160086813,0.9652362938995181,75.0
566.4982562590001,-0.8999999999999986,8.4,-0.2066780176275049,9.07150111393508,0.9651990039660094,75.0
566.798223042,-0.8999999999999986,8.4,-0.2067299580685359,9.071481919266857,0.9651483403819089,75.0
566.997953023,-0.8999999999999986,8.4,-0.2067614430980908,9.071479422251862,0.9651239875182532,75.0
567.2979792770001,-0.8999999999999986,8.4,-0.2068042542948952,9.071482722914274,0.9650955336317857,75.0
567.4982368550001,-0.8999999999999986,8.4,-0.2068339839115972,9.071487368109151,0.9650774121229967,75.0
567.798249753,-0.8999999999999986,8.4,-0.20688009731761,9.07150409264947,0.965055928917817,75.0
567.9979762620001,-0.8999999999999986,8.4,-0.2069080388340163,9.071519286430108,0.9650464334323551,75.0
568.297991207,-0.8999999999999986,8.4,-0.2069460699034971,9.071543349962573,0.9650358650854177,75.0
568.498258628,-0.8999999999999986,8.4,-0.206972480631017,9.071562333131103,0.9650301082780861,75.0
568.79798267,-0.8999999999999986,8.4,-0.2070134737477523,9.071595057253363,0.9650234434946661,75.0
568.998093257,-0.8999999999999986,8.4,-0.2070383270968597,9.071616160477818,0.9650202832726797,75.0
569.298307507,-0.8999999999999986,8.4,-0.2070721659587927,9.071646071801448,0.9650168024212594,75.0
569.4982340260001,-0.3999999999999986,8.4,-0.2070956808059052,9.071667107445872,0.6988195615381994,75.0
569.7980001860001,-0.3999999999999986,8.4,-0.2071321859186029,9.071699415423629,0.698840538598742,75.0
569.998024452,-0.3999999999999986,8.4,-0.2071543264232296,9.07171894208518,0.6988531970115834,75.0
570.298244616,-0.3999999999999986,8.4,-0.2071844783404809,9.071745655302898,0.6988705536872701,75.0
570.498263089,-0.3999999999999986,8.4,-0.2072054182788204,9.07176426688514,0.6988826661212687,75.0
570.798055263,-0.3999999999999986,8.4,-0.2072379568698487,9.07179297819828,0.6989012883292061,75.0
570.998030425,-0.3999999999999986,8.4,-0.2072576848732571,9.07181036243766,0.6989125575628437,75.0
571.297893215,-0.3999999999999986,8.4,-0.2072845498444048,9.071834288195896,0.6989281476120127,75.0
571.49795422,-0.3999999999999986,8.4,-0.1989411200017358,9.072887037510103,0.7022831611787929,75.0
571.798438127,-0.3999999999999986,8.4,-0.105882504872185,9.074190308152966,0.7355526307122082,75.0
571.998238634,-0.3999999999999986,8.4,-0.0072776058340529,9.074085453003862,0.7801423439545209,75.0
572.2979003620001,-0.3999999999999986,8.4,0.1331930148832508,9.07391242057838,0.8593327305125174,75.0
572.498251459,-0.3999999999999986,8.4,0.2332249446956109,9.073423018834312,0.9243767591629916,75.0
572.798262487,-0.3999999999999986,8.4,0.3933745037186186,9.074114456103242,1.0410924085200752,75.0
572.9983655350001,-0.3999999999999986,8.4,0.4937036965180139,9.074302572531716,1.1195491308972774,75.0
573.2983356240001,-0.3999999999999986,8.4,0.6343295876964478,9.074010204391918,1.234555568457222,75.0
573.497972398,-0.3999999999999986,8.4,0.7344284637281854,9.074253726512818,1.3196764857468326,75.0
573.797916505,-0.3999999999999986,8.4,0.8945468155014366,9.074503370318748,1.4597281439008623,75.0
573.997889803,-0.3999999999999986,8.4,0.9944509639736406,9.073750098746793,1.5486874076095292,75.0
574.298250468,-0.3999999999999986,8.4,1.13442624499122,9.07186631613415,1.6750726097914455,75.0
574.498258493,-0.3999999999999986,8.4,1.2344062578769317,9.06899811853194,1.7660244331227546,75.0
574.798261185,0.3000000000000042,8.4,1.3944761148163949,9.06333385647705,1.2798006762977958,75.0
574.99825422,0.3000000000000042,8.4,1.4948343854347317,9.059597990096536,1.3648072087868575,75.0
575.298284632,0.3000000000000042,8.4,1.6346427444119205,9.055104050016414,1.4867523571729353,75.0
575.4979117500001,0.3000000000000042,8.4,1.734331579559724,9.051730161169452,1.5754552621703481,75.0
575.798100252,0.3000000000000042,8.4,1.8936831670252592,9.04623302217857,1.7197218251257071,75.0
575.998088593,0.9000000000000057,8.299999999999999,1.9936743822509484,9.04277409403593,1.3220578690673417,75.0
576.29827863,0.9000000000000057,8.299999999999999,2.1337458593532808,9.038136953201162,1.4376978149640653,75.0
576.4982764,0.9000000000000057,8.299999999999999,2.233200309483128,9.034519175203483,1.5221502829706075,75.0
576.798259273,0.9000000000000057,8.299999999999999,2.392333112985788,9.023341325081464,1.658397055196507,75.0
576.998103722,1.5,8.5,2.492268073359567,9.01617342726334,1.1184949425104653,68.75
577.2982803770001,1.5,8.5,2.631529216623649,9.006731709795044,1.239812644630122,68.75
577.4979137050001,1.5,8.5,2.731379839445671,8.999465008569645,1.3288196280077755,68.75
577.797897991,1.5,8.5,2.8905960128430817,8.98930518157945,1.4741698788320072,68.75
577.997912015,1.5,8.5,2.9905823270396934,8.983899629861869,1.5671612952927088,68.75
578.297913566,1.5,8.5,3.0988435012960776,8.976452915480342,1.6683248851187285,68.75
578.497910367,1.5,8.5,3.1282487262064924,8.9737625691116,1.695772651709034,68.75
578.798255177,2.0,8.4,3.1309645251736926,8.973088639489541,1.2678767076941388,62.5
578.9982535060001,2.0,8.4,3.13095087598929,8.973161824592568,1.2678976145853509,62.5
579.298263142,2.0,8.4,3.130929780660235,8.973231577854444,1.267910332252917,62.5
579.498372107,2.0,8.4,3.1309142564640893,8.973266511113964,1.2679122793941622,62.5
579.797949354,2.0,8.4,3.1308891821664804,8.973305742130378,1.2679076529072748,62.5
579.9982602680001,2.0,8.4,3.1308736749927086,8.973324870543191,1.2679024710027507,62.5
580.297917554,2.0,8.4,3.1308525034599595,8.973350078680461,1.2678949867021907,62.5
580.4982745460001,2.0,8.4,3.130837762607762,8.973367106779412,1.2678895395405396,62.5
580.79790533,2.0,8.4,3.130814833233049,8.97339296356103,1.2678807821404936,62.5
580.997932591,2.0,8.4,3.130800909160388,8.973408360712751,1.2678753267940994,62.5
581.297902449,2.0,8.4,3.130781934594536,8.973429131738694,1.2678677978133024,62.5
581.4978943890001,2.0,8.4,3.130768697915544,8.973442740778022,1.2678621475289118,62.5
581.798205625,2.0,8.4,3.1307481143554767,8.973463376947503,1.267853123519637,62.5
581.9982525060001,2.0,8.4,3.1307356109676494,8.97347561288127,1.2678475067924893,62.5
582.298257386,2.6000000000000014,8.299999999999999,3.1307185695567816,8.97349205302949,0.8574693846233078,68.75
582.4978959050001,2.6000000000000014,8.299999999999999,3.130706744134085,8.973503675148379,0.8574711940979559,68.75
582.798249151,2.6000000000000014,8.299999999999999,3.1306884065816662,8.973522125873018,0.8574743371790768,68.75
582.998257639,2.6000000000000014,8.299999999999999,3.1306773038097435,8.973533454185148,0.857476363922269,68.75
583.298255766,2.6000000000000014,8.299999999999999,3.1306621763168185,8.973548968969284,0.8574791886529307,68.75
583.498264383,2.6000000000000014,8.299999999999999,3.130651647976136,8.973559665339899,0.8574810751687674,68.75
583.798030206,2.6000000000000014,8.299999999999999,3.1306353168576218,8.973576248088992,0.8574839948863375,68.75
583.998226221,2.6000000000000014,8.299999999999999,3.131873984460418,8.973217674191286,0.8579696802272941,68.75
584.2979591090001,2.6000000000000014,8.299999999999999,3.1318593135219803,8.973341736874586,0.8580579374362526,68.75
584.498265371,2.6000000000000014,8.299999999999999,3.1322231035508192,8.973798695593203,0.8586420174533551,68.75
584.7979340510001,2.6000000000000014,8.299999999999999,3.132743936396671,8.973762931153718,0.8589368947508719,68.75
584.9979016010001,2.6000000000000014,8.299999999999999,3.132895232832357,8.974128839944841,0.8593177654516571,68.75
585.298030323,2.6000000000000014,8.299999999999999,3.132690798918315,8.974243498582542,0.8592809683875575,68.75
585.498277836,2.6000000000000014,8.299999999999999,3.1325230835029005,8.973854093396273,0.858871453507654,68.75
585.798285971,2.6000000000000014,8.299999999999999,3.13234553148466,8.973622966114606,0.858580028517275,68.75
585.998261519,2.6000000000000014,8.299999999999999,3.131920763956203,8.973385279902391,0.8581301966001268,68.75
586.2982350030001,2.6000000000000014,8.299999999999999,3.131542465543238,8.973434482253577,0.8579343766069332,68.75
586.498234485,2.6000000000000014,8.299999999999999,3.13169531621264,8.973340145940748,0.8579550462687232,68.75
586.7979015100001,2.6000000000000014,8.299999999999999,3.1315461602072125,8.973717578438155,0.8581588989969182,68.75
586.997925636,2.6000000000000014,8.299999999999999,3.13205451923006,8.974138394272389,0.8588041604843826,68.75
587.298056448,2.6000000000000014,8.299999999999999,3.134172816684502,8.95598741282731,0.8459669519978442,68.75
587.498319767,2.6000000000000014,8.299999999999999,3.132965338246476,8.897990896733647,0.8010275677830897,68.75
587.79789686,2.6000000000000014,8.299999999999999,3.1273496302545074,8.742404024721363,0.6883450832389417,68.75
587.998259756,2.6000000000000014,8.299999999999999,3.123018200537496,8.64257873155783,0.6252265392713677,68.75
588.297904387,2.6000000000000014,8.299999999999999,3.1165285826075992,8.502651584316736,0.5548598393078179,68.75
588.4983214920001,2.6000000000000014,8.299999999999999,3.112401565968664,8.402456748100555,0.522544495749863,68.75
588.798246618,2.6000000000000014,8.299999999999999,3.106306458881447,8.243163193838358,0.5094866561939821,68.75
588.997928655,2.8000000000000043,7.799999999999999,3.10356646214111,8.14245826588981,0.4576355108742365,75.0
589.298258955,2.8000000000000043,7.799999999999999,3.103267203367342,8.002552914577443,0.364689840607143,75.0
589.497910142,2.8000000000000043,7.799999999999999,3.1041968093143115,7.902541065531743,0.3210145929975621,75.0
589.797907803,2.8000000000000043,7.799999999999999,3.1044458987210573,7.7423377364463315,0.30985842232574906,75.0
589.9978964620001,2.8000000000000043,7.799999999999999,3.1053907489665336,7.64246153842143,0.343630435833149,75.0
590.297936404,2.6000000000000014,7.4,3.10755351079909,7.502097712518556,0.5177204933417279,75.0
590.4983051070001,2.6000000000000014,7.4,3.111447582598651,7.40250323837658,0.5114537085097464,75.0
590.797896237,2.6000000000000014,7.4,3.117017253038843,7.2422494403007,0.5405479433179557,75.0
590.997909745,2.6000000000000014,7.4,3.1205165872486536,7.142632213552473,0.5806683176322637,75.0
591.29835214,2.6000000000000014,7.4,3.1261903032754463,7.002868979645914,0.6592338603170975,75.0
591.498005142,2.700000000000003,6.4,3.130344422578396,6.902919508080392,0.6619096264990814,75.0
591.797960988,2.700000000000003,6.4,3.1367466676363014,6.743628783006885,0.5557233054337422,75.0
591.998050075,2.700000000000003,6.4,3.141025730633766,6.643071807670752,0.503574819431404,75.0
592.297861892,2.700000000000003,6.4,3.1472715906286464,6.502956325705337,0.45896827862742345,75.0
592.4983001500001,2.700000000000003,6.4,3.152039777622982,6.402969072003057,0.45204952819574057,75.0
592.798322308,2.700000000000003,6.4,3.159978017945118,6.242223251786813,0.4862851830659086,75.0
592.998308754,2.700000000000003,6.4,3.16457309680621,6.14258169794332,0.5311236621633929,75.0
593.298289422,3.0,5.699999999999999,3.1715350734753653,6.003113432302354,0.34828441577870384,75.0
593.4979549210001,3.0,5.699999999999999,3.176275816324516,5.902906690248098,0.2687829763365093,75.0
593.798117466,3.0,5.699999999999999,3.1857958314108727,5.743585451474265,0.19083967760891074,75.0
593.9982919,3.0,5.699999999999999,3.1910741844337704,5.643506771216102,0.19925066839401137,75.0
594.2983471470001,2.700000000000003,5.300000000000001,3.1965797892924366,5.503384430211598,0.536615983349559,75.0
594.4982448220001,2.700000000000003,5.300000000000001,3.199764836061958,5.403733001458916,0.5104169148409056,75.0
594.798253562,2.700000000000003,5.300000000000001,3.205605491580672,5.244129996938166,0.5086829762815535,75.0
594.997970652,2.700000000000003,5.300000000000001,3.20788499276202,5.148589588332756,0.5299738471227791,75.0
595.2978967820001,2.700000000000003,5.300000000000001,3.208001570118637,5.071175668885302,0.5571590165770334,75.0
595.498183192,2.6000000000000014,4.5,3.20770899458746,5.06124163432597,0.8272257214348367,75.0
595.797908882,2.6000000000000014,4.5,3.20791707481861,5.061254104767038,0.8273870557205151,75.0
595.998017012,2.6000000000000014,4.5,3.207952888023813,5.061293822393445,0.8274403115110703,75.0
596.298517335,2.6000000000000014,4.5,3.2079698174731943,5.061346704513883,0.8274886232613621,75.0
596.4979203,2.6000000000000014,4.5,3.207977536945727,5.061383320479101,0.827519134487374,75.0
596.7980255780001,2.6000000000000014,4.5,3.207996526853853,5.06144041344463,0.827571818342809,75.0
596.998226806,2.6000000000000014,4.5,3.208010328898225,5.061475125962997,0.8276055081511295,75.0
597.297936027,2.6000000000000014,4.5,3.2080326097844427,5.061522529789639,0.8276540376405075,75.0
597.497910831,2.6000000000000014,4.5,3.2080505542132483,5.061555551083324,0.8276896238515573,75.0
597.7979564780001,2.6000000000000014,4.5,3.2080826017386825,5.061606985509531,0.8277480635497652,75.0
597.998252483,2.6000000000000014,4.5,3.2081028147308563,5.061638209693182,0.8277840973774209,75.0
598.298270569,2.6000000000000014,4.5,3.208130938155239,5.061680751972498,0.8278336216160587,75.0
598.498238913,2.6000000000000014,4.5,3.2081509298755995,5.061710308408207,0.8278683615651692,75.0
598.79823834,2.6000000000000014,4.5,3.208182509821984,5.061756267709276,0.8279227437170824,75.0
598.9982204730001,2.6000000000000014,4.5,3.2082018305704154,5.061784137059157,0.8279558462626522,75.0
599.29824147,2.6000000000000014,4.5,3.208228719049255,5.061822112395162,0.8280013651271704,75.0
599.4979302170001,2.6000000000000014,4.5,3.208247283703925,5.061848490677435,0.8280329006807114,75.0
599.797947653,2.6000000000000014,4.5,3.208276265344002,5.061889454293524,0.8280819849671406,75.0
599.99819374,2.6000000000000014,4.5,3.208293931808471,5.06191430423149,0.8281118238347803,75.0
600.2982345180001,2.6000000000000014,4.5,3.20831810198597,5.061948148120423,0.828152542941084,75.0
600.498018211,2.6000000000000014,4.5,3.2083348707299524,5.061971649613191,0.8281808075022005,75.0
600.798249077,2.6000000000000014,4.5,3.208360667759557,5.062008146598673,0.8282245220470884,75.0
600.9979130400001,2.6000000000000014,4.5,3.208376142295996,5.062030289380759,0.8282509140932938,75.0
601.2982317330001,2.6000000000000014,4.5,3.209083104388748,5.0570265569154245,0.825385251358955,75.0
601.498197288,2.6000000000000014,4.5,3.2114286366268967,5.018139986154891,0.8014449593952253,75.0
601.797927873,2.6000000000000014,4.5,3.2169645724557934,4.882047035139313,0.7256756994169623,75.0
601.9979086110001,2.6000000000000014,4.5,3.2199204162161017,4.7805616078400615,0.6804528920030714,75.0
602.2979106,2.6000000000000014,4.5,3.223464492442976,4.64025612505816,0.6390459717058752,75.0
602.497969861,2.6000000000000014,4.5,3.226859455098945,4.5404267430924365,0.6281616814196853,75.0
602.798219687,2.6000000000000014,4.5,3.2318021796822585,4.380525965303714,0.6429992528905927,75.0
602.998019763,2.6000000000000014,3.8,3.23501392565583,4.280524314398067,0.7963330349197874,75.0
603.297906997,2.6000000000000014,3.8,3.239061287314638,4.140025471658926,0.7238899435142854,75.0
603.498259131,2.6000000000000014,3.8,3.241969617237008,4.039935476976262,0.6853422667304673,75.0
603.798239986,2.6000000000000014,3.8,3.24641681681686,3.8810471460283007,0.6514778130857356,75.0
603.998277056,2.6000000000000014,3.8,3.2490037244877645,3.780872547769458,0.6492855256571026,75.0
604.297927868,2.6000000000000014,3.8,3.253260356035059,3.641133659972668,0.6723002355798559,75.0
604.49820701,2.6000000000000014,3.8,3.256369526383516,3.540953009116761,0.7056389293757681,75.0
604.797990514,3.1000000000000014,3.2,3.261944564585163,3.3813760728637643,0.24315287743754746,75.0
604.998244278,3.1000000000000014,3.2,3.265328468047342,3.281610085688333,0.18437382795000365,75.0
605.298208659,3.1000000000000014,3.2,3.270453371814745,3.141566025244252,0.1801912355492648,75.0
605.4982592920001,3.1000000000000014,3.2,3.2734848150360385,3.04159755486506,0.23492193527386013,75.0
605.798212517,3.1000000000000014,3.2,3.278486237360843,2.881915537476743,0.36473971846501735,75.0
605.998208692,3.1000000000000014,3.2,3.2816903405635256,2.7818567823157188,0.45591131851430683,75.0
606.298229502,3.1000000000000014,3.2,3.285788050541007,2.6420806455652404,0.588040139596547,75.0
606.498228185,3.1000000000000014,2.4,3.289156897837038,2.5421087999864747,0.23659087690130173,75.0
606.797898572,3.1000000000000014,2.4,3.294811046006677,2.381972294951791,0.195643404681886,75.0
606.997941232,3.1000000000000014,2.4,3.297717158351422,2.2815379579045305,0.23048932757069157,75.0
607.297920853,3.1000000000000014,2.4,3.301812945863977,2.141831180014444,0.32768827371608866,75.0
607.497906968,2.8000000000000043,2.0000000000000004,3.305743770337328,2.0422559939120672,0.5075059903651464,75.0
607.7979117870001,2.8000000000000043,2.0000000000000004,3.3101864338506584,1.881697703466087,0.5237228567195114,75.0
607.998211296,2.8000000000000043,2.0000000000000004,3.312129676707348,1.7820128637224093,0.5565924876845478,75.0
608.297906698,3.0,1.4,3.316064572185261,1.6424348106601714,0.39833585227855794,75.0
608.497913281,3.0,1.4,3.3185764227723955,1.5427979475031488,0.34911630004565547,75.0
608.7979121650001,3.0,1.4,3.3229196871934943,1.3825168862008006,0.3233926153227064,75.0
608.997902454,3.0,1.4,3.3260764484097143,1.282633296424417,0.3465556135971423,75.0
609.297892666,3.0,1.4,3.3300215339003296,1.1427981175937496,0.41841011119623417,75.0
609.49790152,2.8000000000000043,0.8999999999999999,3.332481493432087,1.042589308974096,0.5512424619723808,68.75
609.7980304270001,2.8000000000000043,0.8999999999999999,3.337129181774472,0.8823404450386896,0.5374194058602096,68.75
609.99794913,2.8000000000000043,0.8999999999999999,3.3406506693571987,0.7821712747405268,0.5533414450162348,68.75
610.2979025330001,2.8000000000000043,0.8999999999999999,3.344766429889146,0.6419126790651697,0.6028096949796671,68.75
610.497962198,2.9000000000000057,0.3000000000000002,3.347806899748764,0.5420454849133985,0.5090353978158659,68.75
610.797959549,2.9000000000000057,0.3000000000000002,3.3512992647302733,0.41483025365073,0.46567908853584045,68.75
610.998222345,2.9000000000000057,0.3000000000000002,3.351189517450172,0.3879319651457993,0.4596781604028146,68.75
611.29822099,2.9000000000000057,0.3000000000000002,3.351237242158108,0.3864575267352081,0.4594452662065625,68.75
611.4979130060001,2.9000000000000057,0.3000000000000002,3.3512660887959376,0.386476302690101,0.4594771309043877,68.75
611.7979879090001,2.9000000000000057,0.3000000000000002,3.35129507163072,0.3865050060994849,0.45951099851738414,68.75
611.998351692,2.9000000000000057,0.3000000000000002,3.3513072146979908,0.3865222475716398,0.4595261704879291,68.75
612.2979396090001,2.9000000000000057,0.3000000000000002,3.351320949825337,0.3865456151628731,0.45954406018918276,68.75
612.498239206,2.9000000000000057,0.3000000000000002,3.351330123960395,0.386561870011534,0.4595561316466077,68.75
612.798244263,2.9000000000000057,0.3000000000000002,3.3513459241132053,0.3865871324532879,0.4595764079237329,68.75
612.997905947,2.9000000000000057,0.3000000000000002,3.3513564787222987,0.3866024716830502,0.459589663706878,68.75
613.297910728,2.9000000000000057,0.3000000000000002,3.3513691829913097,0.3866233403601193,0.4596060731206479,68.75
613.497995915,3.0,-0.2999999999999998,3.351377429209325,0.3866378116627752,0.7713219704914405,68.75
613.797946148,3.0,-0.2999999999999998,3.351391151807652,0.3866603128838631,0.7713482526449856,68.75
613.9979247880001,3.0,-0.2999999999999998,3.3513985354228044,0.3866739133452852,0.7713637235223212,68.75
614.297923739,3.0,-0.2999999999999998,3.351408851924852,0.3866924827464662,0.7713849538794805,68.75
614.4982204170001,3.0,-0.2999999999999998,3.3514165493333765,0.3867053848241901,0.771399946002018,68.75
614.798220624,3.0,-0.2999999999999998,3.35165581262071,0.3853758936978424,0.7703258571617908,68.75
614.9982281140001,3.0,-0.2999999999999998,3.351443043828824,0.3856947969516998,0.7705125356684998,68.75
615.298250339,3.0,-0.2999999999999998,3.3515979902881106,0.3850379927699099,0.7699988300724003,68.75
615.49818322,3.0,-0.2999999999999998,3.351634961105111,0.3848283514448906,0.7698292127570369,68.75
615.798243997,3.0,-0.2999999999999998,3.35169682776558,0.3844817888407023,0.7695492043494941,68.75
615.997926104,3.0,-0.2999999999999998,3.351662042542107,0.3851232340576389,0.7701039137742937,68.75
616.29796574,3.0,-0.2999999999999998,3.3520822993724373,0.3856377180447844,0.7707535442260656,68.75
616.4979780150001,3.0,-0.2999999999999998,3.351935265538629,0.3849454236146318,0.7700705581051469,68.75
616.798026887,3.0,-0.2999999999999998,3.3518378222525147,0.3844657783568073,0.7695994119728665,68.75
616.997910629,3.0,-0.2999999999999998,3.3517963422643007,0.384683247652418,0.7697738733202129,68.75
617.298024291,3.0,-0.2999999999999998,3.352161756952929,0.3855595373321104,0.7707203009439876,68.75
617.498009084,3.0,-0.2999999999999998,3.352352171309714,0.3852441039993298,0.7705267903794871,68.75
617.798229913,3.0,-0.2999999999999998,3.351925463440414,0.3846671628249382,0.7698185862061921,68.75
617.9979591270001,3.0,-0.2999999999999998,3.351976223504807,0.3845110000540949,0.7697029109388652,68.75
618.298307325,3.0,-0.2999999999999998,3.3154622463452053,0.3798320751482334,0.7494585240488735,68.75
618.498237916,3.0,-0.2999999999999998,3.2409926523786194,0.3765111389127472,0.7181537297636935,68.75
618.7982491270001,3.0,-0.2999999999999998,3.0806967654378408,0.3754486238053969,0.6802520204694245,68.75
618.997915787,3.0,-0.2999999999999998,2.980284150095644,0.3739115649960626,0.674199905200893,68.75
619.2979000400001,3.0,-0.2999999999999998,2.8405185271351234,0.3718670717230484,0.6905358080888013,68.75
619.498016097,3.0,-0.2999999999999998,2.740417088924616,0.3701288051292352,0.7186486646382271,68.75
619.798263782,3.0,-0.2999999999999998,2.580328778321433,0.3671155977058389,0.7881415830976054,68.75
619.9981401560001,3.0,-0.2999999999999998,2.480618359832012,0.3675320212633056,0.845787377273664,68.75
620.2979520250001,2.5,-0.1,2.340510910331212,0.3713634433213044,0.49761457517148283,68.75
620.498221109,2.5,-0.1,2.240320446712763,0.3793696152224792,0.5451868472313017,68.75
620.7981146200001,2.5,-0.1,2.080534790970033,0.3939694760572048,0.6480408203676549,68.75
620.9982385740001,2.5,-0.1,1.9807727356191231,0.4017456594202777,0.7220426987537083,68.75
621.2982330550001,2.5,-0.1,1.8414675193889407,0.4128793384052373,0.834691705830811,68.75
621.4978890040001,2.5,-0.1,1.7413016853939207,0.4179307048865612,0.9186268816284419,68.75
621.7982192200001,2.0,-0.1999999999999997,1.5821106521601296,0.4192647749217995,0.7470745401209834,68.75
621.998191957,2.0,-0.1999999999999997,1.4817016625774766,0.4153588083084861,0.8045493331908191,68.75
622.2979314930001,2.0,-0.1999999999999997,1.3421031221258135,0.408828768143789,0.8963820451325905,68.75
622.497914915,2.0,-0.1999999999999997,1.2423422606337495,0.40436088716133,0.9691735303607949,68.75
622.798217839,1.4000000000000057,-0.1,1.0816476929211762,0.398103358093313,0.591147313929657,68.75
622.997930054,1.4000000000000057,-0.1,0.98183563889533,0.3952060911119024,0.6481438926445356,68.75
623.297929857,1.4000000000000057,-0.1,0.8415819692409139,0.3908572785829994,0.7434860893216297,68.75
623.497961379,1.4000000000000057,-0.1,0.7412260191157876,0.3875033644724131,0.8195380944544083,68.75
623.797905261,0.8000000000000043,0.1,0.5811651678811389,0.3829982459889801,0.35773829957292974,68.75
623.998230495,0.8000000000000043,0.1,0.4824007459016275,0.3797769549054588,0.4232545696150444,68.75
624.297884949,0.8000000000000043,0.1,0.3932568246611087,0.379302752379259,0.49340656478344225,68.75
624.498228349,0.8000000000000043,0.1,0.3774336149188846,0.38055006418818,0.5072185804133332,68.75
624.798237597,0.8000000000000043,0.1,0.3768096745754498,0.3806523502324237,0.5077950307199977,68.75
624.997920008,0.8000000000000043,0.1,0.376854766093971,0.3806295119113412,0.5077448295482576,68.75
625.2982334320001,0.8000000000000043,0.1,0.3769168716226891,0.3805775082771281,0.5076643297185037,68.75
625.498231581,0.8000000000000043,0.1,0.3769601951320167,0.3805362891311778,0.5076054432551298,68.75
625.798226426,0.8000000000000043,0.1,0.3770274664492011,0.3804719269205577,0.5075138086091018,68.75
625.9982388420001,0.3000000000000042,0.0,0.3770682308139753,0.3804338838706484,0.3881616315373037,62.5
626.298248016,0.3000000000000042,0.0,0.3771236299888302,0.3803858437611412,0.38812555241381447,62.5
626.4979714250001,0.3000000000000042,0.0,0.3771620615346412,0.3803543938857303,0.38810236882613375,62.5
626.798133345,0.3000000000000042,0.0,0.3772215756690427,0.3803094194228552,0.3880701305828087,62.5
626.998217755,0.3000000000000042,0.0,0.3772576175061344,0.3802838424234003,0.38805223910065134,62.5
627.2982698410001,0.3000000000000042,0.0,0.3773066621813551,0.3802500033791984,0.38802884568998464,62.5
627.498270649,0.3000000000000042,0.0,0.3773407141603047,0.3802271510626378,0.38801323749588146,62.5
627.798223636,0.3000000000000042,0.0,0.3773935780910779,0.3801918950562352,0.38798923051573286,62.5
627.998208608,0.3000000000000042,0.0,0.3774256385144265,0.3801705963649647,0.38797475670442644,62.5
628.298321126,0.3000000000000042,0.0,0.3774692928076055,0.3801417223231675,0.38795517831179166,62.5
628.498262314,0.3000000000000042,0.0,0.3774996760415706,0.3801216866804215,0.38794161477123884,62.5
628.797959945,0.3000000000000042,0.0,0.377546706310066,0.380090808340999,0.38792075768751155,62.5
628.997948466,0.3000000000000042,0.0,0.37757526282309,0.3800721131396858,0.38790814968048426,62.5
629.2982174780001,0.3000000000000042,0.0,0.3776141402360829,0.380046765761506,0.38789109158417995,62.5
629.4979470650001,0.3000000000000042,0.0,0.3776411517537612,0.3800293456658958,0.3878794297367403,62.5
629.798212057,0.3000000000000042,0.0,0.377683086414127,0.3800023465438685,0.38786137380985797,62.5
629.998216445,0.3000000000000042,0.0,0.3777085223304354,0.379985890270743,0.38785034645804844,62.5
