timestamp_norm (s),x_uwb,y_uwb,x_odom,y_odom,rmse_xy,voxel_value
0.6160522310000001,0.0,0.0,-0.0041501898853796,-0.0031514453241417,0.005211111562398345,75.0
0.8160591110000001,0.0,0.0,-0.0041501839177882,-0.0031514589464124,0.005211115047894314,75.0
1.116036274,0.0,0.0,-0.0041501746157404,-0.0031514801668672,0.005211120472920703,75.0
1.316850533,0.0,0.0,-0.004150168970834,-0.003151493042745,0.005211123764116861,75.0
1.615772699,0.0,0.0,-0.0041501612784769,-0.0031515105825767,0.0052111282453478295,75.0
1.815741055,0.0,0.0,-0.0041501559350505,-0.0031515227718596,0.005211131361497664,75.0
2.115724562,0.0,0.0,-0.0041501476224536,-0.0031515417064982,0.005211136192420503,75.0
2.3157782030000003,0.0,0.0,-0.0041501425850929,-0.0031515531850815,0.0052111391225910415,75.0
2.615712149,0.0,0.0,-0.0041501357206599,-0.003151568818703,0.005211143110577399,75.0
2.81569936,0.0,0.0,-0.004150130951798,-0.0031515796788831,0.0052111458806505,75.0
3.115758807,0.0,0.0,-0.0046013765525965,-0.0034742297613602,0.0057656689649602496,75.0
3.315708506,0.0,0.0,-0.0254013774965621,-0.0046395850453697,0.025821613584671072,75.0
3.615750752,0.0,0.0,-0.1239317593310894,-0.0075503971455698,0.12416154585037548,75.0
3.815743122,0.0,0.0,-0.2248148640184565,-0.0094857662580167,0.2250148947184137,75.0
4.115710937,0.0,0.0,-0.3855123733091195,-0.0134608670085471,0.38574730707427074,75.0
4.3157675730000005,0.0,0.0,-0.4862236471514237,-0.0137026650093617,0.48641669181637975,75.0
4.616034105000001,0.0,0.0,-0.6263718954761958,-0.0104983678093776,0.6264598687618412,75.0
4.815754019,0.0,0.0,-0.7264095402393153,-0.0098875511157924,0.7264768295119678,75.0
5.115807043,0.0,0.0,-0.8859597525871908,-0.0111469232687216,0.8860298737078312,75.0
5.315813735000001,0.0,0.0,-0.9864427553638506,-0.0100989294879962,0.9864944490399473,75.0
5.6160623670000005,0.0,0.0,-1.1271322418738174,-0.0085238543566051,1.1271644719226162,75.0
5.815701581000001,0.0,0.0,-1.2271248261561505,-0.0074180395399905,1.2271472471873046,75.0
6.115926765,-0.5,0.0999999999999996,-1.3875004158854165,-0.0056315027888046,0.8937645118140508,75.0
6.3158441000000005,-0.5,0.0999999999999996,-1.4874171431611924,-0.005457766472479,0.9930327059659086,75.0
6.616070917,-0.5,0.0999999999999996,-1.627317738272391,-0.0067763680763632,1.1323632260909737,75.0
6.816055509000001,-1.0,0.0999999999999996,-1.7274485921264635,-0.0073843331888626,0.7353317953150064,81.25
7.115708918,-1.0,0.0999999999999996,-1.886916854386816,-0.0131945812741881,0.8941110220913525,81.25
7.315713396,-1.0,0.0999999999999996,-1.9865345819367084,-0.0285258731147856,0.994871540158303,81.25
7.615735919,-1.0,0.0999999999999996,-2.1214911645925016,-0.0640901257627882,1.1334319572130889,81.25
7.815719635000001,-1.6000000000000014,-0.1,-2.2155136567935343,-0.0991052457303937,0.6155143071322956,81.25
8.115698195,-1.6000000000000014,-0.1,-2.3636642829271644,-0.1589705805246003,0.7659377692646226,81.25
8.316011445000001,-1.6000000000000014,-0.1,-2.456092190431764,-0.1962057636779079,0.8614809269409874,81.25
8.615755682000001,-2.1000000000000014,-0.1,-2.585477573365792,-0.2489485709416325,0.5078131063951494,87.5
8.815782787,-2.1000000000000014,-0.1,-2.677011546321263,-0.2896889546112124,0.6073913269791956,87.5
9.115823924,-2.1000000000000014,-0.1,-2.8220636160485526,-0.3566801667667737,0.7663292853809831,87.5
9.316506352,-2.1000000000000014,-0.1,-2.912813087093681,-0.3986086992810106,0.8659285593148286,87.5
9.615830131,-2.1000000000000014,-0.1,-3.039777928485388,-0.4572153097212982,1.005378203646552,87.5
9.815795545,-2.1000000000000014,-0.1,-3.1306278831100083,-0.4995837712035489,1.1053782265148269,87.5
10.115716237,-2.1000000000000014,-0.1,-3.2776066867403064,-0.5624948820721121,1.2651715395938907,87.5
10.315968155,-2.1000000000000014,-0.1,-3.3705364014076675,-0.5991256340634946,1.3650601253722223,87.5
10.615729739,-2.699999999999996,-0.2000000000000001,-3.500540775758114,-0.6508034100264467,0.918743298284609,75.0
10.815708419,-2.699999999999996,-0.2000000000000001,-3.593387947092702,-0.6870425759136122,1.0175227244455456,75.0
11.115735099,-2.699999999999996,-0.2000000000000001,-3.702316954130581,-0.7252918900711914,1.1316231025885681,75.0
11.315741681,-2.699999999999996,-0.2000000000000001,-3.723055114894768,-0.7297806716219957,1.1520891146680483,75.0
11.615707832,-2.699999999999996,-0.2000000000000001,-3.739464712649432,-0.7333699980200002,1.1683194955281833,75.0
11.81606295,-3.199999999999996,-0.4000000000000001,-3.7932876596413423,-0.7391298388912825,0.6833734664948098,68.75
12.115832495,-3.199999999999996,-0.4000000000000001,-3.917350742716943,-0.7433718436246296,0.7952963668160016,68.75
12.315762181,-3.199999999999996,-0.4000000000000001,-3.950195371942052,-0.7429084801946554,0.8248510907264948,68.75
12.615735598,-3.199999999999996,-0.4000000000000001,-3.945147660466079,-0.74286460283527,0.8202445804608918,68.75
12.815719588,-3.699999999999996,-0.6000000000000001,-3.942491512656184,-0.7428015129250501,0.28141500635888167,68.75
13.115705501,-3.699999999999996,-0.6000000000000001,-3.942473399725702,-0.7428553142756201,0.28142670518507673,68.75
13.31602632,-3.699999999999996,-0.6000000000000001,-3.9424663563920057,-0.7428774822013724,0.28143189034333055,68.75
13.615730876,-3.699999999999996,-0.6000000000000001,-3.942457523569585,-0.7429013867970207,0.28143641748005793,68.75
13.816029294000002,-3.699999999999996,-0.6000000000000001,-3.942451898831736,-0.7429137565289164,0.28143785291307655,68.75
14.116046635,-3.699999999999996,-0.6000000000000001,-3.942443483595416,-0.7429303245276954,0.281439017208835,68.75
14.315811136,-3.699999999999996,-0.6000000000000001,-3.942438458764224,-0.7429397100156434,0.2814394552782719,68.75
14.61607565,-3.699999999999996,-0.6000000000000001,-3.94243155781217,-0.7429529852639417,0.28144025337380224,68.75
14.815731016,-3.699999999999996,-0.6000000000000001,-3.942426755722582,-0.7429622469674653,0.2814408213961948,68.75
15.115749909000002,-3.699999999999996,-0.6000000000000001,-3.942419457465845,-0.7429753473495734,0.28144118978530414,68.75
15.315710677,-3.699999999999996,-0.6000000000000001,-3.9424150743677018,-0.7429829359111617,0.2814412696149511,68.75
15.615719475,-3.699999999999996,-0.6000000000000001,-3.942409108228635,-0.742993240243074,0.2814413660203798,68.75
15.815721683,-4.199999999999996,-0.9000000000000001,-3.942405038556326,-0.7429997743998089,0.30166908194191294,75.0
16.115709956,-4.199999999999996,-0.9000000000000001,-3.942398741715096,-0.7430097367863954,0.30166927422898177,75.0
16.315894686,-4.199999999999996,-0.9000000000000001,-3.9423949353466425,-0.7430156758792679,0.301669433908544,75.0
16.616045696,-4.199999999999996,-0.9000000000000001,-3.942389740346235,-0.7430238547005001,0.30166961410120147,75.0
16.815739745000002,-4.199999999999996,-0.9000000000000001,-3.942386109809735,-0.7430296992543958,0.3016696732108237,75.0
17.115745894,-4.199999999999996,-0.9000000000000001,-3.942380485003089,-0.7430386997331149,0.3016697934641665,75.0
17.315799952000003,-4.199999999999996,-0.9000000000000001,-3.942377067725249,-0.7430442329416372,0.30166983284166454,75.0
17.615730327,-4.199999999999996,-0.9000000000000001,-3.9423723858053408,-0.7430519180915013,0.3016698327814481,75.0
17.816058133000002,-4.199999999999996,-0.9000000000000001,-3.942369130893304,-0.7430572973481672,0.3016698139229893,75.0
18.116017267,-4.199999999999996,-0.9000000000000001,-3.962951481767791,-0.7433026189624562,0.28415852832549154,75.0
18.315737323,-4.199999999999996,-0.9000000000000001,-4.026358138190791,-0.7448009350666871,0.23289106021644873,75.0
18.616048046,-4.199999999999996,-0.9000000000000001,-4.162588619717973,-0.747711706452911,0.1568162482847058,75.0
18.816342278,-4.199999999999996,-0.9000000000000001,-4.263258747998306,-0.7436187621464635,0.168691317947659,75.0
19.116040119,-4.199999999999996,-0.9000000000000001,-4.422691733847619,-0.7299924327668571,0.2801681303085562,75.0
19.316200624,-4.199999999999996,-0.9000000000000001,-4.522552984870339,-0.7241838049857751,0.36735781259971595,75.0
19.616044548,-4.199999999999996,-0.9000000000000001,-4.663007124466791,-0.7204506848395238,0.496602007528772,75.0
19.816044598,-4.199999999999996,-0.9000000000000001,-4.763162275727799,-0.7177426967867194,0.591920157941505,75.0
20.11604131,-4.199999999999996,-0.9000000000000001,-4.923171621838866,-0.7130435221021059,0.7469470659029643,75.0
20.315697590000003,-4.199999999999996,-0.9000000000000001,-5.023064556471577,-0.7109452111312061,0.8444980623506398,75.0
20.616047757,-4.199999999999996,-0.9000000000000001,-5.162940492609896,-0.7081322820355878,0.9818694482998584,75.0
20.816040337,-4.199999999999996,-0.9000000000000001,-5.263124149453184,-0.7066858489420463,1.0805569481289836,75.0
21.116065162,-4.799999999999997,-1.2000000000000002,-5.423025262600164,-0.7048931406614745,0.7957960040123758,75.0
21.316111778,-4.799999999999997,-1.2000000000000002,-5.522821311756552,-0.7032151498637303,0.8770780102444606,75.0
21.615716647000003,-4.799999999999997,-1.2000000000000002,-5.662858924907948,-0.7016544849432249,0.9964305177334283,75.0
21.816053947,-4.799999999999997,-1.2000000000000002,-5.762864168278745,-0.700968476586979,1.0844998238427916,75.0
22.115751487,-4.799999999999997,-1.2000000000000002,-5.922829043379277,-0.6995361009639655,1.2293124805737472,75.0
22.315708168,-4.799999999999997,-1.2000000000000002,-6.022812378627017,-0.699429280144472,1.3213028263423006,75.0
22.616051615,-5.299999999999997,-1.1,-6.162869071791591,-0.6989117626647067,0.951532873411749,75.0
22.815785205,-5.299999999999997,-1.1,-6.262241926684511,-0.699318109727938,1.042331762281817,75.0
23.116104427,-5.299999999999997,-1.1,-6.422185603637845,-0.6987901081913986,1.191750773566819,75.0
23.316854236,-5.299999999999997,-1.1,-6.522506989676219,-0.6988534471725592,1.286639769575213,75.0
23.615741206000003,-5.799999999999997,-1.2000000000000002,-6.662257831777432,-0.6992586626666366,0.9971110546854491,75.0
23.815759434,-5.799999999999997,-1.2000000000000002,-6.762300183065309,-0.6995534902858239,1.084651257968493,75.0
24.115841335,-5.799999999999997,-1.2000000000000002,-6.922651471221504,-0.7004097144960738,1.2287948482988151,75.0
24.315863647,-6.399999999999999,-1.3000000000000005,-7.022525790444001,-0.7008165928261773,0.8640365242282073,75.0
24.61571088,-6.399999999999999,-1.3000000000000005,-7.138006682167312,-0.701245708708186,0.9503476018089216,75.0
24.816018155,-6.399999999999999,-1.3000000000000005,-7.173928733471259,-0.7014188427638234,0.9783992468775874,75.0
25.116082253,-6.399999999999999,-1.3000000000000005,-7.178355425553852,-0.7014925181400892,0.9818596510354283,75.0
25.315790963,-6.899999999999999,-1.4,-7.178351135206424,-0.701630284152785,0.7517975887718883,75.0
25.616039829,-6.899999999999999,-1.4,-7.1783454572217895,-0.7017480826539795,0.7516860605554699,75.0
25.816042378,-6.899999999999999,-1.4,-7.178341625966862,-0.7018044887841814,0.7516322456013947,75.0
26.116032089,-6.899999999999999,-1.4,-7.17833581733534,-0.7018611638351465,0.7515774489521015,75.0
26.315709656000003,-6.899999999999999,-1.4,-7.178332340363723,-0.7018850086896753,0.7515540118877437,75.0
26.616062052,-6.899999999999999,-1.4,-7.1783276290734745,-0.7019124529370393,0.7515267742868804,75.0
26.816033216,-6.899999999999999,-1.4,-7.178324366520538,-0.7019292667040493,0.7515099478273098,75.0
27.116018133,-6.899999999999999,-1.4,-7.1783193250931925,-0.7019491869980611,0.7514895769423544,75.0
27.316098632000003,-6.899999999999999,-1.4,-7.1783162882426,-0.7019572307965858,0.75148098042353,75.0
27.616028889000003,-6.899999999999999,-1.4,-7.178312151846599,-0.7019671803681403,0.7514702064278328,75.0
27.815708204000003,-6.899999999999999,-1.4,-7.178309280187108,-0.701973709824737,0.7514630777450795,75.0
28.115690275,-6.899999999999999,-1.4,-7.178304824311679,-0.7019834395271938,0.7514523896624735,75.0
28.3160072,-6.899999999999999,-1.4,-7.178302121964513,-0.7019890325717775,0.7514461935095781,75.0
28.615719853,-6.899999999999999,-1.4,-7.17829844642244,-0.7019959304874053,0.7514384248474972,75.0
28.81568964,-6.899999999999999,-1.4,-7.178295892949541,-0.7020003332039438,0.7514333895163221,75.0
29.116026054,-6.899999999999999,-1.4,-7.178291929449848,-0.702007008188639,0.7514257212890005,75.0
29.315750343,-6.899999999999999,-1.4,-7.178289525139744,-0.7020111337374902,0.7514209986611556,75.0
29.616076117,-6.899999999999999,-1.4,-7.178286251831903,-0.7020164463706128,0.7514148515272755,75.0
29.815723811,-6.899999999999999,-1.4,-7.178283977825431,-0.702020013629512,0.7514106957503945,75.0
30.115743024,-6.899999999999999,-1.4,-7.178280447144828,-0.7020254192179192,0.751404366956333,75.0
30.31569267,-6.899999999999999,-1.4,-7.178278306093393,-0.7020286418241419,0.7514005805667578,75.0
30.615714811,-6.899999999999999,-1.4,-7.1782753884380615,-0.7020330930196037,0.7513953653371411,75.0
30.816028934,-6.899999999999999,-1.4,-7.1782733614483325,-0.7020361643225619,0.7513917617363907,75.0
31.116028242,-6.899999999999999,-1.4,-7.178971639513777,-0.7022405154728965,0.751460893127869,75.0
31.316534545000003,-6.899999999999999,-1.4,-7.202847639083421,-0.7027141927639976,0.7602132526279494,75.0
31.615736975,-6.899999999999999,-1.4,-7.3023356879140415,-0.704212141581401,0.8037379857217192,75.0
31.815735282,-6.899999999999999,-1.4,-7.402860091091023,-0.7050393461983147,0.8578103412436454,75.0
32.11569484,-6.899999999999999,-1.4,-7.562674064019393,-0.7075006753434239,0.9584843398688337,75.0
32.31620755,-6.899999999999999,-1.4,-7.662579780058722,-0.7095288107163522,1.0287265837846251,75.0
32.615779062,-7.5,-1.6,-7.802351685409343,-0.7129034480785529,0.9372069323798194,75.0
32.815712927,-7.5,-1.6,-7.902533147183503,-0.7148932589847726,0.9723409266157896,75.0
33.115762497,-7.5,-1.6,-8.062556378347377,-0.7173204181135998,1.0467057480966022,75.0
33.315725909,-7.5,-1.6,-8.162158261955634,-0.7196670106405314,1.101562406779881,75.0
33.615753179,-7.5,-1.6,-8.301338872022262,-0.723214357075057,1.1878118754471252,75.0
33.816060909,-8.100000000000001,-1.4,-8.401293506257074,-0.725552848557395,0.738685817517654,75.0
34.11603958,-8.100000000000001,-1.4,-8.560755354355381,-0.7305645137660712,0.8126742070451158,75.0
34.316125991,-8.100000000000001,-1.4,-8.66054715893716,-0.7333452290332954,0.8710004024368697,75.0
34.615868014,-8.100000000000001,-1.4,-8.80048052596577,-0.7386887835008569,0.9633304170038738,75.0
34.816042658,-8.100000000000001,-1.4,-8.900649667402,-0.7418325583072762,1.0364479105171063,75.0
35.115895109,-8.699999999999996,-1.1,-9.0608337760113,-0.7473901884281965,0.504514314095526,75.0
35.316233048,-8.699999999999996,-1.1,-9.161011626070444,-0.7514790572512795,0.5779260912145908,75.0
35.615710703000005,-8.699999999999996,-1.1,-9.301109891109594,-0.7564786872475499,0.6923438405192606,75.0
35.816035017000004,-8.699999999999996,-1.1,-9.4004693597067,-0.7611916339403065,0.7781056694305463,75.0
36.116023381000005,-9.199999999999996,-0.9000000000000001,-9.559840027342837,-0.7669405046747538,0.38365306537848204,75.0
36.315700894,-9.199999999999996,-0.9000000000000001,-9.659889273883962,-0.7709977676520727,0.4776397389081762,75.0
36.616047861000006,-9.199999999999996,-0.9000000000000001,-9.799740199316489,-0.7770637156539998,0.6122104513032974,75.0
36.816047705,-9.199999999999996,-0.9000000000000001,-9.899627743724215,-0.780301730472275,0.7097933893159151,75.0
37.116051879,-9.199999999999996,-0.9000000000000001,-10.059451897224754,-0.7833768334369519,0.867328384536347,75.0
37.315979269,-9.199999999999996,-0.9000000000000001,-10.159130042676296,-0.7843710023897524,0.966074792059389,75.0
37.616056203,-9.9,-0.9000000000000001,-10.298933108153788,-0.7864675641941417,0.4147737199501109,75.0
37.816054263000005,-9.9,-0.9000000000000001,-10.396490743337203,-0.7884332465585885,0.5088714952647526,75.0
38.115703406,-9.9,-0.9000000000000001,-10.48623115579612,-0.7890489188498231,0.5966381737992018,75.0
38.315725611000005,-9.9,-0.9000000000000001,-10.494418933858029,-0.7891028526254072,0.6046751576050874,75.0
38.615758320000005,-9.9,-0.9000000000000001,-10.494438185517977,-0.7892410240091866,0.6046687582176192,75.0
38.816043107000006,-9.9,-0.9000000000000001,-10.494435340330774,-0.7893054212617392,0.6046541685924312,75.0
39.115690908000005,-9.9,-0.9000000000000001,-10.494431483115983,-0.7893667475617917,0.6046391524409608,75.0
39.316159704,-9.9,-0.9000000000000001,-10.494429360186787,-0.7893891583679403,0.6046329651438346,75.0
39.615717504,-9.9,-0.9000000000000001,-10.494426574945896,-0.7894122202605122,0.6046260083966104,75.0
39.816039947,-9.9,-0.9000000000000001,-10.49442470719536,-0.7894237005617901,0.6046220724731592,75.0
40.115737407000005,-9.9,-0.9000000000000001,-10.494421876925571,-0.7894366509128891,0.6046169216364002,75.0
40.316069633000005,-9.9,-0.9000000000000001,-10.494420185587929,-0.7894428855883496,0.6046141187413822,75.0
40.615724467,-9.9,-0.9000000000000001,-10.49441790058208,-0.7894497699675695,0.6046106134468952,75.0
40.815705602,-9.9,-0.9000000000000001,-10.494416329218204,-0.7894535913077784,0.6046083698692829,75.0
41.115716537,-9.9,-0.9000000000000001,-10.494413906278764,-0.7894587629776996,0.6046050422052391,75.0
41.315750103,-9.9,-0.9000000000000001,-10.494412423768306,-0.7894616674745166,0.6046030536539048,75.0
41.615709726000006,-9.9,-0.9000000000000001,-10.49441041712574,-0.7894658487047095,0.6046003163993272,75.0
41.815711511,-10.4,-1.0000000000000002,-10.49440903848257,-0.7894681023833446,0.2307308962000389,75.0
42.115706649,-10.4,-1.0000000000000002,-10.494406881908994,-0.789471483158807,0.2307269289769427,75.0
42.315792422,-10.4,-1.0000000000000002,-10.49440557790753,-0.7894735382575422,0.230724520226727,75.0
42.615727736,-10.4,-1.0000000000000002,-10.494403802291863,-0.7894762082040685,0.23072135748408287,75.0
42.815741496,-10.4,-1.0000000000000002,-10.494402566804093,-0.7894781101174045,0.23071911654421015,75.0
43.115709119,-10.4,-1.0000000000000002,-10.510264883767428,-0.7897286351923507,0.23742870814270975,75.0
43.316419455,-10.4,-1.0000000000000002,-10.564835417419973,-0.7914763699131313,0.26580598025744623,75.0
43.615733201000005,-10.4,-1.0000000000000002,-10.69813900474594,-0.7934527177001733,0.3626963550634935,75.0
43.815713351,-10.4,-1.0000000000000002,-10.798830939719553,-0.7942577218738575,0.44877166074309566,75.0
44.11601688,-10.4,-1.0000000000000002,-10.958954523412755,-0.7954151911668833,0.595218534026674,75.0
44.315896614,-10.4,-1.0000000000000002,-11.05868735559098,-0.7962966315579029,0.6894665290861437,75.0
44.616072639,-10.4,-1.0000000000000002,-11.198541216391838,-0.7982494523609217,0.8236330237121531,75.0
44.816050061000006,-11.0,-1.0000000000000002,-11.298606132884888,-0.7999418137748351,0.35942857492437974,75.0
45.116027664,-11.0,-1.0000000000000002,-11.45947023903488,-0.8025266032133714,0.5001086311964826,75.0
45.316031445,-11.0,-1.0000000000000002,-11.559230874798692,-0.8040422468146988,0.5925695000264031,75.0
45.616044652,-11.0,-1.0000000000000002,-11.699329882316125,-0.8058215085853565,0.7257875521310294,75.0
45.816055901000006,-11.0,-1.0000000000000002,-11.79957662198044,-0.8075890245121342,0.8224018226547437,75.0
46.116010904,-11.5,-0.8000000000000003,-11.95954155876706,-0.8110471187651872,0.45967432282766474,75.0
46.315819721,-11.5,-0.8000000000000003,-12.059757579542609,-0.8133521243967867,0.5599168037140048,75.0
46.615759785,-11.5,-0.8000000000000003,-12.199605715686005,-0.8171584945810871,0.699816098240685,75.0
46.815714455000006,-11.5,-0.8000000000000003,-12.299517261875168,-0.8203163014868867,0.7997753460456709,75.0
47.115714276000006,-12.1,-1.1,-12.460040893804615,-0.8249275758935283,0.4530941223580784,75.0
47.316388719,-12.1,-1.1,-12.559760794864529,-0.8287227298057906,0.5338270748271257,75.0
47.616059117000006,-12.1,-1.1,-12.699697182644202,-0.8332410309424126,0.6563513224212024,75.0
47.815704363,-12.1,-1.1,-12.799749619762656,-0.8370285822055747,0.7475316026328197,75.0
48.115702614,-12.1,-1.1,-12.959581784805833,-0.8422356099183594,0.8973980864500113,75.0
48.315718132,-12.1,-1.1,-13.059899311903076,-0.8445934903083194,0.993297122811138,75.0
48.616055526,-12.1,-1.1,-13.199610973897856,-0.8484711791005504,1.128011986487582,75.0
48.816039296,-12.6,-0.8000000000000003,-13.299606150845833,-0.8491699288565384,0.701331910157437,75.0
49.115687186,-12.6,-0.8000000000000003,-13.459171051241404,-0.846206374147682,0.8604126476889649,75.0
49.31579056,-12.6,-0.8000000000000003,-13.549044331208789,-0.8414231897377707,0.9499479055440825,75.0
49.615932748000006,-12.6,-0.8000000000000003,-13.609944404660771,-0.8361430354913444,1.010590925904309,75.0
49.816042113,-12.6,-0.8000000000000003,-13.6139508057999,-0.8357436997643763,1.0145806269859061,75.0
50.116023905000006,-13.1,-0.6000000000000001,-13.615225778993922,-0.83488728602641,0.566241680271549,75.0
50.316489378,-13.1,-0.6000000000000001,-13.615215343143989,-0.8348440106761041,0.5662142343330981,75.0
50.616038111,-13.1,-0.6000000000000001,-13.61521435915262,-0.8348520184218468,0.5662166603287659,75.0
50.816046087,-13.1,-0.6000000000000001,-13.624591652322009,-0.8337025105210102,0.5742937097946993,75.0
51.116031493,-13.1,-0.6000000000000001,-13.62728077668347,-0.8330623361579536,0.5764920381022854,75.0
51.316556001,-13.1,-0.6000000000000001,-13.627279696260764,-0.8330584118878112,0.5764894634254062,75.0
51.616123425000005,-13.1,-0.6000000000000001,-13.62727852555248,-0.8330594005441583,0.5764887923375442,75.0
51.815728915,-13.1,-0.6000000000000001,-13.62727779433013,-0.8330621660741974,0.5764892415725067,75.0
52.115721007000005,-13.1,-0.6000000000000001,-13.62727687776114,-0.833070837324586,0.5764919089048176,75.0
52.315712917000006,-13.1,-0.6000000000000001,-13.627276380892653,-0.8330773163049825,0.5764940738838404,75.0
52.61574112,-13.1,-0.6000000000000001,-13.627275700801633,-0.8330860731353716,0.5764969923126408,75.0
52.815713246,-13.1,-0.6000000000000001,-13.6272752879415,-0.8330934213410334,0.5764995857294779,75.0
53.11571775,-13.1,-0.6000000000000001,-13.627274708019025,-0.8331061397199334,0.5765041978092416,75.0
53.315755074,-13.4,-0.2000000000000001,-13.627274372089124,-0.8331140579707852,0.6726715770781013,75.0
53.615835901,-13.4,-0.2000000000000001,-13.62727390594904,-0.8331249774730701,0.6726816969604634,75.0
53.816080564,-13.4,-0.2000000000000001,-13.627273603923433,-0.8331328392052391,0.672688994350608,75.0
54.116022736000005,-13.4,-0.2000000000000001,-13.627273103584017,-0.8331447127290039,0.6727000006462047,75.0
54.316619124000006,-13.4,-0.2000000000000001,-13.627272798247589,-0.8331517585989799,0.6727065290602358,75.0
54.61606266,-13.4,-0.2000000000000001,-13.627272389339357,-0.8331615756366905,0.6727156307227865,75.0
54.816072010000006,-13.4,-0.2000000000000001,-13.627272106806014,-0.8331684236577128,0.6727219806496864,75.0
55.11581507,-13.4,-0.2000000000000001,-13.627271669515226,-0.8331791182826376,0.6727318987482429,75.0
55.315706931,-13.4,-0.2000000000000001,-13.628240137224806,-0.8331386457035477,0.6730216229243459,75.0
55.615718243,-13.4,-0.2000000000000001,-13.671722141423013,-0.8279084800996979,0.6841797874247821,75.0
55.81572165,-13.4,-0.2000000000000001,-13.749437040413328,-0.817276268570726,0.7093209689226907,75.0
56.115686797,-13.4,-0.2000000000000001,-13.90901767249383,-0.7949414839337537,0.7829778797746029,75.0
56.315755365,-13.4,-0.2000000000000001,-14.00756414887008,-0.7815668082692189,0.8410434872660686,75.0
56.615865891000006,-13.9,-0.5000000000000002,-14.146486999782123,-0.7640451632798602,0.36121418758553786,75.0
56.815708,-13.9,-0.5000000000000002,-14.245818521643947,-0.7540511948117931,0.42910658291070836,75.0
57.115690644,-13.9,-0.5000000000000002,-14.40561485550166,-0.7485872905678211,0.5634199349826158,75.0
57.315909051000006,-13.9,-0.5000000000000002,-14.506236716384624,-0.7466515980269846,0.6544921444158636,75.0
57.615967801,-13.9,-0.5000000000000002,-14.646217052762957,-0.7442309108740278,0.7851678977521879,75.0
57.815728658000005,-13.9,-0.5000000000000002,-14.7456058487508,-0.7423212862900751,0.8796413230577778,75.0
58.115701065,-14.4,-0.8000000000000003,-14.90577094597772,-0.7363089616498558,0.5097654344512941,75.0
58.316100852000005,-14.4,-0.8000000000000003,-15.005165884368248,-0.7321809009254346,0.608954167242896,75.0
58.615793084,-14.4,-0.8000000000000003,-15.14534496405708,-0.7257299569344985,0.7490361504908822,75.0
58.815841751,-14.4,-0.8000000000000003,-15.244709294310244,-0.7212888196278273,0.8483685766279244,75.0
59.115720159000006,-15.1,-1.1,-15.4043347742354,-0.7144999386355151,0.4911516589821658,68.75
59.3159124,-15.1,-1.1,-15.504536380697605,-0.7103346541119901,0.5616838657945769,68.75
59.616078509000005,-15.1,-1.1,-15.644171557117025,-0.7048222075335343,0.6725237328405865,68.75
59.816073641,-15.1,-1.1,-15.744309957749277,-0.702464951732473,0.7570795442065121,68.75
60.11570492800001,-15.1,-1.1,-15.904152531611924,-0.7026557118787997,0.8969636432991087,68.75
60.315921363,-15.699999999999996,-1.1,-16.004357756531956,-0.7051521333529072,0.4985363394547367,68.75
60.61572467800001,-15.699999999999996,-1.1,-16.144443684951256,-0.708238744377718,0.5924584968584734,68.75
60.815822662,-15.699999999999996,-1.1,-16.244411087963286,-0.7111888938000636,0.6689973908781645,68.75
61.11570864,-15.699999999999996,-1.1,-16.405022497572833,-0.7155055358517199,0.8030521247369407,68.75
61.316115832,-16.2,-1.0000000000000002,-16.505075136479945,-0.718050389638639,0.415411147757473,68.75
61.61572194000001,-16.2,-1.0000000000000002,-16.645188020617816,-0.7225275519371315,0.5245791962474408,68.75
61.815710855000006,-16.2,-1.0000000000000002,-16.745014531768813,-0.72538031612819,0.6102923976333251,68.75
62.115715167000005,-16.2,-1.0000000000000002,-16.859695578699245,-0.7287506793574559,0.7132842704731227,68.75
62.316021387000006,-16.2,-1.0000000000000002,-16.879291302731875,-0.7292321786103444,0.7312673157384172,68.75
62.6157085,-16.2,-1.0000000000000002,-16.879856433439056,-0.7292911357713209,0.7317704963036262,68.75
62.815712786000006,-16.2,-1.0000000000000002,-16.879856321535044,-0.7292659428350459,0.7317797125092762,68.75
63.116026466,-16.7,-0.9000000000000001,-16.8798554853436,-0.7292518348189098,0.24799784579889284,68.75
63.316102948,-16.7,-0.9000000000000001,-16.879854873941795,-0.7292471067607808,0.24800065772127214,68.75
63.61605086,-16.7,-0.9000000000000001,-16.87985401027405,-0.7292419347840343,0.24800359240938225,68.75
63.815734637000006,-16.7,-0.9000000000000001,-16.879853392113088,-0.7292390339833864,0.24800514141749438,68.75
64.11607790400001,-16.7,-0.9000000000000001,-16.8798524534748,-0.7292336092631044,0.24800819588515952,68.75
64.315765758,-16.7,-0.9000000000000001,-16.879851900460626,-0.7292299348466514,0.24801032488946498,68.75
64.616055122,-16.7,-0.9000000000000001,-16.879851122628455,-0.729225363858106,0.24801290825300257,68.75
64.81585575,-16.7,-0.9000000000000001,-16.879850581604792,-0.7292222878993925,0.24801463395110435,68.75
65.116038106,-16.7,-0.9000000000000001,-16.87984969813329,-0.7292192593371871,0.24801607871260165,68.75
65.31571665700001,-16.7,-0.9000000000000001,-16.87984914049519,-0.7292181517138661,0.2480164370377225,68.75
65.616042621,-16.7,-0.9000000000000001,-16.879848410537747,-0.7292155876183593,0.24801767333296346,68.75
65.81604094800001,-16.7,-0.9000000000000001,-16.8798479070882,-0.7292135120784243,0.2480187374788309,68.75
66.11569730800001,-16.7,-0.9000000000000001,-16.87984711868988,-0.7292107818950161,0.24802004580671327,68.75
66.315760184,-16.7,-0.9000000000000001,-16.879846640180737,-0.7292091160676173,0.24802084593578938,68.75
66.616051092,-16.7,-0.9000000000000001,-16.87984599619606,-0.7292064598581944,0.24802220808210743,68.75
66.816033519,-16.7,-0.9000000000000001,-16.879845553066342,-0.7292044744852079,0.2480232539372325,68.75
67.11604125800001,-16.7,-0.9000000000000001,-16.8798448537389,-0.7292017579472514,0.24802461753760535,68.75
67.316555511,-16.7,-0.9000000000000001,-16.879844427485565,-0.7292001510816818,0.2480254150044536,68.75
67.6157153,-16.7,-0.9000000000000001,-16.88060625606433,-0.7294977161845934,0.2483740093404376,68.75
67.815764532,-16.9,-1.3000000000000005,-16.903936832473054,-0.7303333265465816,0.5696802765529145,68.75
68.115694171,-16.9,-1.3000000000000005,-17.02345102240848,-0.7333615272615569,0.5799304386916204,68.75
68.316027694,-16.9,-1.3000000000000005,-17.123929053015903,-0.7367974983061115,0.6060868573883241,68.75
68.616059129,-16.9,-1.3000000000000005,-17.263512261345902,-0.7430848278725494,0.6650531355422368,68.75
68.816027985,-16.9,-0.8000000000000003,-17.363140904497477,-0.7472155385368454,0.4661391388745404,68.75
69.116018705,-16.9,-0.8000000000000003,-17.523146641326882,-0.7546074690761375,0.6247977420418941,68.75
69.316167168,-16.9,-0.8000000000000003,-17.622877856746527,-0.7600048700666583,0.7239834295015594,68.75
69.616060867,-17.4,-0.6000000000000001,-17.762694822660865,-0.7683388823928848,0.3998568665288657,56.25
69.817248886,-17.4,-0.6000000000000001,-17.862481811120745,-0.7745621040935924,0.4943291957826359,56.25
70.116023407,-17.4,-0.6000000000000001,-18.022431713890267,-0.7838530909854677,0.6490171011008011,56.25
70.31622161700001,-17.4,-0.6000000000000001,-18.122254649823752,-0.7893171913815802,0.7466543900256949,56.25
70.61569762500001,-17.9,-0.5000000000000002,-18.26206278440649,-0.7944255586392724,0.4666646220062411,56.25
70.815746833,-17.9,-0.5000000000000002,-18.36196022079177,-0.7984595434458122,0.5499866768094146,56.25
71.115700978,-17.9,-0.5000000000000002,-18.52142022062276,-0.8015290141186743,0.690711833512514,56.25
71.316068955,-17.9,-0.5000000000000002,-18.62170548422804,-0.8032648045363165,0.7828335376280731,56.25
71.615702904,-17.9,-0.5000000000000002,-18.76153696671209,-0.8064323747234421,0.9144105999440942,56.25
71.815724097,-17.9,-0.5000000000000002,-18.86189377565398,-0.8090686110126329,1.0103281852720667,56.25
72.115704339,-17.9,-0.5000000000000002,-19.02224298365381,-0.814316805961609,1.1654288347514485,56.25
72.316015539,-18.7,-0.2000000000000001,-19.12269173180065,-0.8172684246413988,0.7481233910204301,62.5
72.615704275,-18.7,-0.2000000000000001,-19.262717369009472,-0.8218262123200272,0.8386409694936294,62.5
72.815701665,-18.7,-0.2000000000000001,-19.362558180522456,-0.8257203677631446,0.9113228413744893,62.5
73.11569746900001,-18.7,-0.2000000000000001,-19.52221592167944,-0.8314521075579641,1.0367115249685257,62.5
73.316241467,-18.7,-0.2000000000000001,-19.621953355646884,-0.8346715123043568,1.1192881302503168,62.5
73.61572009300001,-18.7,-0.2000000000000001,-19.76163380501978,-0.8372542363372321,1.2382080995093383,62.5
73.815765168,-18.7,-0.2000000000000001,-19.86184448098369,-0.8396207521505256,1.3262719572447685,62.5
74.116036452,-19.4,-0.7000000000000002,-20.02131157321909,-0.8442965055184793,0.6378475934898773,62.5
74.315992139,-19.4,-0.7000000000000002,-20.1186638538513,-0.8468358000868154,0.7335110680961385,62.5
74.616052593,-19.9,-0.8000000000000003,-20.202592957003667,-0.8496763349379032,0.30664349965568555,62.5
74.81604150000001,-19.9,-0.8000000000000003,-20.215987517538853,-0.8500508173661726,0.3199268597029478,62.5
75.11601685400001,-19.9,-0.8000000000000003,-20.21656147956844,-0.8500600271065825,0.32049520536269,62.5
75.31604167200001,-20.3,-0.5000000000000002,-20.216561387954524,-0.8500783789527584,0.3598845278561813,62.5
75.61602607500001,-20.3,-0.5000000000000002,-20.216560472740763,-0.8500937460403705,0.35989968842140485,62.5
75.816053936,-20.3,-0.5000000000000002,-20.21655990547067,-0.8501014937957364,0.3599073565975963,62.5
76.115712586,-20.3,-0.5000000000000002,-20.21655910919008,-0.8501098955103895,0.35991571401294625,62.5
76.316007412,-20.4,0.0999999999999996,-20.216558675060448,-0.8501130526664836,0.9676598227387565,81.25
76.615715138,-20.4,0.0999999999999996,-20.216558118770102,-0.8501156902838087,0.9676625179847782,81.25
76.815719184,-20.4,0.0999999999999996,-20.216557737919945,-0.8501172944512635,0.9676641652621197,81.25
77.11612826000001,-20.4,0.0999999999999996,-20.216557162938297,-0.8501190931940018,0.9676660403884376,81.25
77.31572778600001,-20.4,0.0999999999999996,-20.216556808528345,-0.8501204067522407,0.967667397313947,81.25
77.61574074,-20.4,0.0999999999999996,-20.216556332306784,-0.8501221313101975,0.9676691808785532,81.25
77.816054672,-20.4,0.0999999999999996,-20.2165559992292,-0.8501229484490305,0.9676700463423857,81.25
78.11921394000001,-20.4,0.0999999999999996,-20.21655552662552,-0.8501227000782778,0.9676698920684038,81.25
78.31632463300001,-20.4,0.0999999999999996,-20.216555252635025,-0.8501220728498503,0.9676693281551784,81.25
78.616039322,-20.4,0.0999999999999996,-20.216554887177235,-0.8501207930070444,0.9676681408018405,81.25
78.81605352000001,-20.4,0.0999999999999996,-20.216554641413104,-0.8501199697861191,0.9676673790995796,81.25
79.116049219,-20.4,0.0999999999999996,-20.21655423254313,-0.8501187605653167,0.9676662693181011,81.25
79.315896894,-20.4,0.0999999999999996,-20.21655398946107,-0.8501180603378207,0.9676656278708835,81.25
79.61574744,-20.4,0.0999999999999996,-20.216553657673654,-0.8501171438643795,0.9676647909156972,81.25
79.81603458000001,-20.8,-0.6000000000000001,-20.217977794439275,-0.8501558520156659,0.6335043788826212,62.5
80.11571933100001,-20.8,-0.6000000000000001,-20.21772808144709,-0.8501859275953291,0.6337456788823295,62.5
80.31623345700001,-20.8,-0.6000000000000001,-20.217108073366568,-0.850470250625859,0.634427572369783,62.5
80.61605616300001,-20.8,-0.6000000000000001,-20.21720872142465,-0.8504507706361483,0.6343274098568746,62.5
80.81571928800001,-20.8,-0.6000000000000001,-20.2178166501768,-0.8504128241656014,0.6337539233156314,62.5
81.11569132400001,-20.8,-0.6000000000000001,-20.21784276836728,-0.8504606850721023,0.633748843871971,62.5
81.31607791200001,-20.8,-0.6000000000000001,-20.21744979061723,-0.8500376098509277,0.6339428624031301,62.5
81.615876111,-20.8,-0.6000000000000001,-20.21782418984133,-0.8502740814036224,0.6336921884924345,62.5
81.815727619,-20.8,-0.6000000000000001,-20.21818219044172,-0.8506252296219827,0.6335021462017848,62.5
82.116055501,-20.3,-0.4000000000000001,-20.218679161368943,-0.8502795601466283,0.45756394206875556,62.5
82.31605531800001,-20.3,-0.4000000000000001,-20.218156293224283,-0.8504301446558719,0.457805316213671,62.5
82.616051819,-20.3,-0.4000000000000001,-20.217628456903,-0.8506927975041217,0.458158344717492,62.5
82.816028034,-20.3,-0.4000000000000001,-20.21905350245273,-0.8502529794104144,0.457471399032907,62.5
83.116023252,-20.3,-0.4000000000000001,-20.218379014376872,-0.8510239114871008,0.45834981621815346,62.5
83.316395256,-20.3,-0.4000000000000001,-20.217567515816285,-0.8514035687314429,0.45886849566317034,62.5
83.61602706800001,-20.3,-0.4000000000000001,-20.21807255485102,-0.8511486788834989,0.458527247529485,62.5
83.816052388,-20.3,-0.4000000000000001,-20.218853722894288,-0.8495777129934788,0.45684224663286555,62.5
84.115949876,-20.3,-0.4000000000000001,-20.22470857668545,-0.7872283645166782,0.3944801702379881,62.5
84.31584290800001,-20.3,-0.4000000000000001,-20.228821452038936,-0.6975715840538854,0.30596606564484263,62.5
84.616082387,-20.3,-0.4000000000000001,-20.2320923906422,-0.555513355208108,0.16969339131732464,62.5
84.816138226,-20.3,-0.4000000000000001,-20.23368574993388,-0.4553923148630869,0.08640537198417333,62.5
85.11572278,-20.3,-0.4000000000000001,-20.23672165964225,-0.2953462530516665,0.12229699550175896,62.5
85.31606263500001,-20.3,-0.4000000000000001,-20.23939162770617,-0.196124358933856,0.2126937982458325,62.5
85.616066247,-20.3,-0.4000000000000001,-20.24243440197824,-0.0557577119456427,0.34902227860195695,62.5
85.816004002,-20.3,-0.4000000000000001,-20.2460280146627,0.0443344464793692,0.4476003524678879,62.5
86.116060211,-20.3,-0.4000000000000001,-20.25020538132618,0.204839604590148,0.6068858635111202,62.5
86.315739156,-20.3,-0.4000000000000001,-20.25389576103872,0.305144930423756,0.706650531558933,62.5
86.61603700100001,-20.3,-0.4000000000000001,-20.259496772895844,0.4448902567268739,0.8458605424760359,62.5
86.815717476,-20.3,-0.4000000000000001,-20.26364383061866,0.5450081534974748,0.9457072386467134,62.5
87.11581259900001,-20.3,-0.4000000000000001,-20.27118133271588,0.7045096621608118,1.104885563934394,62.5
87.315945352,-20.6,0.3999999999999999,-20.275615198398512,0.804632026307716,0.5186063788885804,81.25
87.615723974,-20.6,0.3999999999999999,-20.28274689147115,0.9449509362875104,0.6305720084430122,81.25
87.81604707800001,-20.6,0.3999999999999999,-20.287912454603784,1.044714139642245,0.7162785476656942,81.25
88.11588682600001,-20.6,0.3999999999999999,-20.296499703112843,1.2050425406303238,0.8603522083630167,81.25
88.31611239,-20.6,0.3999999999999999,-20.30223141024398,1.3051117673937944,0.9528344266030737,81.25
88.61601791800001,-20.6,1.2999999999999998,-20.309507515730385,1.444890007532299,0.32462131430305574,87.5
88.81605546600001,-20.6,1.2999999999999998,-20.315145761978336,1.5448370601571426,0.375615658546467,87.5
89.115999431,-20.3,1.7999999999999998,-20.325016799030323,1.704441772170192,0.09877861681405015,93.75
89.31623776,-20.3,1.7999999999999998,-20.330490692840662,1.8041968269233724,0.030778169310865768,93.75
89.615658689,-20.3,1.7999999999999998,-20.33937506236067,1.9439801723862589,0.14926716174793256,93.75
89.815688166,-20.1,2.3,-20.34507090837856,2.043652902374016,0.35464571701172043,93.75
90.115678483,-20.1,2.3,-20.35392086182765,2.2036341272233417,0.27159194669080805,93.75
90.315860889,-20.1,2.3,-20.36034718603369,2.30300503986888,0.26036452819128997,93.75
90.615675021,-20.1,2.3,-20.368235042390328,2.4431396773288365,0.3040378351323134,93.75
90.815741584,-20.1,2.3,-20.37356602967935,2.542856972738993,0.3658112652755102,93.75
91.115700976,-20.1,2.3,-20.37947390090256,2.702861033297283,0.4903087531699268,93.75
91.315766449,-20.1,2.3,-20.38270558884973,2.8029256358260106,0.5769372974057664,93.75
91.61571679,-20.1,2.3,-20.38846074701406,2.942125756352211,0.7039425328383055,93.75
91.816052612,-20.5,3.0,-20.39196109931248,3.04214346437241,0.1159675629263491,93.75
92.116005682,-20.5,3.0,-20.39940130058228,3.201928039994236,0.2255992722959242,93.75
92.316106807,-20.5,3.0,-20.403552366700907,3.3019984087036325,0.31702552709288645,93.75
92.61606556,-20.5,3.0,-20.41005983167617,3.441692954522673,0.45075702984322646,93.75
92.816053715,-20.5,3.0,-20.41460022249252,3.541369319449887,0.5480637390303803,93.75
93.116041482,-20.5,3.0,-20.42199362845894,3.7012066418039375,0.7055322448414089,93.75
93.316209101,-20.5,3.0,-20.42727188438083,3.80084324850213,0.8041388483794075,93.75
93.616026419,-20.5,3.9,-20.432762479094524,3.931087879181104,0.07407658502855816,93.75
93.816046939,-20.5,3.9,-20.43357501873581,3.9841280207229057,0.1071904940127707,93.75
94.116061202,-20.5,3.9,-20.433081838768125,3.999989545514533,0.12031604013953465,93.75
94.316199555,-20.2,4.5,-20.43315311545348,3.9999560202446856,0.5517285174206575,93.75
94.61605696,-20.2,4.5,-20.43322871947367,3.999909036223748,0.5518030514939087,93.75
94.816030478,-20.2,4.5,-20.4332725626182,3.999876842393497,0.5518507599385554,93.75
95.116042153,-20.2,4.5,-20.43333239911284,3.9998272071018817,0.5519210371341695,93.75
95.316128461,-20.2,4.5,-20.433363816316188,3.999797355230998,0.5519613723799522,93.75
95.616045838,-20.2,4.5,-20.43340454480403,3.999756831108357,0.5520153164160666,93.75
95.816065012,-20.2,4.5,-20.43343271388488,3.999728650394927,0.552052764821753,93.75
96.116043031,-20.2,4.5,-20.433474387125333,3.999685011609263,0.5521099320352548,93.75
96.31694599,-20.2,4.5,-20.433499462589083,3.999658556507418,0.5521445092596968,93.75
96.616072613,-20.2,4.5,-20.433534435963068,3.999622495543016,0.5521919772571744,93.75
96.816045363,-20.2,4.5,-20.43355901793901,3.99959742686801,0.5522250900291948,93.75
97.11602892,-20.2,4.5,-20.433597344055062,3.999558492272781,0.5522765808957244,93.75
97.315699989,-20.2,4.5,-20.43362078334079,3.999534865961143,0.5523079039786553,93.75
97.616052865,-20.2,4.5,-20.433652629949503,3.999502700022333,0.5523505216502056,93.75
97.81605225,-20.2,4.5,-20.433674579344306,3.99948037189357,0.5523800386975779,93.75
98.11605155,-20.2,4.5,-20.43370835235526,3.999445685254803,0.5524257560710263,93.75
98.316597024,-20.2,4.5,-20.43372873608441,3.999424661416992,0.5524534294120272,93.75
98.615758351,-20.2,4.5,-20.43375656512154,3.999396024544825,0.5524911510413062,93.75
98.81573154,-20.2,4.5,-20.43377572847581,3.9993761402888905,0.5525172758714825,93.75
99.115720607,-20.2,4.5,-20.433805260376246,3.999345273442434,0.5525577390680868,93.75
99.315744865,-20.2,4.5,-20.43382319253815,3.999326551337497,0.552582290310083,93.75
99.616046775,-20.2,4.5,-20.433847623064217,3.999301053974935,0.5526157302894981,93.75
99.816077537,-20.2,4.5,-20.43535378348968,4.004439598437603,0.548608708461315,93.75
100.116015785,-20.2,4.5,-20.442232647859456,4.084442010522751,0.48100426017591247,93.75
100.316040747,-20.2,4.5,-20.44753417744275,4.179803476990276,0.40472086967412035,93.75
100.615854627,-20.2,4.5,-20.454647113424343,4.320412819561613,0.31160344631143017,93.75
100.81606513,-20.2,4.5,-20.4605939023932,4.4202348254505015,0.2725282830009185,93.75
101.116011138,-20.2,4.5,-20.47018893521104,4.579921461792085,0.2817614252616216,93.75
101.315704832,-20.7,4.6,-20.47703296442216,4.679406807464587,0.23668489606666282,93.75
101.615710834,-20.7,4.6,-20.484568106263858,4.819181713930503,0.3073296675562792,93.75
101.815719929,-20.7,4.6,-20.48783311838436,4.91953674205941,0.38356031491858966,93.75
102.115662923,-20.7,4.6,-20.489354570668407,5.079904825182226,0.5240993590260091,93.75
102.316943607,-21.0,5.4,-20.48632269605429,5.179864949104223,0.5588593859118935,93.75
102.615714568,-21.0,5.4,-20.48274247047138,5.320145425865665,0.5233852356192599,93.75
102.81573271,-21.0,5.4,-20.48058747044612,5.419866754886166,0.5197923275763756,93.75
103.115662971,-21.0,5.4,-20.47590233362014,5.580270931482218,0.5542345826834343,93.75
103.315777511,-21.4,5.8,-20.47408214842104,5.680306183613154,0.9336222349290114,93.75
103.616053514,-21.4,5.8,-20.468936761212653,5.820220318709591,0.9312827797773879,93.75
103.81605599,-21.4,5.8,-20.466366546324025,5.920169128280077,0.9413352459217279,93.75
104.116078391,-21.4,5.8,-20.462765294822788,6.07997612585803,0.9781592526981918,93.75
104.315711007,-21.4,5.8,-20.463306422527044,6.180436360004865,1.011002810131027,93.75
104.615773189,-21.3,6.3,-20.466631174867167,6.3201297793406015,0.833611904137399,93.75
104.815735088,-21.3,6.3,-20.4702423696513,6.420283664395587,0.8384306083644152,93.75
105.116033763,-21.3,6.3,-20.476899417680183,6.580504837802159,0.8695846897488697,93.75
105.316401942,-21.3,6.3,-20.481604995668803,6.6804579212824216,0.9025068492708529,93.75
105.616045747,-21.6,6.9,-20.487899677972223,6.820029412897731,1.1149719373400258,93.75
105.816062983,-21.6,6.9,-20.4925135628976,6.920062858871448,1.1076681482609618,93.75
106.116011934,-21.6,6.9,-20.50009633709203,7.080058914498477,1.1145444272745426,93.75
106.316032277,-21.6,6.9,-20.504107789417603,7.180211920576047,1.131149175682895,93.75
106.615708589,-21.6,6.9,-20.50892718597941,7.319858556979822,1.1690684724873865,93.75
106.815748475,-21.6,6.9,-20.51219834472544,7.419120201296326,1.2053207973863271,93.75
107.1157193,-21.4,7.399999999999999,-20.51819161454557,7.579346989436722,0.8998618623309689,93.75
107.316001194,-21.4,7.399999999999999,-20.52222607500795,7.679590610832217,0.9212263419276935,93.75
107.615708275,-21.4,7.399999999999999,-20.52878993840104,7.820003870636134,0.967166078179232,93.75
107.815717199,-21.4,7.399999999999999,-20.53371282773553,7.919408091889913,1.0100684287466315,93.75
108.115717087,-20.9,7.899999999999999,-20.540557571754004,8.07996595624787,0.40197836338736914,93.75
108.315714597,-20.9,7.899999999999999,-20.545676003587023,8.180028525709998,0.45162093579170864,93.75
108.615725811,-20.7,8.5,-20.55249416316348,8.319417948364624,0.233169143056459,75.0
108.815707997,-20.7,8.5,-20.557722679838268,8.419329443550453,0.16355602865771574,75.0
109.115723564,-20.7,8.5,-20.564787476187888,8.55512523058262,0.1460178675451321,75.0
109.315866547,-20.7,8.5,-20.5666757711806,8.591595943715983,0.1617565049557808,75.0
109.615723519,-20.7,8.5,-20.56673122409472,8.595988735369348,0.1642388624811379,75.0
109.815755796,-20.7,8.5,-20.566706022508285,8.59597654893035,0.16425219140133743,75.0
110.116026401,-20.7,8.5,-20.566682341120213,8.595956440988951,0.16425966253603813,75.0
110.316039268,-20.7,8.5,-20.56667603273099,8.595943796742967,0.16425739673391856,75.0
110.615981549,-20.7,8.5,-20.56667442483134,8.595926212775282,0.16424843162557856,75.0
110.816037711,-20.8,9.0,-20.566677008892004,8.595913796959012,0.46661041315819873,75.0
111.115719703,-20.8,9.0,-20.56668704195026,8.595894191557411,0.4666223749574792,75.0
111.31604801,-20.8,9.0,-20.566693317548545,8.595882280400389,0.4666295526120207,75.0
111.615706922,-20.8,9.0,-20.5667065125819,8.595865823612632,0.46663720789923757,75.0
111.815740767,-20.8,9.0,-20.566718126639305,8.595854270801341,0.466641407151349,75.0
112.116036727,-20.8,9.0,-20.566734653452656,8.595836393001418,0.46664862918683997,75.0
112.316029318,-20.8,9.0,-20.56674325138181,8.595825625966627,0.46665365679612864,75.0
112.615721289,-20.8,9.0,-20.56675583016214,8.59581091612407,0.46666011002421964,75.0
112.815756272,-20.8,9.0,-20.56676536663069,8.595800652702765,0.46666423321101774,75.0
113.115726676,-20.8,9.0,-20.56678022476486,8.595784715156821,0.46667061195406606,75.0
113.316675711,-20.8,9.0,-20.56678945392403,8.595775035158594,0.4666743843431821,75.0
113.615744035,-21.2,8.7,-20.566801627467715,8.595761875363987,0.6417209406004811,75.0
113.81571155,-21.2,8.7,-20.566809706498603,8.595752753814022,0.6417144506100392,75.0
114.115757245,-21.2,8.7,-20.566822424869777,8.595738577496302,0.6417042043420652,75.0
114.316477684,-21.2,8.7,-20.566830209592023,8.595729976978374,0.6416979205094953,75.0
114.615743125,-21.2,8.7,-20.566840947894832,8.59571825303391,0.6416892300896232,75.0
114.815849332,-21.2,8.7,-20.56684856252073,8.595710108629184,0.6416830403121176,75.0
115.115743702,-21.2,8.7,-20.56715253584085,8.596753199904917,0.6412143281481929,75.0
115.315743678,-21.2,8.7,-20.56768004759227,8.597436495720014,0.6405839481466147,75.0
115.615705056,-21.2,8.7,-20.567052523599603,8.597801702169543,0.6411450693572187,75.0
115.816081951,-21.2,8.7,-20.56707602468568,8.596939702582771,0.6412598408066805,75.0
116.115716586,-21.2,8.7,-20.567071947662736,8.597404320852233,0.6411893580021683,75.0
116.316144869,-21.2,8.7,-20.56696643792801,8.597123836461396,0.6413384408672019,75.0
116.616064028,-21.2,8.7,-20.567117280568656,8.597115174161477,0.641190941875067,75.0
116.816046461,-20.5,8.8,-20.56710515047504,8.59766381136122,0.21317371895509482,75.0
117.116015882,-20.5,8.8,-20.567502083873425,8.597665757080323,0.21329715700199578,75.0
117.315870729,-20.5,8.8,-20.56782305685171,8.59793058775471,0.21314786981311243,75.0
117.615735111,-20.5,8.8,-20.567533415264656,8.597989720752194,0.21299980070198482,75.0
117.815742168,-20.5,8.8,-20.56730121644168,8.59830115149905,0.21263085199739742,75.0
118.116009599,-20.5,8.8,-20.566994334647465,8.59766186773195,0.21314070621206865,75.0
118.315883315,-20.5,8.8,-20.567518086603965,8.597619217827976,0.21334636863846776,75.0
118.616042823,-20.5,8.8,-20.567791291978214,8.597523421211699,0.21352382589746452,75.0
118.816074815,-20.5,8.8,-20.567202484577592,8.598852212196883,0.21207688811251818,75.0
119.115763719,-20.5,8.8,-20.56666742806773,8.599656834607663,0.2111443342469504,75.0
119.316112222,-20.2,9.2,-20.548091561789,8.602807898351426,0.6912352288911109,75.0
119.615718804,-20.2,9.2,-20.45459808154625,8.609781216938352,0.6427895417676025,75.0
119.815723887,-20.2,9.2,-20.35466659775412,8.613885369537591,0.6061782877198097,75.0
120.115707741,-20.2,9.2,-20.1946667666246,8.619659769971253,0.580364735289847,75.0
120.315724552,-20.2,9.2,-20.09454391934916,8.623698815739035,0.5858703268871249,75.0
120.616034584,-20.2,9.2,-19.95470490962699,8.629139479463932,0.6213303592033891,75.0
120.816458657,-20.2,9.2,-19.85446046085649,8.633157328572551,0.6638585596815895,75.0
121.116014829,-20.2,9.2,-19.69398932882533,8.63953814005812,0.7550922432339964,75.0
121.316339165,-19.7,9.5,-19.593814042642563,8.644125131236674,0.8624368084216698,75.0
121.615694672,-19.7,9.5,-19.45389721578344,8.650435781599956,0.884491911542904,75.0
121.815733052,-19.2,10.2,-19.35403274150144,8.655857888017808,1.551805705444877,75.0
122.11569919,-19.2,10.2,-19.194505000639733,8.663818947635633,1.5361908802818942,75.0
122.31591969,-19.2,10.2,-19.09444913512797,8.669043965651298,1.5345902919619736,75.0
122.615735379,-19.0,9.6,-18.95393229420635,8.675511193864631,0.9256358820760403,75.0
122.815692139,-19.0,9.6,-18.85423027965499,8.680303220978232,0.9311771994161356,75.0
123.115719497,-19.0,9.6,-18.69401728713712,8.687804852393452,0.9621462507788815,75.0
123.315716541,-19.0,9.6,-18.593576687187856,8.691485128809761,0.9952784436382683,75.0
123.615718863,-18.6,9.2,-18.45313969573114,8.696745760330563,0.5242449606006772,81.25
123.816021075,-18.6,9.2,-18.353036560205464,8.700512160063534,0.5572064633863703,81.25
124.116015646,-18.6,9.2,-18.19321381353729,8.705932003639433,0.639982957995461,81.25
124.316098853,-18.3,8.7,-18.09321736467496,8.707106829458896,0.20690472516819608,81.25
124.616047664,-18.3,8.7,-17.962025527516722,8.707766299067547,0.33806369141266385,81.25
124.816019883,-18.3,8.7,-17.90715992002753,8.706343772104873,0.39289129778768905,81.25
125.116025185,-18.3,8.7,-17.891069512871614,8.704866336181876,0.4089594411807791,81.25
125.315962137,-18.3,8.7,-17.891101032524077,8.70486799386827,0.4089279434902661,81.25
125.615715627,-18.3,8.7,-17.891157194586825,8.704861306615838,0.40887170584442417,81.25
125.815717731,-18.3,8.7,-17.891196300298173,8.70486153164569,0.40883260557328877,81.25
126.115707273,-18.3,8.7,-17.891257292538345,8.704871526695756,0.40877173663969485,81.25
126.315714631,-18.3,8.7,-17.891294416671073,8.704884036327563,0.40873476443176204,81.25
126.61571103,-18.3,8.7,-17.891345059315956,8.704905223283102,0.40868437914965283,81.25
126.815724632,-18.3,8.7,-17.89138030094805,8.704922907606216,0.4086493527128189,81.25
127.115694407,-18.3,8.7,-17.891435165093426,8.704955533576237,0.40859488694214163,81.25
127.316270671,-18.3,8.7,-17.891468489298184,8.704977917516038,0.40856183730141166,81.25
127.61571846900002,-18.3,8.7,-17.891513911063893,8.70501016404942,0.4085168131155928,81.25
127.815723733,-18.3,8.7,-17.89154548486962,8.705033410476506,0.40848552746874506,81.25
128.115740692,-18.3,8.7,-17.89159452589324,8.705070380857231,0.4084369474501611,81.25
128.315734806,-18.3,8.7,-17.891624288978218,8.705093130556179,0.40840746973018166,81.25
128.616049032,-18.3,8.7,-17.891664803599795,8.705123950406646,0.40836734380575074,81.25
128.816051837,-18.3,8.7,-17.891692958547573,8.705145586587749,0.40833946314428965,81.25
129.11608497100002,-18.3,8.7,-17.891736681868057,8.705179195480472,0.4082961682381181,81.25
129.31626822,-18.3,8.7,-17.8917631880315,8.705199554447441,0.4082699229831367,81.25
129.616035637,-18.3,8.7,-17.89179930046711,8.705227512647037,0.4082341705291419,81.25
129.816030266,-18.3,8.7,-17.891824386426347,8.70524688195459,0.40820933512901736,81.25
130.116012712,-18.3,8.7,-17.891863332425217,8.705276905299762,0.40817077939092133,81.25
130.316006579,-18.3,8.7,-17.891886961691547,8.705294982802856,0.4081473862224769,81.25
130.615717192,-18.3,8.7,-17.88789016610028,8.705977440142219,0.4121531814598895,81.25
130.815707078,-18.3,8.7,-17.877641586751913,8.705866105996638,0.422399148248438,81.25
131.115830596,-18.2,7.999999999999999,-17.877065046743024,8.705684932844699,0.7760658531845823,100.0
131.316416137,-18.2,7.999999999999999,-17.876355917047213,8.705384406013742,0.7760880444110132,100.0
131.61574373300002,-18.2,7.999999999999999,-17.87662530230013,8.705032762284063,0.7756561035706342,100.0
131.815717841,-18.2,7.999999999999999,-17.877273912390944,8.704325748362406,0.7747431106048712,100.0
132.11571269,-18.2,7.999999999999999,-17.877371780012105,8.704074633831171,0.7744740527203322,100.0
132.315764,-18.2,7.999999999999999,-17.877271656870523,8.704038477694152,0.7744828994451696,100.0
132.61575108,-18.2,7.999999999999999,-17.87675690989774,8.704773584006961,0.7753656556830952,100.0
132.815732502,-18.2,7.999999999999999,-17.876746837942697,8.70443287378591,0.775060178599263,100.0
133.115729933,-18.2,7.999999999999999,-17.87616102494561,8.705054677800037,0.7758696929588067,100.0
133.316159954,-18.3,8.5,-17.876760213843728,8.705022137148196,0.47028288646985833,81.25
133.61570762300002,-18.3,8.5,-17.876805466572275,8.705293154209746,0.4703603855433588,81.25
133.815730422,-18.3,8.5,-17.876087818836734,8.705325415152688,0.4710202367693156,81.25
134.11570458100002,-18.3,8.5,-17.87600500572743,8.704814914822618,0.47087249282793636,81.25
134.315719704,-18.3,8.5,-17.8759423943811,8.70482039458629,0.47093125498497124,81.25
134.61604664700002,-18.3,8.5,-17.875566810337304,8.70200649087929,0.4700533531894176,81.25
134.816025266,-18.3,8.5,-17.871714087272235,8.668523114327352,0.4602486970146089,81.25
135.116096634,-18.3,8.5,-17.867411776605415,8.533660345173585,0.4338958283469532,81.25
135.315969784,-18.3,8.5,-17.86474872186642,8.433219142063521,0.4403445901832429,81.25
135.61607040500002,-18.3,8.5,-17.860449701174975,8.292837344028898,0.48592265971671916,81.25
135.815758987,-18.3,8.5,-17.856804973552006,8.192694032287559,0.5393132570778499,81.25
136.115692895,-18.3,8.5,-17.851447983790056,8.032650686480215,0.6477764213781023,81.25
136.316224072,-18.1,7.899999999999999,-17.84793482635372,7.932392584810627,0.25413801627470967,100.0
136.615732678,-18.1,7.899999999999999,-17.843688181744685,7.791998442469703,0.2781368091539053,100.0
136.815712268,-18.1,7.899999999999999,-17.840806861844943,7.692123405042738,0.332255566691805,100.0
137.116008341,-18.1,7.899999999999999,-17.836300410028738,7.532049939191018,0.4526861175255379,100.0
137.31619960400002,-18.2,7.3,-17.83223565039017,7.432699953127566,0.39097300981525346,100.0
137.616041109,-18.2,7.3,-17.82958832668568,7.292344823504091,0.3704907683798574,100.0
137.815744133,-18.2,7.3,-17.82749477696122,7.192609023580176,0.3876763637463258,100.0
138.116025751,-18.6,6.999999999999999,-17.824552852342322,7.032671645068806,0.7761351140116863,100.0
138.316031092,-18.6,6.999999999999999,-17.823040873204512,6.9321410823981084,0.7799168657035886,100.0
138.61604036,-18.6,6.999999999999999,-17.8208916775057,6.7923732168834565,0.8062993608128495,100.0
138.816040716,-18.6,6.999999999999999,-17.81905287510953,6.691789793570661,0.8395665210225499,100.0
139.116448444,-18.8,6.4,-17.815293546727005,6.531774616926109,0.9934844481840187,100.0
139.316494823,-18.8,6.4,-17.81311692803575,6.4316472132354745,0.9873903705400247,100.0
139.616152937,-18.8,6.4,-17.811029165326257,6.291266711243185,0.9949302688727256,100.0
139.81601944800002,-18.6,5.7,-17.808685602740294,6.191225874327923,0.9313867805158751,100.0
140.116206878,-18.6,5.7,-17.80574204915555,6.030930051670972,0.8604419745564353,100.0
140.316000726,-18.6,5.7,-17.801108732388847,5.931243209525477,0.8316854449952819,100.0
140.61597639800002,-18.6,5.7,-17.794097786436755,5.791029089238531,0.8110269249006087,100.0
140.8158247,-18.6,5.7,-17.788881439103438,5.69086967573967,0.8111699468372894,100.0
141.115708071,-18.6,5.7,-17.78034340746246,5.531090470906357,0.8368795365576152,100.0
141.316035964,-18.6,5.7,-17.775532946159426,5.430677724219364,0.8673410004722587,100.0
141.616232236,-18.6,5.7,-17.769241517233336,5.291046043876171,0.9259605795702658,100.0
141.816041598,-18.6,5.7,-17.765428371253652,5.1908684028697865,0.9776117770898104,100.0
142.116016701,-18.5,5.1,-17.761592160780452,5.030505003349016,0.7416708782070397,100.0
142.31597529500002,-18.5,5.1,-17.758458205778243,4.93094184343717,0.7605687956247247,100.0
142.61574002700002,-18.5,5.1,-17.753902929326046,4.790473783182359,0.8077544910216821,100.0
142.81574059000002,-18.5,5.1,-17.750354280601833,4.690626602209314,0.8541400841961966,100.0
143.115691813,-18.0,4.7,-17.74645503912354,4.552239734894223,0.29345892920471106,100.0
143.31572789700002,-18.4,4.3,-17.746458756244603,4.513681802959457,0.6875871364455222,100.0
143.61769780400002,-18.4,4.3,-17.74705337002797,4.507832709579232,0.6852253182442068,100.0
143.81749722400002,-18.4,4.3,-17.746977537059358,4.507879044847174,0.6853116330485232,100.0
144.11602653900002,-18.4,4.3,-17.746894835922404,4.5079506489642265,0.685412159032406,100.0
144.31606529,-18.0,4.0,-17.746858706534713,4.507993660390233,0.5675720865704602,100.0
144.616095163,-18.0,4.0,-17.746821207134424,4.5080518432043695,0.5676408869525058,100.0
144.816056628,-18.0,4.0,-17.746799901470144,4.508092113741502,0.5676864327618163,100.0
145.115970111,-18.0,4.0,-17.74677112041473,4.508154505808808,0.5677551120243698,100.0
145.31621052600002,-18.0,4.0,-17.746755730566232,4.508192283210354,0.5677957878635554,100.0
145.616051149,-18.0,4.0,-17.746736732926752,4.508243666068966,0.5678502501081056,100.0
145.81603283,-18.0,4.0,-17.746724220801983,4.5082793406030985,0.5678877604001368,100.0
146.11602761400002,-18.0,4.0,-17.746704930568544,4.508334733659932,0.5679459425362597,100.0
146.315723108,-18.0,4.0,-17.74669329245338,4.508368325733411,0.5679811992461551,100.0
146.616045006,-18.0,4.0,-17.746677193561517,4.508414071580729,0.5680293235768412,100.0
146.816032667,-18.0,4.0,-17.746665634365552,4.508445880658602,0.5680629493023722,100.0
147.115988412,-18.0,4.0,-17.746646308638933,4.508495301970427,0.5681158025018093,100.0
147.31580322000002,-18.0,4.0,-17.74663411273266,4.508525292337447,0.5681480843738297,100.0
147.616067562,-18.0,4.0,-17.74661800638627,4.5085661134733765,0.5681918042889067,100.0
147.81606355300002,-18.0,4.0,-17.746607071642067,4.508594468406734,0.5682220599692843,100.0
148.116017478,-18.0,4.0,-17.74659023808738,4.508638483415158,0.5682689629422704,100.0
148.31586475400002,-18.0,4.0,-17.74658013164685,4.508665184703883,0.5682973691703689,100.0
148.61608457300002,-18.0,4.0,-17.746566091496447,4.508701547886751,0.5683361776288431,100.0
148.816043282,-18.0,4.0,-17.746556215206148,4.508726815707981,0.5683631982025357,100.0
149.116012855,-18.6,3.7,-17.74654079502821,4.508766050996979,1.1757955348598368,100.0
149.316034177,-18.6,3.7,-17.745454966101125,4.499729724661164,1.1703908951576192,100.0
149.61604089600002,-18.6,3.7,-17.74217813935002,4.425113885837255,1.1232312727319331,100.0
149.815882492,-18.6,3.7,-17.73785984461477,4.330245944543999,1.0679398850786623,100.0
150.115701386,-17.599999999999998,4.3,-17.733407077054228,4.169015521810864,0.18696090964325524,100.0
150.316227798,-17.599999999999998,4.3,-17.73085818237759,4.069145631318433,0.26536315387508574,100.0
150.61574267400002,-17.599999999999998,4.3,-17.72812191992184,3.928896889236116,0.3925974339996257,100.0
150.815740331,-18.2,3.6,-17.726156892839047,3.82924088552053,0.5263826306007663,100.0
151.11572179700002,-18.2,3.6,-17.722388635159806,3.669345426815033,0.48261931586362267,100.0
151.31579191,-18.7,3.3999999999999995,-17.719672355125475,3.569463322499116,0.9948668800285149,100.0
151.61582204200002,-18.7,3.3999999999999995,-17.715219156614726,3.4296336440075343,0.9852266045716466,100.0
151.815722372,-18.7,3.3999999999999995,-17.712143752042543,3.3297341538605867,0.9903520867662524,100.0
152.116014597,-18.7,3.3999999999999995,-17.709710659918095,3.1692997781986785,1.0168065545712384,100.0
152.315713862,-18.7,3.3999999999999995,-17.707888403359835,3.0692202632068173,1.0458014412214507,100.0
152.61573260400002,-18.8,2.8,-17.704679421117586,2.929030048747708,1.102894339455573,100.0
152.81603054200002,-18.8,2.8,-17.701827545523727,2.82907094854738,1.0985571718485512,100.0
153.115740084,-18.8,2.8,-17.69837885478707,2.668458325595505,1.1094468710512406,100.0
153.31638635200002,-18.8,2.8,-17.69626399011028,2.5681060056787546,1.1278333228494126,100.0
153.615735957,-18.6,2.3999999999999995,-17.692261000135623,2.428635721891273,0.9081905617451747,100.0
153.816027496,-18.6,2.3999999999999995,-17.689930341890882,2.3283945533980672,0.9128823158512335,100.0
154.115723575,-18.6,2.3999999999999995,-17.685313045085042,2.1686430939139294,0.9434925773345116,100.0
154.31632357400002,-18.6,2.3999999999999995,-17.682779096134393,2.06819078538954,0.975393018935677,100.0
154.615721654,-18.6,2.3999999999999995,-17.67832145801898,1.928031249037428,1.0354930403597258,100.0
154.816055369,-18.6,2.3999999999999995,-17.675041276323892,1.8285224615861029,1.0872604183985288,100.0
155.11601983,-18.6,2.3999999999999995,-17.669649928063738,1.6683069524531826,1.1836071866037987,100.0
155.31601903,-18.0,1.7999999999999998,-17.665825268336626,1.5687024323244558,0.4064127410587801,100.0
155.616282936,-18.0,1.7999999999999998,-17.660486539317905,1.4283359952019028,0.5033920166698044,100.0
156.615747107,-16.799999999999997,1.8999999999999997,-17.638166057787448,0.9286142757875626,1.2830091837670832,100.0
156.815744493,-16.799999999999997,1.8999999999999997,-17.63344272655935,0.8310002845133827,1.3555025526221458,100.0
157.115707057,-17.0,1.0,-17.62988129478615,0.7385685538038221,0.6819800925112843,81.25
157.315746928,-17.0,1.0,-17.62960337780345,0.7297725280563843,0.6851447291883296,81.25
157.616140863,-17.0,1.0,-17.629344355520345,0.7296581687032901,0.6849518403319882,81.25
157.81571231700002,-17.0,1.0,-17.62927855011769,0.729682067460126,0.6848819447838096,81.25
158.11603664700002,-17.0,1.0,-17.62920958180448,0.7297176429237285,0.6848045344339327,81.25
158.316111242,-17.099999999999998,0.1999999999999997,-17.629181665146387,0.729738584859819,0.7487697930715347,81.25
158.616054856,-17.099999999999998,0.1999999999999997,-17.629155291036685,0.729766553313513,0.7487709416382295,81.25
158.81614007500002,-17.099999999999998,0.1999999999999997,-17.629142006163296,0.7297857838574874,0.7487751594864857,81.25
159.11601408,-17.099999999999998,0.1999999999999997,-17.629125061607493,0.7298154543686389,0.7487841788586233,81.25
159.316014819,-17.099999999999998,0.1999999999999997,-17.62911478821497,0.7298334478376319,0.7487896510738432,81.25
159.616049344,-17.099999999999998,0.1999999999999997,-17.629101370291423,0.7298579231970409,0.7487974885233958,81.25
159.816067139,-17.099999999999998,0.1999999999999997,-17.62909337800895,0.7298748572182355,0.7488038240854338,81.25
160.115714837,-17.099999999999998,0.1999999999999997,-17.629082574542277,0.7299011089839446,0.7488147674737066,81.25
160.31609355,-17.099999999999998,0.1999999999999997,-17.62907626333017,0.7299170113628703,0.7488215617563199,81.25
160.61576060500002,-17.599999999999998,0.3999999999999999,-17.629067913020272,0.7299386595468542,0.3312166400272324,81.25
160.816040015,-17.599999999999998,0.3999999999999999,-17.629062331815085,0.7299536877977464,0.33123112055159154,81.25
161.116010226,-17.599999999999998,0.3999999999999999,-17.62905340136982,0.7299770349559296,0.3312535942891229,81.25
161.316057615,-17.599999999999998,0.3999999999999999,-17.629048279632475,0.729991181654471,0.33126723731652163,81.25
161.616035189,-17.599999999999998,0.3999999999999999,-17.629041658162375,0.7300104320138019,0.3312858330003814,81.25
161.816062477,-17.4,-0.2000000000000001,-17.62903695174117,0.7300238118911192,0.9578111588133519,56.25
162.116073519,-17.4,-0.2000000000000001,-17.62905127995298,0.7300168070394629,0.9578077835473964,56.25
162.316022448,-17.4,-0.2000000000000001,-17.629369969229828,0.7285180623338677,0.9564289701095074,56.25
162.61603889300002,-17.4,-0.2000000000000001,-17.62902688724564,0.7290733699591042,0.9568859084805222,56.25
162.815742003,-17.4,-0.2000000000000001,-17.62901329004324,0.7298190741634165,0.9576067030334232,56.25
163.115701711,-17.4,-0.2000000000000001,-17.630124730679135,0.7289905183528879,0.9570688454127595,56.25
163.316652154,-17.4,-0.2000000000000001,-17.630033873579556,0.7289951834657202,0.9570515314738927,56.25
163.616043843,-17.9,-0.3000000000000002,-17.629988402674783,0.7289433036089085,1.0637812673344689,56.25
163.81604563300002,-17.9,-0.3000000000000002,-17.629840312287367,0.7294196641256495,1.0642796163384656,56.25
164.11580606,-17.9,-0.3000000000000002,-17.629810992952436,0.7291275992347751,1.0640045653267096,56.25
164.316103078,-17.9,-0.3000000000000002,-17.630161734055616,0.7294552573409866,1.0642325012114922,56.25
164.616100651,-17.599999999999998,0.5999999999999996,-17.630465252522413,0.7292839211305049,0.132824936943833,81.25
164.81577276200002,-17.599999999999998,0.5999999999999996,-17.62999507953955,0.7287716700646522,0.132218938915058,81.25
165.115712616,-17.599999999999998,0.5999999999999996,-17.630191528573757,0.7292440054585713,0.13272355233565522,81.25
165.31572205700002,-17.599999999999998,0.5999999999999996,-17.629653214059324,0.729072536934711,0.13243501385513823,81.25
165.61604236800002,-17.599999999999998,0.5999999999999996,-17.629640158483543,0.7290259904369646,0.13238672593266076,81.25
165.816053509,-17.599999999999998,0.5999999999999996,-17.629652796012593,0.7290312943838523,0.13239472512806924,81.25
166.115761155,-17.599999999999998,0.5999999999999996,-17.63033024668633,0.7287534332502612,0.13227762636887377,81.25
166.31578575,-17.599999999999998,0.5999999999999996,-17.630469757067655,0.7286255181614504,0.13218521104141606,81.25
166.61573428,-17.599999999999998,0.5999999999999996,-17.601508916331056,0.7249990509434446,0.12500815799481285,81.25
166.816041759,-17.599999999999998,0.5999999999999996,-17.531813677267927,0.7210024372756431,0.13889191637517348,81.25
167.116004988,-17.599999999999998,0.5999999999999996,-17.37243023740524,0.718606184738556,0.2566231164678487,81.25
167.31619368,-17.599999999999998,0.5999999999999996,-17.27218767523384,0.7180026776512993,0.3484042941777108,81.25
167.61587371800002,-17.4,0.0999999999999996,-17.13257439531049,0.7162764808404218,0.6717984481082145,81.25
167.816702364,-17.4,0.0999999999999996,-17.032665912347344,0.7150237356962353,0.7163717801682038,81.25
168.116008501,-17.4,0.0999999999999996,-16.872087077751047,0.7131761594214473,0.8091211627193199,81.25
168.31602214400002,-17.4,0.0999999999999996,-16.772009712170018,0.7118940615612184,0.8768045073918511,81.25
168.616066485,-16.9,0.5999999999999996,-16.63242790445036,0.7110992816264171,0.28972034221768245,87.5
168.816079317,-16.9,0.5999999999999996,-16.532785225667237,0.7106682608420456,0.3835285575365471,87.5
169.116027467,-16.9,0.5999999999999996,-16.37268312919603,0.7107198019586675,0.5388153271578823,87.5
169.316244727,-16.9,0.5999999999999996,-16.273012026713978,0.7113726815848096,0.6368027896049945,87.5
169.616059408,-16.9,0.5999999999999996,-16.134693339191394,0.7121153357187655,0.773475360681482,87.5
169.81606865,-16.4,0.0,-16.06466172709682,0.7149868250759085,0.7897201512598087,68.75
170.11609281600002,-16.4,0.0,-16.034560335999085,0.7179390990106415,0.8055946238110778,68.75
170.316290089,-16.4,0.0,-16.0343347560809,0.7182728998673248,0.8059944350268374,68.75
170.616040069,-16.4,0.0,-16.0343746116644,0.7183074829599476,0.8060071740820998,68.75
170.816035601,-16.4,0.0,-16.034403427117564,0.7183084894589802,0.8059950000665161,68.75
171.11604316100002,-16.4,0.0,-16.034448185072197,0.7182961980648053,0.8059637445638381,68.75
171.316340289,-16.4,0.0,-16.03447532989068,0.7182839856600026,0.8059405489948659,68.75
171.616073792,-16.4,0.0,-16.034512293637118,0.7182595225774908,0.8059019824244413,68.75
171.815728578,-16.4,0.0,-16.03453797449552,0.7182390970370348,0.8058721316675559,68.75
172.116020641,-16.4,0.0,-16.034577849471024,0.7182021809020246,0.8058211468741964,68.75
172.315755147,-16.4,0.0,-16.034602039900218,0.7181795278976216,0.8057899872400572,68.75
172.615779433,-16.4,0.0,-16.034634965790257,0.7181484450628012,0.8057473533119452,68.75
172.81572174,-16.4,0.0,-16.03465784658951,0.7181259718116382,0.8057169480959316,68.75
173.116023713,-16.4,0.0,-16.034693376586013,0.7180914563326337,0.8056700743902868,68.75
173.316378953,-16.4,0.0,-16.03471492573416,0.7180707054266605,0.8056418084194369,68.75
173.616069804,-16.4,0.0,-16.034744269751492,0.7180426463043754,0.8056034945251666,68.75
173.816116701,-16.4,0.0,-16.03476465987336,0.7180229222025162,0.8055766695266575,68.75
174.11572328,-16.4,0.0,-16.034796313531118,0.7179926752278599,0.8055353588088606,68.75
174.315942347,-16.4,0.0,-16.03481551349853,0.7179746969525274,0.8055106297532116,68.75
174.61575035200002,-16.4,0.0,-16.034841655680676,0.7179500526756635,0.8054768119337867,68.75
174.815725966,-16.299999999999997,0.5999999999999996,-16.034859825819577,0.7179329272241022,0.2901852637334793,87.5
175.115747223,-16.299999999999997,0.5999999999999996,-16.034888032469585,0.7179063122089331,0.29014867531415145,87.5
175.31611924700002,-16.299999999999997,0.5999999999999996,-16.03490513982654,0.7178901693042608,0.2901264843287687,87.5
175.61603976100002,-16.299999999999997,0.5999999999999996,-16.034928436839973,0.7178681036255171,0.2900962313584484,87.5
175.816049228,-16.299999999999997,0.5999999999999996,-16.033415739766458,0.7184393198850846,0.29171054197458307,87.5
176.11571383700002,-15.9,0.3999999999999999,-16.032942936949283,0.7178258694908747,0.34450995312520577,87.5
176.31644405100002,-15.9,0.3999999999999999,-16.032405899330367,0.7181025581049614,0.34455849960551493,87.5
176.616093705,-15.9,0.3999999999999999,-16.032218290853173,0.7173795783204973,0.34381895406017227,87.5
176.815746225,-15.9,0.3999999999999999,-16.03271618619064,0.7172220948506715,0.3438654439434662,87.5
177.11572711800002,-15.9,0.3999999999999999,-16.032848225093687,0.7170680808355097,0.3437743719291132,87.5
177.315712472,-15.9,0.3999999999999999,-16.032709140297527,0.7171393346121028,0.3437863776776444,87.5
177.615744557,-15.9,0.3999999999999999,-16.03235985392164,0.7170096226232072,0.34353199525788897,87.5
177.816078104,-15.9,0.3999999999999999,-16.032501907241166,0.7162509268270698,0.34288686784641825,87.5
178.11603154000002,-15.9,0.3999999999999999,-16.03212558510666,0.7160962251224878,0.34259888175016484,87.5
178.31627386600002,-15.9,0.3999999999999999,-16.033009056427215,0.7162680353336368,0.3430989350981091,87.5
178.615732616,-15.9,0.3999999999999999,-16.031984680735345,0.7154697746702801,0.3419665695346962,87.5
178.816042667,-15.9,0.3999999999999999,-16.032330651113288,0.7158252493748578,0.3424280791155389,87.5
179.115692472,-15.9,0.3999999999999999,-16.032633349496457,0.7152495091411742,0.34201441257993886,87.5
179.31705401500002,-15.9,0.3999999999999999,-16.03251993512248,0.7149075427046951,0.341655226298641,87.5
179.61576690500002,-15.9,0.3999999999999999,-16.032215502596454,0.7139577114436018,0.34066168510963607,87.5
179.81582461300002,-15.9,0.3999999999999999,-16.03177281566229,0.7143204210501597,0.3408245913027953,87.5
180.116086445,-15.9,0.3999999999999999,-16.0316105746736,0.7160240284426491,0.3423339450288789,87.5
180.31657089,-15.9,0.3999999999999999,-16.030880566301978,0.7418964830420619,0.3660914199377763,87.5
180.616077303,-15.9,0.3999999999999999,-16.031893239932582,0.8462078571873333,0.4652926805308948,87.5
180.816086493,-15.9,0.3999999999999999,-16.03558789501112,0.9474954049201356,0.5640348355218935,87.5
181.115713877,-15.9,0.3999999999999999,-16.04264163403554,1.1076866436430863,0.721918985310087,87.5
181.315771388,-16.2,0.6999999999999997,-16.046952907654106,1.2076868833043537,0.5302540749063803,87.5
181.615733147,-16.2,0.6999999999999997,-16.05336833891389,1.3473545520510446,0.6637535386678403,87.5
181.816050507,-16.5,1.2999999999999998,-16.05885136297817,1.447138715863955,0.4650396990067744,100.0
182.117044084,-16.5,1.2999999999999998,-16.066896035580434,1.6074390170629735,0.5311287915455081,100.0
182.316457001,-16.5,1.2999999999999998,-16.072373131055365,1.7074407100763866,0.5906544431991879,100.0
182.616048561,-16.5,1.2999999999999998,-16.081002441191075,1.8474184305193595,0.6893662976677334,100.0
182.815726368,-16.5,1.2999999999999998,-16.08692497010444,1.947288583080454,0.7678629370594201,100.0
183.115717726,-16.5,1.2999999999999998,-16.09728254093442,2.1067890604178348,0.9017149992354185,100.0
183.316222373,-16.5,1.2999999999999998,-16.103358834574234,2.2072909384610804,0.990202535405711,100.0
183.615737042,-16.5,1.2999999999999998,-16.112383707810714,2.347214266968312,1.1166486067302235,100.0
183.816040608,-16.5,1.2999999999999998,-16.119442413343698,2.4473740894987874,1.208838855271802,100.0
184.116033845,-16.5,1.2999999999999998,-16.12911161212806,2.607030860027556,1.358634559152173,100.0
184.316258453,-16.5,1.2999999999999998,-16.13470456854888,2.706733729721184,1.4533893279415306,100.0
184.616075093,-16.5,1.7999999999999998,-16.141164732954536,2.8473821352964825,1.1071459191153663,100.0
184.815906935,-16.5,1.7999999999999998,-16.145111436593293,2.947249395681856,1.200885951424722,100.0
185.116020676,-16.5,1.7999999999999998,-16.151614793264816,3.10630737702925,1.351965685789753,100.0
185.315981784,-16.5,1.7999999999999998,-16.155238142790573,3.205984574467988,1.4476371651171513,100.0
185.61577099,-16.5,1.7999999999999998,-16.157507657022183,3.346107758481124,1.5835877638558467,100.0
185.81606772,-16.099999999999998,2.2,-16.158076712592273,3.4462020344585573,1.2475545740504392,100.0
186.115747152,-16.099999999999998,2.2,-16.159864125584694,3.606177890498938,1.4074515882473766,100.0
186.316080641,-16.099999999999998,2.2,-16.16123368632613,3.705668306463063,1.5069129415558271,100.0
186.616096422,-15.4,2.1,-16.163414678864036,3.8457876429798095,1.9054071654861797,100.0
186.815742825,-15.4,2.1,-16.165061847797496,3.9457999517622375,1.9980733452205393,100.0
187.116071802,-15.4,2.1,-16.167114565475266,4.106562914651877,2.1481991264825853,100.0
187.316544289,-15.4,2.1,-16.16896762965458,4.206641528403964,2.2425988818004825,100.0
187.616076616,-15.1,2.7,-16.172899799560255,4.316536614864232,1.9401815912674631,100.0
187.815973138,-15.1,2.7,-16.174797302451342,4.346968334454606,1.9666453508583748,100.0
188.115738527,-15.0,3.2,-16.175291308972575,4.349381503428239,1.6438940055153883,100.0
188.315754227,-15.0,3.2,-16.175261251992563,4.349341220404367,1.6438443513166703,100.0
188.616077008,-15.0,3.2,-16.175191285632902,4.349286879978334,1.6437563354456908,100.0
188.816051639,-15.799999999999995,3.9,-16.175142939910195,4.349249118915035,0.5852836886591004,100.0
189.115742487,-15.799999999999995,3.9,-16.175074407659242,4.349190390354833,0.5851946839027692,100.0
189.31612201,-16.2,4.3,-16.17503808913287,4.349154665280307,0.0551296482208764,100.0
189.615731458,-16.2,4.3,-16.174996790301936,4.349105908730244,0.05510490692695495,100.0
189.815735568,-16.2,4.3,-16.17497094725564,4.3490719579656405,0.055086391603203326,100.0
190.116049419,-16.2,4.3,-16.17493634020761,4.349019174251889,0.05505512225511581,100.0
190.315978835,-16.2,4.3,-16.174917613390924,4.348987117938462,0.05503511462624458,100.0
190.615761638,-16.2,4.3,-16.174893977207,4.348943443531447,0.055007027234696575,100.0
190.815723516,-16.2,4.3,-16.17487823298105,4.3489130866218,0.054987209613018596,100.0
191.116045026,-16.2,4.3,-16.174852815739104,4.348865964809642,0.05495692306733145,100.0
191.316033302,-16.2,4.3,-16.174837487509322,4.348837385817402,0.0549385319090459,100.0
191.616060466,-16.2,4.3,-16.17481786381725,4.348798444309167,0.054912914234462276,100.0
191.81606538000003,-16.2,4.3,-16.174804703358202,4.34877138196128,0.054894905695166474,100.0
192.115725018,-16.2,4.3,-16.174784553913817,4.348729354632069,0.05486682717437874,100.0
192.316461976,-16.2,4.3,-16.174772298511108,4.348703865514857,0.05484982623948647,100.0
192.616066441,-16.2,4.3,-16.17475586368267,4.348669159209583,0.054826576371096884,100.0
192.81606621,-16.2,4.3,-16.174744411910133,4.348645035991806,0.054810439301369744,100.0
193.116041149,-16.2,4.3,-16.174726581806993,4.348607588252602,0.054785429658742606,100.0
193.316215941,-16.2,4.3,-16.174715834185534,4.348584875318285,0.05477023964368527,100.0
193.616079032,-16.2,4.3,-16.17470117802084,4.348553939643033,0.05474957030326798,100.0
193.816120855,-16.2,4.3,-16.174691022926677,4.348532455844183,0.05473521344404891,100.0
194.116348122,-15.9,3.8,-16.174205256319713,4.353090095222552,0.6173306861210217,100.0
194.316409187,-15.9,3.8,-16.17359971330141,4.39077320130069,0.6510528231208891,100.0
194.616411081,-15.9,3.8,-16.17464790963007,4.507549729688303,0.7589849104205946,100.0
194.816090636,-15.9,3.8,-16.177106043811577,4.608605124832486,0.8547689789775157,100.0
195.116407217,-15.9,3.8,-16.180341414111368,4.768538950199424,1.0082950989265813,100.0
195.316479518,-15.9,3.8,-16.181744046866218,4.868250598308599,1.1047800906656642,100.0
195.616385554,-15.799999999999995,4.5,-16.18406739520593,5.008551595664075,0.6372852497216203,100.0
195.816034764,-15.799999999999995,4.5,-16.18601896993759,5.108676316283102,0.7207617520066165,100.0
196.115737645,-15.799999999999995,4.5,-16.190129713715105,5.268292479884025,0.8616696165989481,100.0
196.315719582,-16.299999999999997,4.9,-16.192197577290308,5.36871110761344,0.48094850529167466,100.0
196.616069391,-16.299999999999997,4.9,-16.195684327869326,5.50868366788581,0.6175577438612494,100.0
196.816081088,-16.299999999999997,4.9,-16.196601845296243,5.608376920738845,0.7158833984886008,100.0
197.115739757,-16.299999999999997,4.9,-16.19913567570368,5.768732849449107,0.8745686797660411,100.0
197.316369084,-16.299999999999997,4.9,-16.200871403360782,5.869077113591834,0.9741339388190615,100.0
197.616034362,-16.299999999999997,4.9,-16.20354875323473,6.009048552661525,1.1132347170130825,100.0
197.816047607,-16.299999999999997,4.9,-16.206004295036227,6.108975128381967,1.2126236240473915,100.0
198.115733841,-15.6,4.9,-16.210442851421373,6.269179194999839,1.499097109220034,100.0
198.315995856,-15.6,4.9,-16.21416728713483,6.369152938561318,1.5923604533741453,100.0
198.615743086,-15.699999999999996,5.5,-16.21908163002915,6.5091360813317545,1.1348133631920867,100.0
198.816343931,-15.699999999999996,5.5,-16.222736379181654,6.609024936478249,1.2260463416406966,100.0
199.116023439,-15.699999999999996,5.5,-16.228950372389267,6.76895413704895,1.374784746200071,100.0
199.316028144,-16.0,5.999999999999999,-16.23230642186269,6.868978056478827,0.8994938222580334,100.0
199.616038042,-16.0,5.999999999999999,-16.237643088528078,7.008062602396187,1.0356951519993411,100.0
199.816049867,-16.0,5.999999999999999,-16.2402871090522,7.108065301371931,1.1338194772013461,100.0
200.11604290800005,-16.0,5.999999999999999,-16.244146024940957,7.268269199130819,1.2915548935133963,100.0
200.316428672,-15.9,6.499999999999999,-16.24711383304536,7.3677133972780595,0.9345665053420628,100.0
200.61607898800003,-15.9,6.499999999999999,-16.249867802095128,7.508001858944209,1.066993545705811,100.0
200.815717114,-15.9,6.499999999999999,-16.25232735800348,7.607886657161147,1.1625607133880862,100.0
201.115691307,-15.9,6.499999999999999,-16.257240938773776,7.767881208239844,1.3172485895015025,100.0
201.315712996,-16.299999999999997,7.499999999999999,-16.259551951938196,7.868398353740963,0.3706121849468281,100.0
201.616026425,-16.299999999999997,7.499999999999999,-16.264706241298267,8.008210496932232,0.5094345479013014,100.0
201.816058044,-16.299999999999997,7.499999999999999,-16.26817290665297,8.108577759435574,0.609409429817545,100.0
202.115712213,-16.599999999999998,7.999999999999999,-16.273795112355476,8.268081381044686,0.42222891372572047,100.0
202.315982603,-16.599999999999998,7.999999999999999,-16.277750414960064,8.368288760758446,0.4893683749072904,100.0
202.615977629,-16.599999999999998,7.999999999999999,-16.28276060907981,8.484929890821507,0.5794806555559657,100.0
202.815779742,-16.599999999999998,7.999999999999999,-16.285040492108855,8.521340760989832,0.609094147632768,100.0
203.116016926,-16.599999999999998,7.999999999999999,-16.285799087110963,8.525799068594146,0.6125249988325178,100.0
203.316063442,-16.599999999999998,7.999999999999999,-16.28582393937466,8.5257778593086,0.612494044386713,100.0
203.615722802,-16.5,8.5,-16.285844230138252,8.525749328547313,0.2156982190137769,75.0
203.816052772,-16.5,8.5,-16.285849597332227,8.525729845177466,0.21569056515208462,75.0
204.116035945,-16.5,8.5,-16.285848724046545,8.525699903762025,0.21568786253720942,75.0
204.316157239,-16.5,8.5,-16.285846288996368,8.525681818315045,0.21568812607233226,75.0
204.615774803,-16.5,8.5,-16.285839494859683,8.525657323759518,0.21569195679129155,75.0
204.816060637,-16.5,8.5,-16.285832073862178,8.525640406606424,0.21569731346754978,75.0
205.116039882,-16.5,8.5,-16.285817748650096,8.525614241648466,0.21570842859874367,75.0
205.316033763,-16.5,8.5,-16.285808179298932,8.525598413457,0.21571605138875,75.0
205.61603548500003,-16.5,8.5,-16.285795111548698,8.525576843487219,0.2157264683788352,75.0
205.816083061,-16.5,8.5,-16.28578648252775,8.525561845267323,0.2157332589131868,75.0
206.115704871,-16.5,8.5,-16.285773489553385,8.52553854036725,0.2157434004140642,75.0
206.31600828,-16.799999999999997,7.999999999999999,-16.285765744117278,8.525524416529615,0.7352637501550363,100.0
206.616066731,-16.799999999999997,7.999999999999999,-16.285755442205136,8.525505134450023,0.7352571737528101,100.0
206.816100117,-16.799999999999997,7.999999999999999,-16.285748419145207,8.525491743506016,0.7352525150617606,100.0
207.116025193,-16.799999999999997,7.999999999999999,-16.285737289004622,8.525470962308988,0.7352454475549289,100.0
207.316383032,-16.799999999999997,7.999999999999999,-16.285730595219295,8.525458354891754,0.7352411192384758,100.0
207.616047221,-16.799999999999997,7.999999999999999,-16.285721507680165,8.525441184869434,0.7352352048288734,100.0
207.816055354,-16.799999999999997,7.999999999999999,-16.2857151518057,8.525429259785403,0.7352311283677184,100.0
208.116029066,-16.799999999999997,7.999999999999999,-16.285705248623326,8.525410741401798,0.735224821720526,100.0
208.315718621,-16.4,8.399999999999999,-16.285699276398145,8.525399506359737,0.16967525338473316,75.0
208.616068705,-16.4,8.399999999999999,-16.2857239915043,8.527628986009912,0.17131305901076904,75.0
208.816035147,-16.4,8.399999999999999,-16.28462863755601,8.527270571444284,0.17177994536015184,75.0
209.115736504,-16.4,8.399999999999999,-16.285077528976608,8.526728714807573,0.17107700459998057,75.0
209.316092357,-16.4,8.399999999999999,-16.28541489185821,8.527374454684919,0.17133008700793417,75.0
209.615763505,-16.4,8.399999999999999,-16.285710653629437,8.527666926346011,0.17135022257484386,75.0
209.816071188,-16.4,8.399999999999999,-16.285620004456042,8.526391471850232,0.17046286263319585,75.0
210.116033842,-16.4,8.399999999999999,-16.285784616475144,8.526235314312125,0.17023662477037893,75.0
210.316111047,-16.4,8.399999999999999,-16.286368091407077,8.526612883415043,0.17012652026401293,75.0
210.61605903,-16.4,8.399999999999999,-16.28634364223465,8.527087063490217,0.17049600982736057,75.0
210.816030654,-16.4,8.399999999999999,-16.285803070561364,8.527006462808787,0.17079689777162976,75.0
211.116019277,-16.4,8.399999999999999,-16.286080947118446,8.52697230148642,0.17058580232302098,75.0
211.316023567,-16.4,8.399999999999999,-16.286559868731384,8.526537187097693,0.16994211691289898,75.0
211.616037884,-16.4,8.399999999999999,-16.285690343368273,8.526713631321469,0.17065474491480295,75.0
211.816038093,-16.4,8.399999999999999,-16.286083573923246,8.52670766840433,0.17038716313901694,75.0
212.116032932,-16.4,8.399999999999999,-16.285051176064584,8.527161562269843,0.17141556242955971,75.0
212.316119765,-16.4,8.399999999999999,-16.25846658382687,8.530500813291846,0.19251537643385724,75.0
212.616077365,-16.4,8.399999999999999,-16.152710557389504,8.536410436302697,0.2824179094159957,75.0
212.816149792,-16.099999999999998,8.8,-16.051321804189847,8.539611424304908,0.2648995603995035,75.0
213.116098084,-16.099999999999998,8.8,-15.891800388091792,8.544589846430927,0.3295169569914504,75.0
213.316037377,-16.099999999999998,8.8,-15.79191203116541,8.547465627679248,0.3983614009213979,75.0
213.615735147,-16.099999999999998,8.8,-15.652021455117644,8.551226321531379,0.5124188909219877,75.0
213.816007879,-16.099999999999998,8.8,-15.551687486088651,8.55443251394347,0.6007911476710566,75.0
214.115711943,-16.099999999999998,8.8,-15.391213003988875,8.559039934938939,0.7486259137037015,75.0
214.316169778,-16.099999999999998,8.8,-15.291115078856476,8.562729756179946,0.8429661821542954,75.0
214.616064078,-16.099999999999998,8.8,-15.150828246385965,8.567753864118458,0.9771720859145777,75.0
214.816040436,-15.6,8.5,-15.050671797778245,8.57114676936264,0.5539163624112633,75.0
215.116048965,-15.6,8.5,-14.890930393209468,8.577479310762955,0.7132900888631372,75.0
215.31603394,-15.6,8.5,-14.791050347881123,8.580823543605419,0.8129772351451104,75.0
215.616043422,-15.6,8.5,-14.655786185611596,8.58591701795945,0.9481146878183792,75.0
215.81604103900003,-15.6,8.5,-14.59262499864252,8.586218134557328,1.0110578421072292,75.0
216.11603492,-15.6,8.5,-14.568612410053674,8.58537918102178,1.0349154386940216,75.0
216.316408816,-15.0,8.7,-14.568626837462888,8.585458949950983,0.4463210251641755,81.25
216.615747721,-15.0,8.7,-14.568672081823529,8.58550908045049,0.44626443243635355,81.25
216.816044356,-15.0,8.7,-14.568702828904035,8.585527184029628,0.4462300700216968,81.25
217.115714023,-15.0,8.7,-14.568749985084269,8.58554115628849,0.4461809075572306,81.25
217.315938167,-15.0,8.7,-14.56877858897826,8.585549716120035,0.446151065003531,81.25
217.616072704,-15.0,8.7,-14.56881770435379,8.585565365003587,0.44610924420538206,81.25
217.816064067,-15.0,8.7,-14.568844964071571,8.585578249749656,0.44607959148205445,81.25
218.116037649,-15.0,8.7,-14.56888741714656,8.585601364585212,0.44603262983702235,81.25
218.316059297,-15.0,8.7,-14.568913262623916,8.585617759272568,0.4460034440846676,81.25
218.616063402,-14.5,9.1,-14.568948564949372,8.585642846762022,0.5189577879709041,81.25
218.816043035,-14.5,9.1,-14.568973178971415,8.585662130774162,0.5189419458255398,81.25
219.116026262,-14.5,9.1,-14.56901139449318,8.585692200641482,0.5189172236984377,81.25
219.316459702,-14.5,9.1,-14.569034577534865,8.585710566562124,0.518902104679937,81.25
219.616054777,-14.5,9.1,-14.569066144579365,8.585735515453278,0.5188815783906411,81.25
219.816052038,-14.5,9.1,-14.569088085281477,8.585753076448185,0.5188670946498404,81.25
220.116049526,-14.5,9.1,-14.569122176716434,8.585780888976213,0.5188440704644421,81.25
220.316018895,-14.5,9.1,-14.569142858463492,8.585797880761575,0.5188299859354597,81.25
220.616042991,-14.5,9.1,-14.569171026687128,8.585821165203859,0.518810664004961,81.25
220.816030654,-14.5,9.1,-14.569190596122402,8.58583728414552,0.5187972985344358,81.25
221.115718525,-14.5,9.1,-14.56922099121903,8.585862548421584,0.5187763147454714,81.25
221.31587401,-14.9,9.5,-14.569239425926236,8.585877939429567,0.9721222654497429,81.25
221.615709498,-14.9,9.5,-14.568306310676192,8.586015163034345,0.9723111568527711,81.25
221.816072986,-14.9,9.5,-14.56852351082532,8.585410012177208,0.9728059974636599,81.25
222.116015612,-14.4,9.5,-14.568660498163846,8.5859981475849,0.9294330260212994,81.25
222.31603302,-14.4,9.5,-14.56836272329347,8.585992885820877,0.9293842108433097,81.25
222.616059388,-14.4,9.5,-14.568053612975362,8.585587427807425,0.9297270400595613,81.25
222.816055195,-14.4,9.5,-14.569170186132672,8.585207565056734,0.9303030425111979,81.25
223.11603831500005,-14.4,9.5,-14.569464323377506,8.585228513767193,0.930335976366804,81.25
223.317875767,-14.6,8.7,-14.569602694441368,8.585839067493405,0.11813854026523296,81.25
223.615724064,-14.6,8.7,-14.5696043426716,8.585605927938516,0.11836342216763278,81.25
223.815722455,-14.6,8.7,-14.569322184286865,8.585710094342646,0.11833558599210857,81.25
224.115715484,-14.6,8.7,-14.5692978805093,8.585848904833682,0.11820783674905316,81.25
224.316108486,-14.6,8.7,-14.569446328424576,8.5867065494912,0.11734109584850703,81.25
224.615732406,-14.6,8.7,-14.568875984214465,8.587108605881877,0.11710325027321601,81.25
224.815852921,-14.6,8.7,-14.56891248108777,8.587379549184986,0.11683235756371231,81.25
225.116032856,-14.6,8.7,-14.568411316831368,8.5863985601782,0.1179115432598274,81.25
225.316035039,-14.6,8.7,-14.567676009242522,8.580544270599898,0.12375181479477294,81.25
225.616063728,-14.6,8.7,-14.563695556618764,8.510319221486768,0.1931238212821168,81.25
225.816073288,-14.6,8.7,-14.562157648571231,8.415420340180535,0.28708470238697875,81.25
226.116032378,-14.699999999999996,8.2,-14.560414364850963,8.254342931226278,0.14979086659146743,100.0
226.316100808,-14.699999999999996,8.2,-14.558630972373091,8.15438619101025,0.14854568840168264,100.0
226.616075577,-14.699999999999996,8.2,-14.556082174217767,8.014335630786967,0.23491189534197104,100.0
226.815718179,-14.699999999999996,8.2,-14.554354589984376,7.913640589148656,0.3212698206208395,100.0
227.115769552,-14.699999999999996,8.2,-14.551141178289011,7.753841138331576,0.47033677152275255,100.0
227.316114976,-14.699999999999996,8.2,-14.549391655348948,7.653766823557438,0.5666158809326285,100.0
227.61575427,-14.699999999999996,8.2,-14.546140226633856,7.513948162397121,0.703093133047512,100.0
227.816047096,-14.699999999999996,8.2,-14.543755643670892,7.4135626964377614,0.8018079142281769,100.0
228.116034307,-14.699999999999996,8.2,-14.538741007676894,7.253430377136111,0.9602075366990965,100.0
228.315700113,-15.0,7.6,-14.53552595529577,7.153546311598112,0.6442492018555842,100.0
228.615712515,-14.4,7.3,-14.53076895053336,7.012818977913075,0.3155526229814722,100.0
228.815716591,-14.4,7.3,-14.52664642823427,6.913164373310476,0.4070394573757867,100.0
229.116642027,-14.4,7.3,-14.52016406440888,6.753142084461818,0.5599044402056712,100.0
229.316302671,-14.4,7.3,-14.515496878602669,6.653220521097682,0.6570108243370986,100.0
229.61582708300003,-14.6,6.7,-14.509219715525854,6.513354655726422,0.2075513059178606,100.0
229.816067849,-14.6,6.7,-14.504683803840836,6.413111305362814,0.3023082869537005,100.0
230.115710372,-14.6,6.7,-14.496721615354076,6.2528845992767,0.4588884464649644,100.0
230.315714159,-14.6,6.7,-14.492213759962103,6.152880467145288,0.5576357742941759,100.0
230.615750076,-14.6,6.7,-14.48489790519817,6.012845921903706,0.6967275071878083,100.0
230.815708265,-14.6,6.7,-14.479764085276749,5.913284783250386,0.7958501790253797,100.0
231.116023627,-14.6,6.7,-14.47128423487144,5.753283815346625,0.9554262307877436,100.0
231.316545272,-14.6,6.7,-14.465383917392751,5.653549845566478,1.0550731801209163,100.0
231.615771225,-14.6,6.7,-14.45660297995708,5.513888206952408,1.1947484634699324,100.0
231.815725428,-14.6,6.7,-14.45000010231404,5.414173661981255,1.2945459979655014,100.0
232.116031028,-15.1,6.3,-14.438913843264864,5.254728607806994,1.236780978978872,100.0
232.316452312,-15.1,6.3,-14.431878523691918,5.155001730034116,1.325672412524662,100.0
232.615943896,-15.1,6.3,-14.421541241160355,5.0155581261205535,1.4526173669694213,100.0
232.81604808,-15.5,5.8,-14.414384627414384,4.915864176346896,1.400091744087136,100.0
233.11604736,-15.5,5.8,-14.401810641725833,4.756056571793552,1.515202213541829,100.0
233.31605596000003,-15.5,5.8,-14.394128274757415,4.65680260542853,1.590551022647814,100.0
233.615711641,-15.799999999999995,5.4,-14.387643830065269,4.5573969878806055,1.6446062710525482,100.0
233.81604765300003,-15.799999999999995,5.4,-14.3866867100125,4.534935283225337,1.6570429746580828,100.0
234.116015751,-15.799999999999995,5.4,-14.386493549704578,4.533882235992139,1.6577576620714884,100.0
234.316470653,-16.099999999999998,5.0,-14.386464385177444,4.533885503680238,1.7758003905126087,100.0
234.616052288,-16.099999999999998,5.0,-14.386489711311414,4.533941126604898,1.7757613530291578,100.0
234.816036606,-16.099999999999998,5.0,-14.38651030769733,4.533979536620819,1.775731398020443,100.0
235.116035031,-16.099999999999998,5.0,-14.386537367816327,4.534039567995525,1.7756895325713866,100.0
235.316149687,-16.099999999999998,5.0,-14.38654941781483,4.53407632677887,1.7756682592360993,100.0
235.616049157,-16.099999999999998,5.0,-14.386557088586327,4.534127068078993,1.7756475436782015,100.0
236.61607343000003,-16.099999999999998,5.0,-14.386532798017654,4.5342993751128775,1.7756257838546547,100.0
236.816044512,-16.099999999999998,5.0,-14.386524992563444,4.5343317730430535,1.7756248192416446,100.0
237.115687184,-16.099999999999998,5.0,-14.386512303051765,4.534382121341946,1.7756238612158224,100.0
237.316123827,-16.099999999999998,5.0,-14.386504104623569,4.53441270280787,1.7756237537210813,100.0
237.615726317,-16.5,4.7,-14.38649219022987,4.534454395920615,2.1199812756223446,100.0
237.815723762,-16.5,4.7,-14.386483042902546,4.534483433907869,2.119988127700109,100.0
238.116035711,-16.5,4.7,-14.38646810399147,4.5345285924461285,2.1199994957931643,100.0
238.31571378100003,-16.5,4.7,-14.386458792000145,4.534555978545304,2.1200066420057717,100.0
238.615698794,-16.5,4.7,-14.386445816712188,4.534593316643851,2.1200166642251403,100.0
238.815695641,-16.5,4.7,-14.386436704328622,4.534619265078146,2.1200237244645517,100.0
239.115731446,-16.5,4.7,-14.38621843814371,4.532615676352046,2.120398548161808,100.0
239.316029413,-16.5,4.7,-14.382808928685256,4.5021584515675945,2.1264146610529675,100.0
239.61572346800003,-16.5,4.7,-14.373262231777044,4.395976424198294,2.148358412702409,100.0
239.815714025,-16.5,4.7,-14.36489015537521,4.295027886628572,2.1731765830742367,100.0
240.11602817200003,-16.5,4.7,-14.351224512805336,4.13531576983721,2.221734541785586,100.0
240.3158597,-16.5,4.7,-14.342399865716803,4.0358994605031535,2.2574914985485264,100.0
240.615696997,-16.5,4.7,-14.331052722846966,3.896946001506227,2.312839816235962,100.0
240.815740617,-16.5,4.7,-14.3242161469991,3.79732236510454,2.355602319475828,100.0
241.11570111300003,-16.5,4.7,-14.321678810929178,3.637492202454436,2.4236348781530697,100.0
241.315703995,-16.5,4.7,-14.319916132343996,3.5373692837978665,2.4707237506995083,100.0
241.61602993800005,-16.5,4.7,-14.316890452866776,3.3975500408183,2.5421139217109534,100.0
241.816046454,-16.5,4.7,-14.314826754526816,3.297569010303765,2.596496638471186,100.0
242.11602010700005,-16.5,4.7,-14.310653499517445,3.137272469026998,2.6898616015022383,100.0
242.316229637,-17.0,4.5,-14.308369939346402,3.037443068224278,3.063322569057869,100.0
242.616061236,-17.0,4.5,-14.30393805742551,2.8977819367749507,3.136216306367142,100.0
242.81575196800003,-17.0,4.5,-14.300688974001462,2.7982268173895566,3.190973516049508,100.0
243.116028694,-17.0,4.5,-14.295762625086187,2.6381961761743584,3.2831712197648986,100.0
243.315706494,-17.299999999999997,4.0,-14.292658599476828,2.5382886685694053,3.343755720104753,100.0
243.615733789,-17.299999999999997,4.0,-14.287650776093107,2.398561661164681,3.4115762632343523,100.0
243.816103908,-17.299999999999997,4.0,-14.28389701501744,2.298018921605045,3.463180158067892,100.0
244.116047594,-17.299999999999997,4.0,-14.277834513914016,2.1380219267642766,3.5497107727954305,100.0
244.315773035,-17.299999999999997,4.0,-14.273569320322135,2.037684308069565,3.6069329815913997,100.0
244.616046083,-16.9,3.3,-14.265722351014368,1.8981076549378515,2.984077894273055,100.0
244.816039737,-16.9,3.3,-14.26066855396598,1.798083244182637,3.0367456962065456,100.0
245.115801498,-16.9,3.3,-14.25177056928126,1.6385298354437858,3.1262760955224898,100.0
245.31607336200005,-16.9,3.3,-14.246446261009828,1.5388363291773886,3.1848147389030483,100.0
245.615691268,-16.9,3.3,-14.237886732857676,1.3983822212072814,3.2715435536938404,100.0
245.815726308,-15.299999999999995,2.1,-14.23175610901822,1.298409578922627,1.3355494052197714,100.0
246.115706649,-15.299999999999995,2.1,-14.223329576204398,1.1389252372947227,1.4432199766443081,100.0
246.316044088,-15.299999999999995,2.1,-14.2195699481561,1.0384325160827166,1.514679708663807,100.0
246.61608221,-15.299999999999995,2.1,-14.21469661331174,0.9007633099174024,1.6174214293118732,100.0
246.81572839,-15.299999999999995,2.1,-14.21286073132261,0.8313354294426774,1.6707428234434512,100.0
247.116062513,-15.0,1.2999999999999998,-14.212776064806196,0.79973963328859,0.9327282340769217,93.75
247.31633970700005,-15.0,1.2999999999999998,-14.212519586654295,0.7995108225725854,0.933067424211719,93.75
247.616075807,-14.799999999999995,0.5999999999999996,-14.212460775920311,0.7995438202357235,0.6204998598117684,93.75
247.81612521,-14.799999999999995,0.5999999999999996,-14.212436477521155,0.7995665345221318,0.6205301722309042,93.75
248.116027041,-14.799999999999995,0.5999999999999996,-14.212411162853522,0.7996013201102943,0.6205653297831881,93.75
248.31571285400003,-14.799999999999995,0.5999999999999996,-14.212402281795324,0.7996221679471203,0.6205804447251339,93.75
248.61572763900003,-14.699999999999996,0.0999999999999996,-14.212391514901276,0.7996505076194838,0.8528029476687277,68.75
248.81603222,-14.699999999999996,0.0999999999999996,-14.212384594318936,0.7996701754779977,0.8528230404432783,68.75
249.116049764,-14.699999999999996,0.0999999999999996,-14.212373273825808,0.7997007366483022,0.8528545860494237,68.75
249.316320039,-14.299999999999995,-0.4000000000000001,-14.212366283710692,0.7997192608208638,1.2029156134223356,75.0
249.616116748,-14.299999999999995,-0.4000000000000001,-14.212357487986852,0.7997445022987024,1.202941428627319,75.0
249.815733323,-14.299999999999995,-0.4000000000000001,-14.212350849560252,0.7997620387615375,1.2029594021520633,75.0
250.11602951,-14.299999999999995,-0.4000000000000001,-14.212339590860456,0.7997893183437194,1.202987429586111,75.0
256.316023979,-14.299999999999995,-0.4000000000000001,-14.211871366708138,0.7976077847226345,1.200845977648319,75.0
256.616068213,-14.299999999999995,-0.4000000000000001,-14.21142536193799,0.7982388313094955,1.2015081203911029,75.0
256.816023544,-14.299999999999995,-0.4000000000000001,-14.211504882456005,0.7981798222287474,1.2014434119946047,75.0
257.11600598300004,-14.299999999999995,-0.4000000000000001,-14.212612646555852,0.7974841525216053,1.2006684992462986,75.0
257.318376312,-14.299999999999995,-0.4000000000000001,-14.20850719489105,0.7957993362502958,1.1992943700207017,75.0
257.616059511,-14.299999999999995,-0.4000000000000001,-14.147239289811312,0.7920208543100327,1.2017693421315803,75.0
257.816073087,-14.299999999999995,-0.4000000000000001,-14.057214805174633,0.791900159166371,1.2163760274878859,75.0
258.116021601,-14.299999999999995,-0.4000000000000001,-13.89570309021864,0.7935680343720721,1.260182781954096,75.0
258.316034098,-14.299999999999995,-0.4000000000000001,-13.810222821510484,0.7969973308107882,1.2933229660596375,75.0
258.616035824,-14.299999999999995,-0.4000000000000001,-13.738971107122572,0.7990430989359649,1.3238042800010998,75.0
258.815711732,-14.299999999999995,-0.4000000000000001,-13.659509505577365,0.7971490955532147,1.357716476452144,75.0
259.115698894,-13.9,-0.2000000000000001,-13.497726650808398,0.7983461377839685,1.0763451390227932,75.0
259.31601520600003,-13.9,-0.2000000000000001,-13.398277142348144,0.7998042717478572,1.1186305948326318,75.0
259.61604646200004,-13.9,-0.2000000000000001,-13.257993936898895,0.8024577900359073,1.1904173242448448,75.0
259.816063198,-13.9,-0.2000000000000001,-13.158019589978217,0.804389676647477,1.2487327782244357,75.0
260.116050163,-13.299999999999995,0.1999999999999997,-12.99819345134281,0.8080649024040184,0.6788446938350261,93.75
260.316029538,-13.299999999999995,0.1999999999999997,-12.89792473891536,0.810299360883174,0.730841860781584,93.75
260.616060146,-13.299999999999995,0.1999999999999997,-12.767572105885325,0.8156945306938089,0.8139774060486278,93.75
260.81604966000003,-13.299999999999995,0.1999999999999997,-12.712962158676236,0.8194903728507015,0.8534528394707941,93.75
261.116831305,-13.299999999999995,0.1999999999999997,-12.69785335932855,0.8216790475019673,0.8654856526684086,93.75
261.316451046,-13.299999999999995,0.1999999999999997,-12.697876911684949,0.8215497683189072,0.8653764082636739,93.75
261.616057715,-13.299999999999995,0.1999999999999997,-12.697912922995986,0.8214232035323014,0.8652604499129614,93.75
261.816558772,-13.299999999999995,0.1999999999999997,-12.697938433239658,0.8213568512008799,0.8651950454690461,93.75
262.116083101,-13.299999999999995,0.1999999999999997,-12.697978492933297,0.8212733796115153,0.8651072229410487,93.75
262.316017589,-13.299999999999995,0.1999999999999997,-12.69800292401334,0.8212285976838383,0.8650580616795107,93.75
262.615754965,-13.1,-0.3000000000000002,-12.69803636733332,0.821175688309815,1.1910540231423516,75.0
262.815707925,-13.1,-0.3000000000000002,-12.698059731054284,0.8211438269445235,1.1910161461944864,75.0
263.116034065,-13.1,-0.3000000000000002,-12.698096103236278,0.8210990481969449,1.1909617198306421,75.0
263.316107099,-13.1,-0.3000000000000002,-12.69811823061428,0.8210749745733228,1.1909315913095821,75.0
263.6160537,-13.1,-0.3000000000000002,-12.698148398991115,0.8210436047394343,1.190891881306019,75.0
263.816046267,-13.1,-0.3000000000000002,-12.698169338746132,0.8210210150200656,1.1908635507228944,75.0
264.11614722,-13.1,-0.3000000000000002,-12.698201877086914,0.8209869545641771,1.1908205086743961,75.0
264.316028585,-13.1,-0.3000000000000002,-12.698221609914665,0.8209661491052423,1.1907942652613843,75.0
264.615990951,-13.1,-0.3000000000000002,-12.698248483451982,0.8209379869117741,1.1907586873713973,75.0
264.815715641,-13.1,-0.3000000000000002,-12.69826716042227,0.8209186365063158,1.190734170191804,75.0
265.11570500600004,-13.1,-0.3000000000000002,-12.69829616114182,0.8208886669837381,1.1906961736421176,75.0
265.315891846,-13.1,-0.3000000000000002,-12.698313756037829,0.8208707921707715,1.1906734108604131,75.0
265.61600851500003,-13.1,-0.3000000000000002,-12.698337718934049,0.8208466253138074,1.1906425767242048,75.0
265.816073827,-13.1,-0.3000000000000002,-12.698354378015718,0.8208300507859381,1.1906213539173356,75.0
266.115820324,-13.1,-0.3000000000000002,-12.69838024622728,0.8208045498150577,1.1905886214417614,75.0
266.315689587,-13.1,-0.3000000000000002,-12.69839592910368,0.8207891213634986,1.1905688070528555,75.0
266.616060811,-13.1,-0.3000000000000002,-12.696395849382265,0.8209849773980191,1.1914292383301248,75.0
266.816037601,-13.1,-0.3000000000000002,-12.696387865487685,0.8205185727869849,1.1909931263807398,75.0
267.116014593,-13.1,-0.3000000000000002,-12.696207999100736,0.819753457757344,1.1903343169671954,75.0
267.315959994,-13.1,-0.3000000000000002,-12.696280938380752,0.8193395740465839,1.1899202337726313,75.0
267.61571947600004,-13.1,-0.3000000000000002,-12.695582845203685,0.8196458413126823,1.1904453137638582,75.0
267.815703825,-13.1,-0.3000000000000002,-12.695803654668502,0.8196456024719041,1.1903700940102675,75.0
268.115691038,-13.1,-0.3000000000000002,-12.696083859461725,0.8195296603791349,1.1901659166082506,75.0
268.31623544300004,-13.1,-0.3000000000000002,-12.696337222468172,0.8190331567104989,1.1896128966105632,75.0
268.616059829,-13.1,-0.3000000000000002,-12.696271641613402,0.8188726938532688,1.1894842127645109,75.0
268.816014998,-13.1,-0.3000000000000002,-12.696444730169873,0.8189866315054517,1.1895326549933738,75.0
269.115691699,-13.1,-0.3000000000000002,-12.69652274386982,0.8187093749413059,1.1892453749314755,75.0
269.316270389,-13.1,-0.3000000000000002,-12.696062928100076,0.817660389875649,1.1884148708056763,75.0
269.6160206,-13.1,-0.3000000000000002,-12.694833396797616,0.8180511281691971,1.189200698600103,75.0
269.81572847,-13.1,-0.3000000000000002,-12.694638448342673,0.8178772576406695,1.1891036753421713,75.0
270.116031115,-13.1,-0.3000000000000002,-12.695150272347773,0.8179840666214818,1.1890297200657303,75.0
270.316061618,-13.1,-0.3000000000000002,-12.69513396723616,0.8179497045067037,1.189002963113447,75.0
270.616088086,-13.1,-0.3000000000000002,-12.694425756210515,0.8244857489895252,1.1953905917757366,75.0
270.81602252700003,-13.1,-0.3000000000000002,-12.69431728254376,0.8665424944600179,1.2350707909361633,75.0
271.116036308,-13.1,-0.3000000000000002,-12.69829165478103,1.010156083024175,1.3703570908722338,75.0
271.315826007,-13.1,-0.3000000000000002,-12.702686890502392,1.1105300828554008,1.4654189918309106,75.0
271.6157155,-13.1,-0.3000000000000002,-12.708609589362863,1.251094265189267,1.5997124344836913,75.0
271.815735839,-13.199999999999996,0.2999999999999998,-12.71337467283282,1.3510362906988485,1.1582234211958222,93.75
272.115698619,-13.199999999999996,0.2999999999999998,-12.720992952261655,1.5107450738693633,1.3020565984940637,93.75
272.316212091,-13.199999999999996,0.2999999999999998,-12.726323175459385,1.6103495830731434,1.3933361991877042,93.75
272.616055134,-12.699999999999996,0.6999999999999997,-12.733290241512998,1.7504184354791528,1.0509458262795783,87.5
272.816031295,-13.1,1.4,-12.738517151735442,1.8500892109828933,0.5772782235912427,93.75
273.11602337200003,-13.1,1.4,-12.747274936299371,2.010267371447433,0.7048696583170335,93.75
273.316048415,-13.1,1.4,-12.750720283762048,2.1100264417930363,0.7912862113170835,93.75
273.61603996900004,-13.1,1.4,-12.754236233170785,2.249692731351686,0.9173496171928216,93.75
273.819166503,-13.1,1.4,-12.754878100329194,2.3496322344993934,1.0104011611398203,93.75
274.115927474,-13.1,1.4,-12.753690176212318,2.510463756756516,1.1632111799332265,93.75
274.31655208200004,-13.1,1.4,-12.753955525160272,2.610411077670088,1.25890498271854,93.75
274.61580167200003,-13.1,1.4,-12.754331526355951,2.750155299176601,1.393702272928499,93.75
274.815713092,-13.1,1.4,-12.75556613797558,2.85032299036497,1.490661417522519,93.75
275.11571298900003,-13.299999999999995,2.1,-12.757273852399084,3.0102253602775826,1.0597461383662508,100.0
275.315716016,-13.4,2.6,-12.75954303948924,3.110569877842361,0.8190645386211308,100.0
275.615797088,-13.4,2.6,-12.763847574897095,3.250128556658093,0.9095916930945678,100.0
275.815716684,-13.4,2.6,-12.766773850227716,3.350343550978337,0.9818303322113301,100.0
276.411250793,-13.4,2.6,-12.775803538303649,3.590999981159944,1.1711969029387221,100.0
276.413343767,-13.1,3.2,-12.778160605173625,3.651263802018819,0.5542739530906057,100.0
276.615718382,-13.1,3.2,-12.782167585267905,3.7516112463323528,0.6366258013423316,100.0
276.81574206100004,-13.1,3.2,-12.787219657850285,3.8511735509436,0.7223977684653999,100.0
277.11604057100004,-13.1,3.2,-12.79491902881188,4.010635278313032,0.866143148346007,100.0
277.31649213000003,-12.799999999999995,3.6,-12.800313262889594,4.110451824658674,0.5104519207829545,100.0
277.61572395,-12.799999999999995,3.6,-12.808289236830271,4.250367411582907,0.6504202345378554,100.0
277.815732511,-12.799999999999995,3.6,-12.815051905677471,4.345815128101762,0.7459670000542726,100.0
278.115714232,-12.799999999999995,3.6,-12.822269130920512,4.431616674857524,0.8319147841534247,100.0
278.31570296800004,-12.799999999999995,3.6,-12.825553836773828,4.469919777739411,0.8702950179542849,100.0
278.616027674,-12.799999999999995,3.6,-12.827249393856892,4.479185686163633,0.8796078673025759,100.0
278.81572688200004,-12.799999999999995,3.6,-12.82729902008473,4.4791420963726125,0.8795658372811092,100.0
279.116045558,-12.5,4.1,-12.827300828264583,4.4790773086886455,0.5008247579196831,100.0
279.316072431,-12.5,4.1,-12.827281356617966,4.479039193481175,0.5007831832086184,100.0
279.616054323,-12.5,4.1,-12.827249501258157,4.478987540183474,0.5007232685706078,100.0
279.81606091500004,-12.5,4.1,-12.827228859484626,4.478951591979783,0.5006825696423043,100.0
286.115706681,-11.9,4.2,-12.852231825279224,5.37661990508703,1.513664378295801,100.0
286.315758814,-11.9,4.2,-12.854776384220418,5.476469159094895,1.594042489391498,100.0
286.616078169,-11.9,4.2,-12.858953442509764,5.616930082330769,1.7109303209409799,100.0
286.815715565,-11.9,4.2,-12.86232020298324,5.716393558295352,1.7959703774587548,100.0
287.1157223,-11.9,4.2,-12.86694764612514,5.876579393184787,1.9354343729506354,100.0
287.31663565900004,-12.199999999999996,4.8,-12.870183991339102,5.9765554567664845,1.3540418476155776,100.0
287.615718376,-12.199999999999996,4.8,-12.873941266148895,6.116117391164321,1.4786351198127148,100.0
287.815812929,-12.199999999999996,4.8,-12.876534960336643,6.216087429934456,1.5693957951313884,100.0
288.11605001600003,-12.199999999999996,4.8,-12.880776878515569,6.3761512789006085,1.7168896331160695,100.0
288.31570537100004,-12.199999999999996,4.8,-12.883226793391817,6.475896615773902,1.8098144429667058,100.0
288.61611848900003,-11.5,5.6,-12.887783454358296,6.615971092696364,1.7199244685117103,100.0
288.81604322100003,-11.5,5.6,-12.889719806443992,6.715865792981669,1.782267546797993,100.0
289.115786215,-11.5,5.6,-12.89215358092996,6.876019540767334,1.8884696082585475,100.0
289.316106572,-11.5,5.6,-12.894289979404544,6.975478831948201,1.9585674774705901,100.0
289.616073754,-11.5,5.6,-12.896904722289372,7.115289780885599,2.0609332651036216,100.0
289.81602786900004,-11.5,5.6,-12.89932899463383,7.215720457270524,2.137445725922742,100.0
290.11600747,-12.0,5.9,-12.902149927214616,7.375389837316411,1.7293494913492418,100.0
290.31584498300003,-12.0,5.9,-12.904467591462645,7.475612366229763,1.8167597399277617,100.0
290.616187948,-10.9,7.399999999999999,-12.908612167781572,7.615154352722979,2.020102531075051,100.0
290.81592270600004,-11.5,8.100000000000001,-12.911591295693906,7.714959654385474,1.4631630305026695,100.0
291.116039194,-11.5,8.100000000000001,-12.917420238531932,7.875204312570026,1.4351352666863963,100.0
291.316084633,-11.5,8.100000000000001,-12.92052888834185,7.97485606748944,1.4260306190464294,100.0
291.61580504200003,-11.5,8.100000000000001,-12.925356430985689,8.115090012190471,1.42543630647608,100.0
291.81606548400003,-12.299999999999995,8.3,-12.928185164875838,8.215043851130954,0.633903895397993,75.0
292.116077908,-12.299999999999995,8.3,-12.932590448697756,8.375158500852415,0.6370396188888223,75.0
292.316036277,-12.299999999999995,8.3,-12.936349275905846,8.473808452958556,0.6596588355094974,75.0
292.616076113,-12.299999999999995,8.3,-12.940637953511027,8.571187034730107,0.6956719020375272,75.0
292.815743316,-12.799999999999995,8.600000000000001,-12.94229792691497,8.592492462711235,0.14249583544946698,81.25
293.11604710200004,-12.799999999999995,8.600000000000001,-12.942434414373343,8.593263273210678,0.14259363900859162,81.25
293.315956604,-12.799999999999995,8.600000000000001,-12.942431227283274,8.593242279471268,0.14259144887462727,81.25
293.615746946,-12.799999999999995,8.600000000000001,-12.942423128307404,8.593213810116056,0.14258471113695684,81.25
293.81574870400004,-12.799999999999995,8.600000000000001,-12.94241616818108,8.593194075470752,0.14257869955950875,81.25
294.115738199,-12.799999999999995,8.600000000000001,-12.942400529112508,8.59316359155236,0.14256453686659407,81.25
294.31573154200004,-12.799999999999995,8.600000000000001,-12.942390517537763,8.593145117022544,0.1425554239771607,81.25
294.615830539,-12.799999999999995,8.600000000000001,-12.94237777891774,8.593119928596414,0.14254391362688387,81.25
294.815721031,-12.799999999999995,9.1,-12.942369436924237,8.593102406357886,0.526511374055956,81.25
295.115733853,-12.799999999999995,9.1,-12.942355250299908,8.593075256598704,0.5265336767581161,81.25
295.31610453900004,-12.6,8.600000000000001,-12.942346788602496,8.593058793284316,0.3424171491282411,81.25
295.616033249,-12.6,8.600000000000001,-12.942334879188836,8.593036354515126,0.34240569777337865,81.25
295.815752939,-12.6,8.600000000000001,-12.94232633831213,8.59302077824663,0.342397475806224,81.25
296.115728094,-12.6,8.600000000000001,-12.942312915538272,8.592996607620698,0.3423845493726768,81.25
296.315730496,-12.6,8.600000000000001,-12.942305163190303,8.59298193390574,0.34237709911506026,81.25
296.615730325,-12.6,8.600000000000001,-12.942295309136773,8.59296192114919,0.3423676579511407,81.25
296.81575153200004,-12.6,8.600000000000001,-12.942288533596455,8.592948022147128,0.3423611698531968,81.25
297.115743558,-12.6,8.600000000000001,-12.942277798758868,8.592926447939686,0.3423508823735762,81.25
297.31602663900003,-12.6,8.600000000000001,-12.942271270471268,8.59291335848702,0.34234462618529576,81.25
297.61608994,-12.6,8.600000000000001,-12.94226240210948,8.592895544493299,0.34233612895193805,81.25
297.81605111100004,-12.6,8.600000000000001,-12.942256277834872,8.592883164855413,0.34233026313759723,81.25
298.116051603,-12.6,8.600000000000001,-12.942245929793184,8.593230930796734,0.3423128638510102,81.25
298.31605794800004,-12.6,8.600000000000001,-12.941979475064354,8.594009114377902,0.34203194598725484,81.25
298.616090691,-12.6,8.600000000000001,-12.942199206420586,8.594297470016071,0.342246717622093,81.25
298.816014671,-12.6,8.600000000000001,-12.942482995949872,8.594094373147264,0.34253390918757814,81.25
299.115710158,-12.6,8.600000000000001,-12.942446835344144,8.593859337171786,0.34250188726077063,81.25
299.315978127,-12.699999999999996,7.7,-12.94270967383117,8.594321113199772,0.9266705127962764,100.0
299.615755159,-12.699999999999996,7.7,-12.94300085331358,8.594517450728814,0.9269362892720867,100.0
299.81607617000003,-12.699999999999996,7.7,-12.943757421465616,8.593962924661502,0.9265999089083241,100.0
300.11603085300004,-12.699999999999996,7.7,-12.943777402179116,8.5941239615581,0.9267605302587889,100.0
300.316048051,-12.9,8.2,-12.94412754354067,8.59457013202062,0.3970300104295685,93.75
300.61651985500004,-12.9,8.2,-12.944179018706045,8.594418400997853,0.3968849464763467,93.75
300.816091199,-12.799999999999995,8.7,-12.943983594865212,8.59488729654868,0.17826933560530203,81.25
301.116027355,-12.799999999999995,8.7,-12.943836200443034,8.594019909484777,0.17866346057183802,81.25
301.316189773,-12.799999999999995,8.7,-12.943949329440002,8.59411165489298,0.1787001708889243,81.25
301.61599598000004,-12.799999999999995,8.7,-12.944197887202098,8.594048747028168,0.17893769496629583,81.25
301.81572621500004,-12.799999999999995,8.7,-12.944288801990558,8.59405049207646,0.17900993438664708,81.25
302.1160462,-12.799999999999995,8.7,-12.93724612302743,8.596226737105878,0.17206216428301163,81.25
302.31575134400003,-12.799999999999995,8.7,-12.893510288825656,8.597710358435222,0.13859056565188352,81.25
302.615736124,-13.199999999999996,9.0,-12.770255138353436,8.596706787584921,0.5893437547744905,81.25
302.815729649,-13.199999999999996,9.0,-12.669277503113197,8.59407360190066,0.6681636097361647,81.25
303.115701923,-13.199999999999996,9.0,-12.508984518809628,8.59135586780216,0.8028028537720082,81.25
303.316399772,-12.6,9.3,-12.40903370361922,8.590480819910752,0.7347690747901079,81.25
303.616011295,-12.6,9.3,-12.268784496108026,8.588504109602079,0.7848121508179812,81.25
303.81605464200004,-12.6,9.3,-12.168388974368812,8.58750193927047,0.8330315504167576,81.25
304.116052895,-12.6,9.3,-12.008570646489456,8.586220309868377,0.9269682444605618,81.25
304.316054028,-12.6,9.3,-11.90844222891149,8.585385266398339,0.9944477704904781,81.25
304.616055636,-11.9,8.8,-11.768699929158457,8.585285682305006,0.2516782605355923,75.0
304.816032033,-11.9,8.8,-11.669021276705418,8.58491494876281,0.3156148758859442,75.0
305.11614635800004,-11.5,9.8,-11.508455012830058,8.584483079922496,1.2155463258291146,75.0
305.31623213700004,-11.5,9.8,-11.408637125011468,8.584542341662289,1.2188865796857247,75.0
305.615723812,-11.5,9.8,-11.283594732182411,8.583727598426128,1.2353743541006015,75.0
305.81602604,-11.5,9.8,-11.237064600427574,8.581647791273179,1.2464016723584082,75.0
306.116038219,-11.5,9.8,-11.22677058014624,8.580522790886874,1.2497115584885823,75.0
306.315940962,-11.5,9.8,-11.226800651019492,8.580629477236073,1.2496008787084572,75.0
306.616028656,-11.5,9.8,-11.22684393268798,8.580728877559686,1.2494944206062841,75.0
306.81605383100003,-11.5,9.8,-11.226873997465598,8.58078057387604,1.249437402312921,75.0
307.115735631,-11.5,9.8,-11.226920668303013,8.580843866582887,1.2493654385521638,75.0
307.316263698,-11.299999999999995,10.3,-11.226948978084462,8.580875871261764,1.7206755132252292,75.0
307.61574544,-11.299999999999995,10.3,-11.22698751552062,8.580916221932165,1.720633563227753,75.0
307.81570831,-11.299999999999995,10.3,-11.227014309939628,8.580943488315368,1.72060518461352,75.0
308.11570219600003,-11.299999999999995,10.3,-11.227055898192576,8.580984147142294,1.7205627987273815,75.0
308.315757524,-11.299999999999995,10.3,-11.22708111980361,8.581008144348893,1.7205377539838917,75.0
308.616077569,-11.299999999999995,10.3,-11.227115469028435,8.581040685618046,1.7205037864984272,75.0
308.8158823,-11.299999999999995,10.3,-11.227139332873383,8.581064084458989,1.7204793978862263,75.0
309.11571361200004,-11.299999999999995,10.3,-11.227176384801568,8.58109981350334,1.7204421321476713,75.0
309.31604007000004,-11.299999999999995,10.3,-11.22719885855103,8.581120597965285,1.7204204151705174,75.0
309.616023432,-11.299999999999995,10.3,-11.22722946210196,8.581148472458812,1.720391270878996,75.0
309.81603831800004,-11.299999999999995,10.3,-11.227250725431048,8.581167476720761,1.720371384333274,75.0
310.116028799,-11.299999999999995,10.3,-11.227283740085271,8.581196972120491,1.7203405195204107,75.0
310.31646852100005,-11.299999999999995,10.3,-11.227303775883149,8.581214783976632,1.7203218768071702,75.0
310.61605023600004,-11.299999999999995,10.3,-11.227331032439686,8.581238843162621,1.7202966875220238,75.0
310.81620366600004,-10.699999999999996,11.0,-11.227349977185058,8.58125559896012,2.47556508215778,75.0
311.11570488300003,-10.699999999999996,11.0,-11.226343498457585,8.581103587017596,2.4754994112517408,75.0
311.315794787,-11.0,10.5,-11.226405798311138,8.581360452283208,1.9319516814795856,75.0
311.61605661600004,-11.0,10.5,-11.226086897350648,8.580809988862976,1.932461017459802,75.0
311.815772519,-11.0,10.5,-11.225723372199878,8.580493491752215,1.9327328516799445,75.0
312.115711051,-11.299999999999995,9.7,-11.226181465263188,8.580577321545102,1.12185396068732,75.0
312.316143211,-11.299999999999995,9.7,-11.226764973083162,8.580643010360959,1.1217501680059088,75.0
312.61574911900004,-11.299999999999995,9.7,-11.227113876597368,8.580370026369645,1.1219998506399953,75.0
312.81607056800004,-11.299999999999995,9.7,-11.226743375862997,8.580269198482064,1.1221245923906789,75.0
313.11601802300004,-11.299999999999995,9.7,-11.22713167931486,8.580241054582201,1.1221273938384408,75.0
313.315715194,-11.299999999999995,9.7,-11.227369611642096,8.580523914152387,1.1218297019145596,75.0
313.615733426,-11.299999999999995,9.7,-11.226954927674822,8.580552255130192,1.1218283451959519,75.0
313.815720274,-11.299999999999995,9.7,-11.22667615017182,8.580358666559201,1.122039706295064,75.0
314.1157063,-11.299999999999995,9.7,-11.226584235544516,8.580260245069669,1.1221439271510671,75.0
314.316215729,-11.699999999999996,10.2,-11.226727597733408,8.580073147532364,1.687646223025693,75.0
314.61603435800004,-11.699999999999996,10.2,-11.22640250833708,8.580646620918854,1.6871869933267414,75.0
314.815711108,-11.9,11.5,-11.226264075224384,8.580385274138719,2.996342811461883,75.0
315.116038833,-12.0,10.8,-11.224641253296577,8.57386853693402,2.3572955853990365,75.0
315.316119628,-12.0,10.8,-11.22203757322895,8.532288235999928,2.3974449278454384,75.0
315.616044653,-11.6,9.7,-11.218612196722548,8.409545664746355,1.3456333259338238,75.0
315.81589783500004,-11.699999999999996,10.2,-11.216625182206952,8.308025465459485,1.952746489902428,75.0
316.11603212200004,-11.699999999999996,10.2,-11.212263395575578,8.147985825639536,2.1091821085605003,75.0
316.316030591,-11.699999999999996,10.2,-11.21015138762798,8.047640515100376,2.207397339692191,75.0
316.616095702,-11.5,10.7,-11.20541972288215,7.907873955224078,2.807622729211113,75.0
316.81578348100004,-11.5,10.7,-11.20216368626284,7.80827479184909,2.90702272939789,75.0
317.115805016,-11.5,10.7,-11.1971765469063,7.6484604957659155,3.066528230694247,75.0
317.31610897,-11.5,10.7,-11.1932349632509,7.548216814612482,3.1666768126007363,75.0
317.615719925,-11.5,10.7,-11.188864000805046,7.408317276998187,3.306354602716361,75.0
317.81571917900004,-11.5,10.7,-11.186299622433133,7.307912469611975,3.406562158643156,75.0
318.115733648,-11.5,10.7,-11.183059103644572,7.148235456980837,3.5658775779365595,75.0
318.315757626,-12.1,10.5,-11.181382359665026,7.0480755161422834,3.5720639707864916,75.0
318.615740883,-12.1,10.5,-11.17908452287272,6.908625593418137,3.7075673216091163,75.0
318.816054413,-12.1,10.5,-11.178286477854106,6.808838850392911,3.804500814729222,75.0
319.115698157,-12.1,10.5,-11.175035794847384,6.649016497970211,3.9605091482938435,75.0
319.31585758,-12.1,10.5,-11.1729083769525,6.548944552821133,4.058366423107534,75.0
319.615724466,-12.299999999999995,10.0,-11.169048233147944,6.40868302058335,3.7651838661069537,75.0
319.816032129,-12.299999999999995,10.0,-11.165437447707175,6.30835472505583,3.8620560613593913,75.0
320.115702053,-12.299999999999995,10.0,-11.159231039064942,6.14784121146332,4.017521767748524,75.0
320.31601275500003,-12.299999999999995,10.0,-11.154207484064168,6.047969906436366,4.114776099620384,75.0
320.61605052600004,-12.299999999999995,10.0,-11.148393766797083,5.907922392384258,4.251034704998535,75.0
332.11602773000004,-9.4,5.2,-11.117798265059884,3.163275875346581,2.664409135134464,100.0
332.316112138,-9.4,5.2,-11.115115800802045,3.062729088764827,2.7403556627147623,100.0
332.61608265200005,-9.4,5.2,-11.112201417964425,2.922461041275592,2.8493538573134165,100.0
332.815723681,-9.4,5.2,-11.109879378983935,2.8225061985297795,2.928508881103796,100.0
333.11605245100003,-9.4,5.2,-11.10542244192856,2.662506949679863,3.0573414408365593,100.0
333.31636885800003,-9.4,5.2,-11.102586819928788,2.5625127244691166,3.1392898891281997,100.0
333.616062112,-9.4,5.2,-11.099387450781148,2.422698742475541,3.255966827674906,100.0
333.81605109900005,-10.799999999999995,4.7,-11.095145980727644,2.323165447352093,2.3950894848837403,100.0
334.116027541,-10.799999999999995,4.7,-11.088994673619736,2.162911447180228,2.5534949082051654,100.0
334.316047054,-11.1,4.0,-11.085195824517523,2.062673035469349,1.9373835271079556,100.0
334.616090039,-11.4,3.6,-11.07997918519729,1.9228677373939265,1.70739156264202,100.0
334.815707772,-11.4,3.6,-11.077047901527528,1.8229786451657248,1.8061292737356363,100.0
335.116030621,-11.4,3.6,-11.07322670576651,1.6629170568328262,1.964451861088331,100.0
335.316284261,-11.4,3.6,-11.07258518174988,1.5628347000613725,2.0633087317422465,100.0
335.616016585,-11.4,3.6,-11.070312948799744,1.423124270554059,2.2016996827859874,100.0
335.816097537,-11.4,3.6,-11.06823772474535,1.3232957023714698,2.300749587878342,100.0
336.116026276,-11.4,3.6,-11.06489769304182,1.163092927293977,2.4598393518954307,100.0
336.31604666500004,-11.6,3.1,-11.06136972598138,1.0635482449118523,2.106480078920988,100.0
336.616079413,-11.6,3.1,-11.057101629883652,0.9234780356978308,2.243208974073695,100.0
336.81605354500005,-11.6,2.5,-11.054084332163116,0.8237496652221323,1.7629064357567885,100.0
337.116039503,-11.6,2.5,-11.051700760616828,0.7199634375389641,1.8625687154052237,100.0
337.31621626000003,-11.6,2.5,-11.050910217322215,0.7067681305981796,1.8754146546509345,100.0
337.61604245,-11.6,2.5,-11.050773186789051,0.7065493858324685,1.8756639351994135,100.0
337.816046366,-11.6,1.8999999999999997,-11.050718856408848,0.7065722563909054,1.3137654105359517,100.0
338.116057324,-11.6,1.8999999999999997,-11.050655821029713,0.7066071175848654,1.3137600993970098,100.0
338.31602729400004,-11.6,1.8999999999999997,-11.050628303478057,0.7066279229341338,1.313752707041891,100.0
338.61606902100004,-11.5,1.1999999999999995,-11.050603131329954,0.7066558741813961,0.6673424698385116,93.75
338.81604189200004,-11.5,1.1999999999999995,-11.05059145685554,0.706675112492547,0.6673361096819698,93.75
339.115971885,-11.5,1.1999999999999995,-11.050573866160306,0.7067049699193498,0.6673258847672279,93.75
339.316035547,-11.5,1.1999999999999995,-11.050562532698397,0.7067230993245314,0.6673201164017726,93.75
339.615853634,-11.5,1.1999999999999995,-11.050548813997676,0.7067477371574502,0.6673111443683459,93.75
339.815737979,-11.5,1.1999999999999995,-11.050540156717874,0.7067648240816468,0.66730434547244,93.75
340.115716361,-11.5,1.1999999999999995,-11.050527639773328,0.7067913292023891,0.6672931856071067,93.75
340.315845765,-11.199999999999996,0.6999999999999997,-11.050520447871891,0.706807393568562,0.14963447835180235,87.5
340.61572035200004,-11.199999999999996,0.6999999999999997,-11.050511368755084,0.7068292443701588,0.1496445436698067,87.5
340.815713194,-11.199999999999996,0.6999999999999997,-11.050505285612806,0.7068444190660789,0.14965131373315654,87.5
341.115720289,-11.199999999999996,0.6999999999999997,-11.050496430607344,0.7068679663355504,0.14966123821059876,87.5
341.31607615900003,-11.199999999999996,0.6999999999999997,-11.050490916293466,0.7068822517127177,0.14966740292863825,87.5
341.61579826400003,-11.199999999999996,0.6999999999999997,-11.050482989353624,0.7069017203532244,0.14967621793879438,87.5
341.815727652,-11.199999999999996,0.6999999999999997,-11.050477408310924,0.7069152352138748,0.14968241681466865,87.5
342.115740017,-11.199999999999996,0.6999999999999997,-11.050469002126947,0.7069362428971288,0.1496917859818555,87.5
342.316081977,-11.199999999999996,0.6999999999999997,-11.050463956065023,0.7069489756331632,0.14969741713894835,87.5
342.615729734,-11.199999999999996,0.6999999999999997,-11.050324408203007,0.7066820389763239,0.14982467228283816,87.5
342.816031753,-11.199999999999996,0.6999999999999997,-11.050135721816265,0.7050148713260321,0.14994816040868064,87.5
343.116026329,-11.199999999999996,0.6999999999999997,-11.050068272435457,0.7046596875863386,0.15000411867308638,87.5
343.31586624700003,-11.199999999999996,0.6999999999999997,-11.050866527798677,0.7050916201307748,0.14922036431525582,87.5
343.616127114,-11.199999999999996,0.6999999999999997,-11.051038038903632,0.7049760756768403,0.14904505084978867,87.5
343.81602670300003,-11.199999999999996,0.6999999999999997,-11.051142777596755,0.7041561183057379,0.14891523085627956,87.5
344.11604184000004,-11.199999999999996,0.6999999999999997,-11.050925757585562,0.7047751141317605,0.14915070052268872,87.5
345.316043878,-11.5,-0.3000000000000002,-11.051232604533508,0.7045130886106229,1.1001994003015236,75.0
345.615716447,-11.5,-0.3000000000000002,-11.050767602105813,0.703612936986367,1.0995674943377343,75.0
345.816029802,-11.5,-0.3000000000000002,-11.051179032576457,0.7036424942024769,1.0994264490942425,75.0
346.115750051,-11.5,-0.3000000000000002,-11.05098645428083,0.7029718432894543,1.0988929350354144,75.0
346.316040625,-11.5,-0.3000000000000002,-11.049596473104687,0.7023406152315084,1.098885820266335,75.0
346.616045691,-11.4,0.1999999999999997,-11.000452546553122,0.6984667354216253,0.6388327276195063,87.5
346.81605746,-11.4,0.1999999999999997,-10.917193048706254,0.6980563362949838,0.6936588976875766,87.5
347.11579459200004,-11.4,0.1999999999999997,-10.756342857165867,0.7025115286820901,0.8165857909490043,87.5
347.316020765,-11.4,0.1999999999999997,-10.656338750482742,0.7039328307492968,0.8983208513335138,87.5
347.616115388,-11.4,0.1999999999999997,-10.51585828796868,0.7038629459257627,1.0176366911774866,87.5
347.81604221500004,-11.4,0.1999999999999997,-10.416282846788148,0.7043214364178159,1.1054589765132674,87.5
348.115717968,-11.4,0.1999999999999997,-10.256130292169964,0.7043977360161964,1.2501419857717917,87.5
348.3158672,-10.799999999999995,0.1999999999999997,-10.156283388854902,0.7059131654169487,0.8187302403150382,87.5
348.615765563,-10.799999999999995,0.1999999999999997,-10.016162211181404,0.7072964900162649,0.9336762864948648,87.5
348.816032108,-10.799999999999995,0.1999999999999997,-9.91602102060818,0.7086861085169842,1.0198923438308318,87.5
349.11605039,-10.799999999999995,0.1999999999999997,-9.755774158399428,0.711687563800528,1.1628550086810194,87.5
349.31611137000004,-10.299999999999995,0.0999999999999996,-9.656084330017515,0.7135430732500873,0.8894169397881673,87.5
349.61603118700003,-10.299999999999995,0.0999999999999996,-9.516115469879033,0.7175804902296116,0.997938183694366,87.5
349.81604562800004,-10.299999999999995,0.0999999999999996,-9.417968773657238,0.7205941087733747,1.0784786192075986,87.5
350.11602675,-10.299999999999995,0.0999999999999996,-9.323951834057132,0.7275667149521905,1.160392176790378,87.5
350.316258418,-10.299999999999995,0.0999999999999996,-9.314509032550768,0.7294777358763931,1.1693736215975132,87.5
350.616063398,-10.299999999999995,0.0999999999999996,-9.314294634162488,0.7295407905440124,1.1695882502828228,87.5
350.81607514200005,-10.299999999999995,0.0999999999999996,-9.314326119138984,0.7295930994919703,1.1695898727073148,87.5
351.11604477900005,-10.299999999999995,0.0999999999999996,-9.31437492364148,0.7296087325145786,1.1695571585883875,87.5
351.31607080000003,-10.299999999999995,0.0999999999999996,-9.31440417601477,0.7296020187515805,1.1695288924490836,87.5
351.61602641,-9.699999999999996,0.1999999999999997,-9.314443844840053,0.72958437797132,0.65506729591164,81.25
351.816034516,-9.699999999999996,0.1999999999999997,-9.314471346287515,0.7295694230495359,0.6550390191907474,81.25
352.116021621,-9.699999999999996,0.1999999999999997,-9.314513897098712,0.7295400950649243,0.6549902654325397,81.25
352.315971219,-9.699999999999996,0.1999999999999997,-9.31453968496584,0.7295200666419293,0.6549588959947821,81.25
352.616054231,-9.699999999999996,0.1999999999999997,-9.314574734627673,0.7294906103799518,0.6549144537020539,81.25
352.816023249,-9.699999999999996,0.1999999999999997,-9.314599062998512,0.7294691634333208,0.6548827965891317,81.25
353.11603471,-9.699999999999996,0.1999999999999997,-9.314636825592768,0.7294354355184647,0.6548333044155912,81.25
353.31609558,-9.699999999999996,0.1999999999999997,-9.314659717016305,0.729413904537855,0.6548024251695838,81.25
353.615985017,-9.699999999999996,0.1999999999999997,-9.31469085195781,0.729383571637879,0.6547595783836024,81.25
353.816069001,-9.699999999999996,0.1999999999999997,-9.31471248446361,0.7293622604616432,0.6547296178036098,81.25
354.11598233300003,-9.699999999999996,0.1999999999999997,-9.314746074735002,0.7293296206395437,0.6546834610851943,81.25
354.315809129,-9.699999999999996,0.1999999999999997,-9.314766455992714,0.7293095275027967,0.6546552217264017,81.25
354.615749438,-9.699999999999996,0.1999999999999997,-9.314794194769014,0.7292820999510138,0.6546167227563042,81.25
354.81574646300004,-9.699999999999996,0.1999999999999997,-9.314813465921263,0.7292630309052072,0.6545899647249055,81.25
355.11572256100004,-9.699999999999996,0.1999999999999997,-9.314843389462231,0.7292333941567865,0.6545483940333611,81.25
355.31619476000003,-9.699999999999996,0.1999999999999997,-9.314861532269614,0.7292154102860396,0.6545231774428832,81.25
355.61577717100005,-9.699999999999996,0.1999999999999997,-9.314886252683324,0.7291909187200307,0.6544888286502982,81.25
355.816116984,-9.699999999999996,0.1999999999999997,-9.314903428450055,0.7291739798830187,0.6544650261127422,81.25
356.116039019,-9.699999999999996,0.1999999999999997,-9.313625379378896,0.7285611967279054,0.654723060649718,81.25
356.316034295,-9.699999999999996,0.1999999999999997,-9.3132962307772,0.7288007264419747,0.6551106879121101,81.25
356.616044003,-9.699999999999996,0.1999999999999997,-9.313478859368056,0.7290249529738647,0.6551839383138265,81.25
356.81604050600004,-9.699999999999996,0.1999999999999997,-9.313863357943909,0.7287436456529554,0.654729981867891,81.25
357.115726632,-9.699999999999996,0.1999999999999997,-9.313365512150815,0.7286356389237346,0.6549365358068701,81.25
357.316191521,-9.699999999999996,0.1999999999999997,-9.31324820464989,0.7283399408167531,0.6547671679832312,81.25
357.616047116,-9.699999999999996,0.1999999999999997,-9.313315949895824,0.7281242598479075,0.6545531211787675,81.25
357.81684959800003,-9.699999999999996,0.1999999999999997,-9.313388579800955,0.7280255055689123,0.6544305347090894,81.25
358.116028196,-9.699999999999996,0.1999999999999997,-9.313671325747972,0.7276460671225967,0.6539573508259315,81.25
358.316641697,-9.699999999999996,0.1999999999999997,-9.314176477591776,0.7271764213247488,0.6532800086060002,81.25
358.616061988,-9.699999999999996,0.1999999999999997,-9.313777686414156,0.7270810721438569,0.6534386980612006,81.25
358.81605465800004,-9.699999999999996,0.1999999999999997,-9.314156684958856,0.7273153016380506,0.6534037734078099,81.25
359.116015242,-9.699999999999996,0.1999999999999997,-9.313989442148635,0.7265260062095842,0.6528658254095813,81.25
359.31603021800004,-9.699999999999996,0.1999999999999997,-9.3141077695083,0.7266897542872213,0.6529279522466391,81.25
359.61571334300004,-9.699999999999996,0.1999999999999997,-9.31290842085212,0.7299325926802415,0.6562533378444635,81.25
359.81602869,-9.699999999999996,0.1999999999999997,-9.31202163392216,0.762342422615047,0.6831955889911666,81.25
360.11599985600003,-9.699999999999996,0.1999999999999997,-9.318414634196415,0.8962328306913309,0.7939442964893169,81.25
360.316290361,-9.699999999999996,0.1999999999999997,-9.324240511763122,0.9974038081421756,0.8815032763635544,81.25
360.616041827,-9.699999999999996,0.1999999999999997,-9.33128059694427,1.137181809123961,1.0071066187562427,81.25
360.816047744,-9.1,0.3999999999999999,-9.335645981301036,1.2370391357230366,0.8695766459808455,81.25
361.116021786,-8.899999999999999,0.7999999999999998,-9.342040377426494,1.3967848903157902,0.7426654028461194,93.75
361.316210896,-8.899999999999999,0.7999999999999998,-9.346491470828324,1.4969298697500526,0.8276870645795228,93.75
361.616044904,-8.899999999999999,1.5,-9.35111105086437,1.637022966801355,0.4714620596007729,100.0
361.816063232,-8.899999999999999,1.5,-9.354467926277504,1.7374429505614588,0.5127574970551944,100.0
362.116042703,-8.399999999999999,2.1,-9.359058356132923,1.897488534574768,0.9802060110492399,100.0
362.316034484,-8.399999999999999,2.1,-9.361834749092017,1.9974880179185976,0.9672821672248297,100.0
362.616055289,-8.399999999999999,2.1,-9.366115901499512,2.137138444239441,0.9668294571281658,100.0
362.816158801,-8.699999999999996,2.8999999999999995,-9.368346154125751,2.236955035045019,0.94144315138347,100.0
363.116038902,-8.699999999999996,2.8999999999999995,-9.37356391755478,2.3973397397780016,0.8404496940556254,100.0
363.316353093,-8.699999999999996,2.8999999999999995,-9.37619783742686,2.497485978961246,0.786931415355591,100.0
363.616041734,-8.699999999999996,2.8999999999999995,-9.380913455196112,2.6375441052240247,0.729743948361184,100.0
363.81605098,-8.699999999999996,2.8999999999999995,-9.38522225482664,2.737530561058488,0.7042200345770352,100.0
364.116068511,-8.699999999999996,2.8999999999999995,-9.390557240018904,2.8974272975133686,0.6905620323624927,100.0
364.31595967,-8.699999999999996,2.8999999999999995,-9.394659331585984,2.9977697723831747,0.7015058911736596,100.0
364.615741754,-8.699999999999996,2.8999999999999995,-9.39972033355531,3.138086358856064,0.7391168104326262,100.0
364.815701071,-8.699999999999996,2.8999999999999995,-9.403334981161596,3.238606446941835,0.7805987584131568,100.0
365.1160110720001,-8.899999999999999,3.3999999999999995,-9.409298861118316,3.3987996011147468,0.5093002757646012,100.0
365.316331783,-8.899999999999999,3.3999999999999995,-9.411882339227784,3.498803395547018,0.521330643819189,100.0
365.61573957,-8.899999999999999,3.3999999999999995,-9.41451498521514,3.639000087399909,0.5673153547966966,100.0
365.815722284,-8.899999999999999,3.3999999999999995,-9.416475619658875,3.7392905646426047,0.6179523872900878,100.0
366.11581575,-8.799999999999997,4.0,-9.419870404809432,3.899716616324748,0.6279299927539456,100.0
366.316662685,-8.799999999999997,4.0,-9.42242236448406,3.999654011827801,0.622422460646904,100.0
366.615759023,-8.799999999999997,4.0,-9.425911256175564,4.139988587522304,0.6413748554813834,100.0
366.815729281,-9.4,4.5,-9.428614252002296,4.239837468433043,0.2617313856781007,100.0
367.115729147,-9.4,4.5,-9.433552080817892,4.399674150902166,0.10578760855795724,100.0
367.315711217,-9.4,4.5,-9.436353721956882,4.499618097286098,0.03635572788160297,100.0
367.6156994800001,-9.4,4.5,-9.441315065459708,4.635304141950392,0.14147135916103967,100.0
367.815709816,-9.4,4.5,-9.444397216807008,4.697997714876812,0.2029142872166664,100.0
368.116025771,-10.0,5.0,-9.446111517204953,4.721847939865818,0.6198072441734517,100.0
368.3161301340001,-9.299999999999995,5.5,-9.44607832844719,4.721819035221542,0.7917730053402033,100.0
368.616057191,-9.299999999999995,5.5,-9.445926088643118,4.72176310049399,0.7917999084992418,100.0
368.8160375540001,-9.299999999999995,5.5,-9.446079275591025,4.721997979195932,0.7915973086945236,100.0
369.11571063,-9.299999999999995,5.5,-9.44591647724718,4.721956219601435,0.7916083264778854,100.0
369.316259026,-9.299999999999995,5.5,-9.445823353808258,4.721919587162072,0.7916271719426582,100.0
369.616048216,-9.299999999999995,5.5,-9.44572029849063,4.7218690299767605,0.791657888169825,100.0
369.816040083,-9.799999999999995,5.7,-9.445660565220846,4.721833567464451,1.0403682063476039,100.0
370.1161837,-9.799999999999995,5.7,-9.445582610716166,4.72177808740769,1.040446921328774,100.0
370.316018962,-9.799999999999995,5.7,-9.44554498250096,4.721744173155529,1.0404916252355905,100.0
370.61603936,-9.799999999999995,5.7,-9.445503243344588,4.721697715746263,1.0405495230191033,100.0
370.8160518250001,-9.799999999999995,5.7,-9.445478333697643,4.721665325004147,1.0405884624466284,100.0
371.116037432,-9.799999999999995,5.7,-9.44544412131484,4.72161489098956,1.0406475352604136,100.0
371.31660302,-9.799999999999995,5.7,-9.445424950907473,4.721584279428107,1.040682846837201,100.0
371.6160407480001,-9.799999999999995,5.7,-9.44539967123955,4.72154254987529,1.0407306927642552,100.0
371.816026597,-9.799999999999995,5.7,-9.44538328138354,4.72151352556693,1.040763564778649,100.0
372.116371307,-9.799999999999995,5.7,-9.445359619548288,4.72146840855502,1.04081404434355,100.0
372.315807316,-9.799999999999995,5.7,-9.445345877019273,4.721441039710482,1.0408444579811766,100.0
372.615727112,-9.799999999999995,5.7,-9.445327397665835,4.721403734703647,1.0408858272156731,100.0
372.816033468,-9.799999999999995,5.7,-9.445314796085563,4.721377817248761,1.0409144875774488,100.0
373.1157333320001,-9.299999999999995,5.9,-9.445295307752012,4.721337575247684,1.1875840340699104,100.0
373.315717814,-9.299999999999995,5.9,-9.44528346171858,4.721313167063572,1.1876068096750887,100.0
373.6160607160001,-9.299999999999995,5.9,-9.44568399246458,4.725193940750309,1.1838045035014064,100.0
373.815714645,-9.5,5.4,-9.445273705119448,4.763972036078186,0.6383780527570496,100.0
374.1157410610001,-9.5,5.4,-9.4474855315189,4.901623863578764,0.5011352539524747,100.0
374.315943576,-9.5,5.4,-9.450217559527594,5.002333425420283,0.4007705028034803,100.0
374.6160458810001,-9.5,5.4,-9.45288750735763,5.142443163271409,0.2618303097592325,100.0
374.8160563610001,-9.5,5.4,-9.455583997974731,5.242023285070874,0.16410186987267117,100.0
375.116030701,-9.5,5.4,-9.459628465609066,5.402008308052135,0.04042145581631875,100.0
375.316082818,-9.5,5.4,-9.462704154667811,5.501901008103958,0.10851172992651671,100.0
375.616039356,-9.5,5.4,-9.466886683156764,5.642023934101337,0.24427868599255353,100.0
375.815750228,-9.5,5.4,-9.469859171871288,5.741986007408944,0.34331166421168224,100.0
376.116019704,-9.799999999999995,6.2,-9.473679579949527,5.902036019768257,0.4418908802605645,100.0
376.316513026,-9.799999999999995,6.2,-9.47382354491836,6.002031668079696,0.38155280144814746,100.0
376.616060973,-9.799999999999995,6.2,-9.474904060550951,6.141955741889213,0.3302370447813029,100.0
376.816052929,-9.799999999999995,6.2,-9.475669385390542,6.241943519354016,0.3270315067218236,100.0
377.116040965,-9.799999999999995,6.2,-9.478105577225728,6.402088158524615,0.38007320772326036,100.0
377.316204273,-9.799999999999995,6.2,-9.480150819502098,6.502359138502924,0.4401415078147103,100.0
377.615896915,-9.799999999999995,6.2,-9.482647722852644,6.642613641702676,0.5446276743169723,100.0
378.316641556,-9.9,6.999999999999999,-9.485280805052026,7.002712409446834,0.41472806490916786,100.0
378.616057067,-9.9,6.999999999999999,-9.485223894026742,7.142696602476455,0.438635997661687,100.0
378.8160470250001,-9.9,6.999999999999999,-9.48454414541917,7.242791620483243,0.4811978159576037,100.0
379.116039567,-9.9,6.999999999999999,-9.485400286958678,7.403320419557261,0.5784118626772733,100.0
379.3160336460001,-9.9,6.999999999999999,-9.485589019791318,7.50334280044526,0.6519895975225364,100.0
379.616034949,-9.9,6.999999999999999,-9.486498501936518,7.643926396132623,0.7652611923631649,100.0
379.81603428,-9.9,6.999999999999999,-9.48818386900028,7.743501569550344,0.8499335913325254,100.0
380.116026061,-9.9,7.7,-9.490711271190762,7.903375327831061,0.4570325891013396,100.0
380.3168322,-9.9,7.7,-9.493220544614108,8.003422425962858,0.5074787620198797,100.0
380.61603866,-9.9,8.2,-9.497466455650452,8.143440465218085,0.40648768161084126,93.75
380.816062538,-9.9,8.2,-9.499865460864,8.243875965719925,0.40253291763213117,93.75
381.116042643,-9.9,8.7,-9.503788300846484,8.403420863084204,0.4949170587076534,75.0
381.31613293400005,-9.9,8.7,-9.505281098825971,8.503474938063304,0.4409366291353607,75.0
381.616051022,-9.9,8.7,-9.508663295452932,8.62778064775627,0.39794478406465333,75.0
381.816030928,-9.9,8.7,-9.51065499970441,8.673322741796113,0.39025787033761367,75.0
382.116018858,-9.9,8.7,-9.511214459206313,8.682311564143063,0.38918771498250687,75.0
382.316364634,-9.9,8.7,-9.511257317532204,8.682288901034033,0.38914593175162504,75.0
382.615744909,-9.9,8.7,-9.51129085101961,8.682258294726118,0.38911382731417443,75.0
382.81604909,-9.9,8.7,-9.511300574652678,8.682237267052695,0.38910507314489756,75.0
383.116041904,-9.9,8.7,-9.51130177911375,8.682204892414589,0.3891053491975045,75.0
383.316051994,-9.9,8.7,-9.511297598844637,8.682185346173172,0.38911041948901187,75.0
383.616024949,-9.9,8.7,-9.511289667111264,8.682158772514976,0.3891195604086806,75.0
383.815800445,-9.9,8.7,-9.511283347584026,8.682140325152295,0.3891267195286736,75.0
384.116028889,-9.9,8.7,-9.51127144598362,8.682111715912633,0.38913992266954034,75.0
384.316574062,-9.9,8.7,-9.51126417239997,8.682094366816886,0.3891479864519003,75.0
384.615757392,-9.9,8.7,-9.511253581008235,8.682070769322484,0.3891596530880463,75.0
384.8160065290001,-9.9,8.7,-9.511245892987995,8.682054356410642,0.38916808944534204,75.0
385.115711256,-10.0,9.3,-9.511234080537896,8.682028887898145,0.7878961983789742,75.0
385.315766899,-10.0,9.3,-9.511227288325808,8.68201343678318,0.7879125306744912,75.0
385.615738972,-10.0,9.3,-9.511217800501177,8.681992396780213,0.7879349187492415,75.0
385.8157413400001,-10.0,9.3,-9.511211157431635,8.681977778586704,0.787950505285673,75.0
386.115722194,-10.0,9.3,-9.511200635975706,8.681955088030806,0.787974829218271,75.0
386.315786269,-10.0,9.3,-9.511194186025618,8.68194132534074,0.7879896249930712,75.0
386.616054686,-10.0,9.3,-9.511185271223892,8.681922587513592,0.7880098520287384,75.0
386.816070392,-10.0,9.3,-9.51117908804199,8.681909568199353,0.7880238992892101,75.0
387.116029558,-10.0,9.3,-9.511169380957805,8.681889356054828,0.7880457742234849,75.0
387.3160357370001,-10.0,9.3,-9.510634189053158,8.682913302161806,0.7875753231104359,75.0
387.616040609,-10.0,9.3,-9.5106564842059,8.682997423352223,0.7874955593777835,75.0
387.816024048,-10.0,9.3,-9.511141294258747,8.683237647541004,0.7870061204271338,75.0
388.116067038,-10.0,9.3,-9.51104729368602,8.682540046049644,0.7876112897515762,75.0
388.3165591710001,-10.0,9.3,-9.510541249175448,8.682994270466843,0.7875696407527879,75.0
388.615720743,-10.0,9.3,-9.51074448105413,8.68270269611925,0.7876718378851917,75.0
388.815779933,-10.0,9.3,-9.5107024534893,8.681891160779392,0.7883340828253206,75.0
389.1160463270001,-10.0,9.3,-9.51084082797001,8.682304154051401,0.7879243959183017,75.0
389.31627793700005,-10.0,9.3,-9.510832859189255,8.682780910807859,0.7875556461051728,75.0
389.6157507310001,-10.0,9.3,-9.511415954839926,8.682932004131548,0.787075142988324,75.0
389.815763561,-9.799999999999995,8.8,-9.511723654752805,8.682308066715903,0.31137540427790045,75.0
390.115717705,-9.799999999999995,8.8,-9.511347657997277,8.682638896606804,0.311598785513235,75.0
390.3157201460001,-9.799999999999995,8.8,-9.51150836290221,8.683005460645095,0.3113119768242567,75.0
390.616061573,-9.799999999999995,8.8,-9.51172367892094,8.682473613410613,0.31131284721262703,75.0
390.816046131,-9.6,9.3,-9.510065540440692,8.683253714873846,0.6232689525663354,75.0
391.116045259,-9.6,9.3,-9.44355152702171,8.68795850390745,0.6317206009276947,75.0
391.316165146,-9.6,9.3,-9.354320867328925,8.689664804974072,0.6579265054072151,75.0
391.616049806,-9.699999999999996,8.7,-9.212596511534692,8.690708283414299,0.4874920476943772,75.0
391.816042134,-9.699999999999996,8.7,-9.112228949243438,8.690699768282602,0.5878446243842549,75.0
392.115741187,-9.699999999999996,8.7,-8.95244452616009,8.689380847242287,0.747630893471704,75.0
392.316588026,-9.699999999999996,8.7,-8.852577356238438,8.688411484917243,0.8475018766006664,75.0
392.616047449,-9.6,9.2,-8.712396481464802,8.686620506415473,1.0253772527948761,75.0
392.816036767,-9.5,8.600000000000001,-8.613118645494133,8.685368297634586,0.8909805178628704,75.0
393.11606488,-9.5,8.600000000000001,-8.452745361137818,8.682521555489679,1.050500873744898,75.0
393.316444514,-9.5,8.600000000000001,-8.352891063816056,8.680596487114054,1.1499368266162213,75.0
393.615764812,-9.1,8.8,-8.212785976800163,8.678063676775945,0.8955541244859755,75.0
393.815753395,-9.1,8.8,-8.11311680694044,8.676448185340352,0.9945870940491462,75.0
394.1157525800001,-9.1,8.8,-7.95330258758459,8.673384208754824,1.1536665524460865,75.0
394.3156804830001,-9.1,8.8,-7.874159597235235,8.670355692021918,1.23267689993834,75.0
394.616232541,-9.1,8.8,-7.833000225185722,8.667457647621914,1.2739136173828065,75.0
394.816053522,-8.5,8.899999999999999,-7.83220705191622,8.66743395028447,0.7071310974569789,75.0
395.116064831,-8.5,8.899999999999999,-7.832257099212525,8.667630334176964,0.7070192664608093,75.0
395.316396759,-8.5,8.899999999999999,-7.832288217956957,8.667705090802347,0.7069653094164112,75.0
395.616031878,-8.5,8.899999999999999,-7.832331035900322,8.66777890975351,0.7069006156293862,75.0
395.816015625,-8.5,8.899999999999999,-7.832360972754067,8.667818190747857,0.7068594366983392,75.0
396.115745105,-8.5,8.899999999999999,-7.832407546592894,8.667871838659881,0.7067978262086423,75.0
396.315730142,-8.5,8.899999999999999,-7.832435836562972,8.667901469324148,0.7067613743317243,75.0
396.616066813,-8.5,8.899999999999999,-7.832474366937452,8.667941709955976,0.7067117664038931,75.0
396.816047447,-8.5,8.899999999999999,-7.832501154600347,8.667968554606059,0.7066776494707259,75.0
397.115802776,-8.5,8.899999999999999,-7.832542768493417,8.668008913205023,0.7066250917160717,75.0
397.316419277,-8.5,8.899999999999999,-7.832568003873962,8.668033233424485,0.7065932707352136,75.0
397.61584523500005,-8.5,8.899999999999999,-7.83260237816206,8.668066072353735,0.7065500211792224,75.0
397.815744732,-8.5,8.899999999999999,-7.832626264092901,8.668088761316024,0.7065200110446511,75.0
398.116045787,-8.5,8.899999999999999,-7.83266335015687,8.668123552048234,0.7064735602544371,75.0
398.3160511420001,-8.5,8.899999999999999,-7.832685854960113,8.668144530623854,0.7064454167520288,75.0
398.616081579,-8.5,8.899999999999999,-7.832716483039561,8.668173150765035,0.7064070922869498,75.0
398.8160874400001,-8.5,8.899999999999999,-7.832737765370143,8.668192950215303,0.7063804910196164,75.0
399.1160504660001,-8.5,8.899999999999999,-7.83277083492956,8.668223570494659,0.7063392046282295,75.0
399.316469802,-8.5,8.899999999999999,-7.832790886577716,8.668241979994619,0.7063142224750708,75.0
399.616137509,-8.5,8.899999999999999,-7.83281817721847,8.668267025926003,0.7062802247856472,75.0
399.815978034,-8.5,8.899999999999999,-7.83283715931015,8.668284551698077,0.7062565433177318,75.0
400.116050174,-8.100000000000001,9.5,-7.832866610570779,8.668311845061366,0.8735361668604077,81.25
400.316051195,-8.100000000000001,9.5,-7.832884473586763,8.66832843979175,0.8735149045724668,81.25
400.615706083,-8.100000000000001,9.5,-7.832739875684845,8.668473835311618,0.8734207099733344,81.25
400.815732006,-8.100000000000001,9.5,-7.8318568682524194,8.667708488418807,0.8744197500934596,81.25
401.116048465,-8.100000000000001,9.5,-7.831992320579229,8.667782753097866,0.8743075330053354,81.25
401.3161545420001,-8.100000000000001,9.5,-7.832183595201445,8.668203518363157,0.8738483927676787,81.25
401.615744257,-8.100000000000001,9.5,-7.831310568783267,8.668967037056474,0.8733898304573214,81.25
401.8157866030001,-8.100000000000001,9.0,-7.832555603779848,8.668913294743408,0.42561122103068183,81.25
402.115727671,-8.100000000000001,9.0,-7.832145244816109,8.669180215116334,0.42566172008426784,81.25
402.315761955,-8.100000000000001,9.0,-7.832855602613033,8.669440836203552,0.4250123407914802,81.25
402.6157415,-8.100000000000001,9.0,-7.832138773731494,8.668724448869696,0.4260201020078223,81.25
402.815762193,-8.100000000000001,9.0,-7.8317548457365,8.668697902317323,0.426282233637284,81.25
403.115718235,-8.100000000000001,9.0,-7.831179398902297,8.668416449259695,0.42686317092960807,81.25
403.315760423,-8.100000000000001,9.0,-7.832071943857233,8.669738404111735,0.42527422328082154,81.25
403.615824564,-8.100000000000001,9.0,-7.831538089348696,8.669442637864352,0.42584030707840215,81.25
403.816059795,-8.100000000000001,9.0,-7.829792010223032,8.66801854973132,0.4280467743854719,81.25
404.116071679,-8.100000000000001,9.0,-7.829698542465737,8.667954138325015,0.42815573358374037,81.25
404.31622062,-8.100000000000001,9.0,-7.829956909770279,8.668318664625172,0.42770992368291766,81.25
404.615865689,-8.100000000000001,9.0,-7.829892608457564,8.668534107131773,0.42758349021073105,81.25
404.8157818570001,-8.100000000000001,9.0,-7.829858093877481,8.669035967872551,0.4272163854600709,81.25
405.116060166,-8.100000000000001,9.0,-7.829767810448666,8.668975557781454,0.4273202752220027,81.25
405.3160537920001,-8.100000000000001,9.0,-7.828227307457987,8.651511826549728,0.44193257794175284,81.25
405.616056075,-8.100000000000001,9.0,-7.824300589694676,8.558395196946936,0.5206005829061656,81.25
405.815745442,-8.100000000000001,9.0,-7.822333793650104,8.45814017854696,0.6088600728031552,81.25
406.1157266240001,-8.100000000000001,9.0,-7.819309503732432,8.297143604529227,0.7568317298773236,81.25
406.315867934,-8.100000000000001,9.0,-7.817589922345919,8.197239453290344,0.8509876305294757,81.25
406.6160520030001,-8.100000000000001,9.0,-7.815519762554869,8.056902573499471,0.985069419568367,81.25
406.815724003,-8.100000000000001,9.0,-7.81486467252016,7.957519681075986,1.080771655032158,81.25
407.115720705,-8.100000000000001,9.0,-7.813000796421946,7.797559673839959,1.23621651858819,81.25
407.3163253670001,-8.100000000000001,9.0,-7.811884569123189,7.6973239905609585,1.3341571448211629,81.25
407.6160499340001,-8.100000000000001,9.0,-7.810223284491025,7.557423748454519,1.4713928049213036,81.25
407.815730314,-8.100000000000001,9.0,-7.808318105873789,7.456713815661599,1.5706083452378685,81.25
408.115728517,-8.100000000000001,9.0,-7.806094233542415,7.296770498469304,1.728401381173229,81.25
408.316328978,-8.100000000000001,9.0,-7.804555061211437,7.1965620598663325,1.8274780753183728,81.25
408.6157232160001,-8.100000000000001,9.0,-7.801792434106332,7.056533010544991,1.9662125244890352,81.25
408.815763609,-8.199999999999996,8.3,-7.799483828292111,6.956709836692837,1.4017281001097635,81.25
409.1160587650001,-8.199999999999996,8.3,-7.796074203898098,6.796617863984827,1.5566996806211844,81.25
409.316053328,-8.199999999999996,8.3,-7.793934054462536,6.696810745389975,1.6538153881924917,81.25
409.61603786,-8.199999999999996,8.3,-7.7900992845859856,6.556747668034832,1.790795155621914,81.25
409.8157306270001,-8.199999999999996,8.3,-7.787238318856618,6.4567175233642375,1.8889315747513937,81.25
410.115721721,-8.199999999999996,7.8,-7.782193635406729,6.297124493940018,1.559870810358886,100.0
410.31577941,-8.199999999999996,7.8,-7.778940887400717,6.19691038141084,1.6574640573874388,100.0
410.616056743,-8.199999999999996,7.8,-7.7737364348,6.057102801672892,1.7942662207580826,100.0
410.816096436,-8.199999999999996,7.8,-7.770069051437345,5.957120525675889,1.8923650222452038,100.0
411.115719035,-8.100000000000001,7.1000000000000005,-7.763017178550045,5.797065870584221,1.345806363318598,100.0
411.316318952,-8.100000000000001,7.1000000000000005,-7.758397624298428,5.69674539320282,1.4442353252093199,100.0
411.616040505,-8.100000000000001,7.1000000000000005,-7.752925183031604,5.5564554157942165,1.5820843251877104,100.0
411.816033213,-8.100000000000001,7.1000000000000005,-7.749246575894879,5.456627591183076,1.680387109740553,100.0
412.116025652,-8.100000000000001,7.1000000000000005,-7.746402174381613,5.296559093867332,1.837778692931952,100.0
412.315736919,-8.399999999999999,6.6000000000000005,-7.747019510407085,5.196032407673688,1.5483890079988112,100.0
412.616065116,-8.399999999999999,6.6000000000000005,-7.752168845224576,5.060541223996175,1.6702151143229589,100.0
412.8160504540001,-8.399999999999999,6.6000000000000005,-7.756385198307145,4.997509851755085,1.7269089982335903,100.0
413.116088187,-8.399999999999999,6.6000000000000005,-7.757158567475311,4.951585740272398,1.7693260522141456,100.0
413.316324667,-8.399999999999999,6.6000000000000005,-7.759388379362376,4.891685291769047,1.8244786627566159,100.0
413.616024646,-8.100000000000001,6.1000000000000005,-7.763491288014885,4.835900941681034,1.3081225257921292,100.0
413.816081895,-8.100000000000001,6.1000000000000005,-7.76257167981468,4.817202072989542,1.3264344660801815,100.0
414.11569872,-8.100000000000001,6.1000000000000005,-7.762738676826211,4.801760017268306,1.341332267885973,100.0
414.316048313,-8.100000000000001,6.1000000000000005,-7.7629503532895505,4.801607925473183,1.3414262721229566,100.0
414.616055767,-8.100000000000001,6.1000000000000005,-7.7629766219886,4.801659998577366,1.3413692692992276,100.0
414.816042356,-8.100000000000001,6.1000000000000005,-7.762987390226716,4.801696128192157,1.34133159311836,100.0
415.116049503,-8.100000000000001,6.1000000000000005,-7.762989864998601,4.80175192897934,1.341276960587383,100.0
415.316395433,-8.100000000000001,6.1000000000000005,-7.762985917725442,4.801785697720792,1.341245267016311,100.0
415.6157208620001,-8.100000000000001,6.1000000000000005,-7.762979283426402,4.801831638602938,1.3412024671659823,100.0
415.81605354,-8.100000000000001,6.1000000000000005,-7.762972912466306,4.8018635242367385,1.341173205607131,100.0
416.116034853,-8.100000000000001,6.1000000000000005,-7.762960426060168,4.801912980979356,1.3411284738426246,100.0
416.316214805,-8.100000000000001,6.1000000000000005,-7.762951745996655,4.801942960535366,1.341101637919511,100.0
416.6160682410001,-8.100000000000001,6.1000000000000005,-7.762938679258056,4.801983758245154,1.3410654338247934,100.0
416.816034053,-8.100000000000001,6.1000000000000005,-7.762928706022021,4.802012083425124,1.3410405246667152,100.0
417.116155939,-8.100000000000001,6.1000000000000005,-7.762912169235843,4.802056061107129,1.3410021156426373,100.0
417.316165374,-8.100000000000001,6.1000000000000005,-7.762901685897241,4.802082709303725,1.3409789583954272,100.0
417.6161236420001,-8.299999999999997,5.6,-7.762887265378504,4.802119009124664,0.9618233545161949,100.0
417.816069542,-8.299999999999997,5.6,-7.762877175199351,4.802144223788249,0.9618080726196271,100.0
418.115726859,-8.299999999999997,5.6,-7.762861294724826,4.8021833774033125,0.9617844623387675,100.0
418.316021979,-8.299999999999997,5.6,-7.762851709678301,4.802207125340207,0.9617701163237797,100.0
418.616055054,-8.299999999999997,5.6,-7.762838543237504,4.802239461833215,0.9617506469388835,100.0
418.815739397,-8.299999999999997,5.6,-7.762829405514109,4.80226192540646,0.961737117530841,100.0
419.116235313,-8.299999999999997,5.6,-7.762725101027379,4.80211436038315,0.9619177776571268,100.0
419.316598196,-8.299999999999997,5.6,-7.761059661792008,4.7805690438496224,0.9807771306699922,100.0
419.61603189,-8.299999999999997,5.6,-7.75711221096664,4.683775661582499,1.064985535014497,100.0
419.81604873900005,-8.299999999999997,5.6,-7.758176292582687,4.583365978378553,1.1520059304698198,100.0
420.116037347,-8.299999999999997,5.6,-7.759433110935677,4.423053025512472,1.2951512430245447,100.0
420.316137026,-8.299999999999997,5.6,-7.760990823889829,4.322900776986768,1.3861866098588467,100.0
420.6157352130001,-8.299999999999997,5.6,-7.763108704117458,4.182659085912223,1.5156211697985769,100.0
420.815709098,-8.299999999999997,5.6,-7.764953847984004,4.082659914746168,1.608911221635683,100.0
421.115700696,-8.299999999999997,5.6,-7.766517298224566,3.922533224652872,1.7602552586165179,100.0
421.316266849,-8.299999999999997,5.6,-7.767750101758429,3.822788702514052,1.855200784306067,100.0
421.616075811,-8.299999999999997,5.6,-7.769089293792611,3.682579660661788,1.989564509050533,100.0
421.816052027,-8.299999999999997,5.6,-7.769881094250461,3.5826973163393707,2.085793894836559,100.0
422.116030327,-8.399999999999999,4.8,-7.770865862980679,3.4221181213343668,1.5147172125245618,100.0
422.315736677,-8.399999999999999,4.8,-7.771381778925819,3.3219518436681663,1.6061716036284537,100.0
422.615725797,-8.399999999999999,4.8,-7.77227390644175,3.181571119175098,1.735900944991402,100.0
422.815742439,-8.399999999999999,4.8,-7.772276460324645,3.081634459509091,1.8294307784141954,100.0
423.115731265,-8.399999999999999,4.8,-7.7713610512569025,2.921544737160502,1.9808536297178125,100.0
423.315855476,-8.199999999999996,4.2,-7.76985182339734,2.821091613313028,1.4444430735443534,100.0
423.61570535,-8.199999999999996,4.2,-7.766457621195703,2.68097421958775,1.5796829795171974,100.0
423.816085898,-8.199999999999996,3.7,-7.764147384620461,2.5808990478067457,1.2009806174676714,100.0
424.115696151,-8.199999999999996,3.7,-7.760062653267073,2.4207334480335163,1.3527999778350903,100.0
424.316041179,-8.199999999999996,3.7,-7.758164885185641,2.320973933247125,1.4480784376085847,100.0
424.61606539200005,-8.199999999999996,3.7,-7.754892860982776,2.180402245207403,1.58344488428704,100.0
424.816066173,-7.799999999999997,3.1,-7.752349809187662,2.080282839022472,1.0208298727390974,100.0
425.11604263,-7.799999999999997,3.1,-7.747956268174181,1.920425817966144,1.1807217288350367,100.0
425.316058967,-7.799999999999997,3.1,-7.744599789088363,1.8203888033648912,1.28080989921338,100.0
425.61605574900005,-7.699999999999996,2.6,-7.739769884116161,1.680513662646402,0.9203460046431169,100.0
425.8160764210001,-7.699999999999996,2.6,-7.736402720539481,1.5805850993120236,1.0200646537388465,100.0
426.116048249,-7.699999999999996,2.6,-7.729531313257488,1.4209638658480015,1.179405911507485,100.0
426.315958236,-7.699999999999996,2.6,-7.725173923939858,1.32138280724197,1.2788649858616645,100.0
426.616072785,-7.5,2.1,-7.719430269713237,1.1811231330941645,0.9447138930920348,100.0
426.816028344,-7.799999999999997,0.7999999999999998,-7.7138555744412765,1.081570151883356,0.29445307348787897,93.75
427.116029667,-8.199999999999996,0.5,-7.704905403997362,0.921489098793298,0.6502089813226188,93.75
427.316127721,-8.199999999999996,0.5,-7.701034483654013,0.844280612613753,0.6062142581003143,93.75
427.616042592,-8.199999999999996,0.5,-7.699129169308656,0.8031065069900684,0.5854443983993296,93.75
427.8160435150001,-8.199999999999996,0.5,-7.698732458153255,0.8022598451496856,0.5853461903002243,93.75
428.1160508580001,-8.199999999999996,0.5,-7.698562750425483,0.8022994296758836,0.5855119643894702,93.75
428.315727385,-8.199999999999996,0.5,-7.698501792234936,0.8023217745324743,0.5855757062481601,93.75
428.616046866,-8.199999999999996,0.5,-7.698443071478865,0.8023509766017128,0.5856410723297678,93.75
428.816037284,-8.199999999999996,0.5,-7.698413797348798,0.8023706741485636,0.5856763127147154,93.75
429.116027413,-8.199999999999996,0.5,-7.698382601980969,0.8024005326989154,0.5857184444525944,93.75
429.3159526440001,-8.199999999999996,0.5,-7.698369186579012,0.8024183607677302,0.5857391381006042,93.75
429.6157933550001,-8.199999999999996,0.5,-7.69835282272485,0.8024425407396749,0.5857656365110465,93.75
429.816051519,-8.199999999999996,0.5,-7.6983419126231585,0.8024593166639411,0.5857836416864205,93.75
430.116031892,-8.199999999999996,0.5,-7.698330298986771,0.8024850969898358,0.5858068989143512,93.75
430.315872986,-8.199999999999996,0.5,-7.698325175581823,0.8025006317529835,0.5858193080344469,93.75
430.616066936,-8.100000000000001,0.0,-7.698319939195979,0.8025217005685986,0.897434092917713,75.0
430.81605308,-8.100000000000001,0.0,-7.698316246135125,0.8025363411671604,0.8974488381032936,75.0
431.116042522,-8.100000000000001,0.0,-7.698309447327155,0.8025591229290904,0.8974722535562465,75.0
431.316042674,-8.100000000000001,0.0,-7.698304869262854,0.8025729671581331,0.8974866827262362,75.0
431.615743855,-8.100000000000001,0.0,-7.698298560900376,0.8025918164323694,0.8975063620826986,75.0
431.816054595,-8.100000000000001,0.0,-7.698294114372895,0.8026049359351438,0.8975200843072617,75.0
432.115743565,-8.100000000000001,0.0,-7.698287206557356,0.8026252856781627,0.8975413737680542,75.0
432.316601133,-8.100000000000001,0.0,-7.698283147330829,0.8026376196824867,0.8975542202273875,75.0
432.6160334430001,-8.100000000000001,0.0,-7.698277852564634,0.8026544053666179,0.8975716005949175,75.0
432.815696647,-8.100000000000001,0.0,-7.698304920376389,0.8025104494449963,0.8974307541321673,75.0
433.115794757,-8.100000000000001,0.0,-7.698131432223974,0.8010280362431546,0.8961831624249141,75.0
433.3157190710001,-8.100000000000001,0.0,-7.69800367710926,0.8004369767434876,0.8957122290981248,75.0
433.615835003,-8.100000000000001,0.0,-7.697928526720044,0.8008327547003592,0.896099643246487,75.0
433.815723184,-8.100000000000001,0.0,-7.698068691199482,0.8017394673293673,0.8968472280537395,75.0
434.116044192,-8.100000000000001,0.0,-7.697680767465906,0.8018705737966325,0.897138329349362,75.0
434.31623176500005,-8.100000000000001,0.0,-7.6980077637653475,0.8009211766477168,0.8961431187013048,75.0
434.616060319,-8.100000000000001,0.0,-7.697718951626667,0.8010386602740769,0.896377697811607,75.0
434.816082122,-8.100000000000001,0.0,-7.697238528478514,0.8015306454040902,0.8970329862742237,75.0
435.1157232540001,-8.100000000000001,0.0,-7.6970127085634354,0.8016865241147959,0.8972736706304509,75.0
435.316399637,-8.100000000000001,0.0,-7.6973170741083905,0.8009243019286832,0.8964559533097971,75.0
435.616073388,-8.100000000000001,0.0,-7.697387634995537,0.8005101548512793,0.8960542530865568,75.0
435.816048247,-8.100000000000001,0.0,-7.698241754906744,0.8004543916605761,0.8956209692884134,75.0
436.116065356,-8.100000000000001,0.0,-7.697693908473069,0.799894503157777,0.895366632984334,75.0
436.3160258580001,-8.100000000000001,0.0,-7.69862358827013,0.7997252135222314,0.8947979889541136,75.0
436.615717268,-8.100000000000001,0.0,-7.699227586145017,0.7997336984682992,0.8945348043385096,75.0
436.816031957,-8.100000000000001,0.0,-7.699508396341645,0.7995541123477113,0.8942484571823308,75.0
437.116020668,-8.100000000000001,0.0,-7.699057827826545,0.7989878976178018,0.8939442297855524,75.0
437.316597437,-8.100000000000001,0.0,-7.686087962805221,0.7969449935615067,0.8980225483235281,75.0
437.616037667,-8.100000000000001,0.0,-7.6021328853309615,0.7928224496684347,0.9361832622767471,75.0
437.815715782,-8.100000000000001,0.0,-7.503350143567924,0.7905516331468851,0.99043573029835,75.0
438.11609122,-7.600000000000001,-0.3000000000000002,-7.343180325770882,0.7881237115878745,1.1180203740500096,75.0
438.3166254670001,-7.600000000000001,-0.3000000000000002,-7.24319267911718,0.7863840869390764,1.1434779615672652,75.0
438.616071446,-7.600000000000001,-0.3000000000000002,-7.102622645957814,0.7840199527878721,1.1926791229648603,75.0
438.816033502,-7.199999999999996,-1.7000000000000002,-7.003009007073301,0.7818523818783507,2.4896579477368954,75.0
439.116067356,-7.699999999999996,-1.8000000000000005,-6.842435457237388,0.7795262543373348,2.7183400526459605,75.0
440.1160234830001,-7.100000000000001,-1.9,-6.342586789585242,0.7732553006481552,2.7784831606029665,75.0
440.316036963,-6.699999999999996,-1.6,-6.242585218783908,0.7718701407224487,2.415573688904085,75.0
440.61607324500005,-6.699999999999996,-1.6,-6.13384318913572,0.7733961859824173,2.439988317620372,75.0
440.816059584,-6.699999999999996,-1.6,-6.103714535939785,0.77539524976624,2.449093495002083,75.0
441.115720717,-6.699999999999996,-1.6,-6.100816396646597,0.7760763798994452,2.4504611716253772,75.0
441.316513008,-6.699999999999996,-1.6,-6.100844017675237,0.7761160207342703,2.450492855558981,75.0
441.6177206260001,-6.399999999999999,-1.0000000000000002,-6.100882311048643,0.7761353880654919,1.8011463873272924,75.0
441.816054957,-5.699999999999996,-1.4,-6.100909143968846,0.7761351247700317,2.2127567021649073,75.0
442.116022277,-5.699999999999996,-1.4,-6.100951006222604,0.7761194888013062,2.2127489100509754,75.0
442.315706405,-5.699999999999996,-1.4,-6.100976528338097,0.7761008890761407,2.212735243022998,75.0
442.616054254,-5.699999999999996,-1.4,-6.101011299930856,0.7760746314564427,2.2127157215377964,75.0
442.815714699,-5.699999999999996,-1.4,-6.101035451479579,0.7760562221665748,2.212701994253474,75.0
443.116027914,-5.699999999999996,-1.4,-6.101073004083759,0.7760261710624348,2.2126792473726087,75.0
443.31610067800005,-5.699999999999996,-1.4,-6.101095776685682,0.7760066795416667,2.21266420667146,75.0
443.61574090500005,-5.699999999999996,-1.4,-6.101126813390107,0.7759794620243512,2.2126430664642434,75.0
443.815744609,-5.699999999999996,-1.4,-6.101148379534708,0.775960329048103,2.2126281603546616,75.0
444.115725611,-5.699999999999996,-1.4,-6.101181873974123,0.7759300620146027,2.212604467767401,75.0
444.315814977,-5.699999999999996,-1.4,-6.101202191825858,0.7759114835416556,2.212589881323316,75.0
444.6157598580001,-6.100000000000001,-0.9000000000000001,-6.101229855597628,0.7758859814637185,1.6758864327308705,75.0
444.816065269,-6.100000000000001,-0.9000000000000001,-6.101249090205893,0.7758681846197037,1.6758686501175692,75.0
445.1160234240001,-6.100000000000001,-0.9000000000000001,-6.101278936601529,0.7758406210380056,1.675841109055354,75.0
445.316040256,-6.100000000000001,-0.9000000000000001,-6.101297038884373,0.775823625177177,1.675824127112342,75.0
445.616027295,-6.100000000000001,-0.9000000000000001,-6.10132171019576,0.7758004349504286,1.6758009561692844,75.0
445.8160551840001,-6.100000000000001,-0.9000000000000001,-6.101338851143628,0.7757842761528968,1.6757848109836995,75.0
446.11607465,-6.100000000000001,-0.9000000000000001,-6.099497669580005,0.7759761889639808,1.6759762642442404,75.0
446.316220475,-6.100000000000001,-0.9000000000000001,-6.098930797349896,0.7763135190771846,1.676313860061785,75.0
446.61602482100005,-6.100000000000001,-0.9000000000000001,-6.09920589664109,0.7766831861111599,1.6766833741610296,75.0
446.816046254,-6.100000000000001,-0.9000000000000001,-6.10033340125763,0.7763002686331523,1.676300301788429,75.0
447.115978356,-6.100000000000001,-0.9000000000000001,-6.100244342942644,0.776137129445732,1.6761371472555737,75.0
447.3158596500001,-6.199999999999996,-0.4000000000000001,-6.099806669028969,0.7761589115264085,1.180418776847461,75.0
447.616086746,-6.199999999999996,-0.4000000000000001,-6.099671300135603,0.7762189936068892,1.1804901392803255,75.0
447.8160745610001,-6.199999999999996,-0.4000000000000001,-6.099570178972181,0.7763994844940717,1.1806785744094777,75.0
448.116020255,-5.799999999999997,-0.9000000000000001,-6.099438298839664,0.777025236193432,1.7035483373364053,75.0
448.316046506,-5.799999999999997,-0.9000000000000001,-6.099382553844956,0.7768718451538814,1.703387536239629,75.0
448.615722298,-5.799999999999997,-0.9000000000000001,-6.099695770712019,0.7773827525161771,1.7039455547115991,75.0
448.8157241070001,-5.799999999999997,-0.9000000000000001,-6.099873763127219,0.7773259247312063,1.7039209287955464,75.0
449.1160380710001,-5.799999999999997,-0.9000000000000001,-6.0995190430931485,0.7772907094213475,1.7038238703242201,75.0
449.316105506,-5.799999999999997,-0.9000000000000001,-6.0995544480518005,0.7773064324323872,1.7038455727050745,75.0
449.61570959500006,-5.799999999999997,-0.9000000000000001,-6.098481998706514,0.7799420621683938,1.7062522778869582,75.0
449.816167382,-5.799999999999997,-0.9000000000000001,-6.0967703746899256,0.8118847429308597,1.7374182076785822,75.0
450.115711245,-5.799999999999997,-0.9000000000000001,-6.098103596938251,0.9459940300811396,1.8699090121186999,75.0
450.315974621,-5.399999999999999,-1.4,-6.100864914629306,1.0468681333486651,2.5452652691920985,75.0
450.61574005000006,-5.399999999999999,-1.4,-6.104970166956644,1.1860410901597511,2.6804088226040284,75.0
450.815720192,-5.399999999999999,-1.4,-6.107577646263502,1.2865168322848486,2.7781358526252125,75.0
451.116017505,-5.399999999999999,-1.4,-6.110558037670392,1.44689000940655,2.9342248466259067,75.0
453.316003784,-6.399999999999999,0.6999999999999997,-6.108580398413072,2.548142408803906,1.870977217233975,87.5
453.61583101,-6.399999999999999,0.6999999999999997,-6.109514348819291,2.688211738762056,2.0093202411992763,87.5
453.8157954770001,-6.600000000000001,1.2999999999999998,-6.110113888890221,2.7887122124850805,1.567243584597011,93.75
454.116011694,-6.600000000000001,1.2999999999999998,-6.110677699667046,2.948806937670677,1.7198839005334317,93.75
454.316036684,-6.899999999999999,2.1,-6.111673524866542,3.0483151587840407,1.2331910929681338,100.0
454.616052211,-6.899999999999999,2.1,-6.112185285450916,3.1885377854320094,1.3437137101232817,100.0
454.8160335440001,-7.0,2.7,-6.110762912574728,3.288174449829824,1.0661574841857073,100.0
455.116015911,-7.0,2.7,-6.109395665959643,3.4481192721971485,1.163124466789457,100.0
455.3167449280001,-7.0,2.7,-6.1084514343743,3.548158587278639,1.2305412768549213,100.0
455.615742546,-6.399999999999999,3.2,-6.107850730828689,3.688472825722782,0.5691721153982594,100.0
455.815715903,-6.399999999999999,3.2,-6.107962862395766,3.789300930045469,0.6576939074467149,100.0
456.115707422,-6.399999999999999,3.2,-6.107440145652318,3.949240132191816,0.8043332916538674,100.0
456.3160301040001,-6.399999999999999,3.2,-6.108832870725145,4.049024189821578,0.8975635755044576,100.0
456.615737441,-6.100000000000001,3.9,-6.111989491521914,4.188334501273777,0.28858366643272104,100.0
456.81572124,-6.100000000000001,3.9,-6.114724935670278,4.287618433686662,0.3878980199281699,100.0
457.11601787100005,-6.100000000000001,3.9,-6.121095144153301,4.417378575321516,0.5178084542652526,100.0
457.316022721,-6.100000000000001,3.9,-6.122588653064628,4.45277118679961,0.5532325299574522,100.0
457.616028856,-6.100000000000001,3.9,-6.124500304476901,4.473854126349136,0.5743768999945862,100.0
457.81603945600006,-5.199999999999996,4.2,-6.124970586965564,4.483475627629284,0.967434244903107,100.0
458.116022602,-5.199999999999996,4.2,-6.125322185849664,4.487758583470435,0.9690336165409948,100.0
458.316289433,-5.199999999999996,4.2,-6.125315401148998,4.487716781936186,0.9690147254873136,100.0
458.615731344,-5.199999999999996,4.2,-6.125283666059519,4.487660357551492,0.9689676692146152,100.0
458.816073074,-5.199999999999996,4.2,-6.125254273022334,4.487621324953906,0.9689280140001812,100.0
459.11574304400006,-5.199999999999996,4.2,-6.125207461055492,4.487560774602359,0.9688653389830119,100.0
459.315710242,-5.199999999999996,4.2,-6.125178081213213,4.487524077104455,0.968826391502698,100.0
459.615995947,-5.199999999999996,4.2,-6.125139669071425,4.487474060979181,0.9687748670488179,100.0
459.8193490750001,-5.199999999999996,4.2,-6.125114131058377,4.487439093436584,0.9687401033917971,100.0
460.115737031,-4.899999999999999,4.6,-6.125078195190262,4.4873851661840725,1.2302433438657667,100.0
460.316121619,-4.899999999999999,4.6,-6.125058125683214,4.487352301941828,1.2302263674544933,100.0
460.616051292,-4.899999999999999,4.6,-6.1250326817286505,4.487307522307496,1.2302051316068259,100.0
461.072464124,-4.899999999999999,4.6,-6.124993330831999,4.487233950876882,1.23017268804738,100.0
461.073730645,-4.899999999999999,4.6,-6.124993330831999,4.487233950876882,1.23017268804738,100.0
461.316025468,-4.899999999999999,4.6,-6.124974730741783,4.487198637814908,1.230157403858026,100.0
461.616060645,-4.899999999999999,4.6,-6.124954002351012,4.487158670406218,1.2301404283821658,100.0
461.816054472,-4.899999999999999,4.6,-6.124939911410377,4.487130894102576,1.2301289451241075,100.0
462.1160246870001,-4.899999999999999,4.6,-6.124918000459457,4.487087770248052,1.230111084202217,100.0
462.316589187,-4.899999999999999,4.6,-6.124904775827077,4.487061607096462,1.2301003172244203,100.0
462.61605649100005,-4.899999999999999,4.6,-6.1248869934161725,4.487025978460109,1.2300858816290063,100.0
462.815731873,-4.899999999999999,4.6,-6.124874612681428,4.48700124269497,1.2300758252823132,100.0
463.11572341,-4.899999999999999,4.6,-6.125082958023131,4.489381623760468,1.2300669409428815,100.0
463.3158564200001,-4.899999999999999,4.6,-6.124247678300568,4.517863422909516,1.2269999165120087,100.0
463.6157198940001,-4.899999999999999,4.6,-6.124527613789025,4.625803433466459,1.224799450567523,100.0
463.815743444,-4.899999999999999,4.6,-6.126401915916596,4.72638018777066,1.2328964316700934,100.0
464.116130561,-4.899999999999999,4.6,-6.128681576814361,4.886508755983315,1.2616440403133267,100.0
464.316337531,-4.899999999999999,4.6,-6.129541552055692,4.986890195981317,1.288974961734318,100.0
464.616071701,-5.199999999999996,5.2,-6.12845893527171,5.127675462568015,0.9312716216016872,100.0
464.816050081,-5.199999999999996,5.2,-6.12741662726081,5.227672021831358,0.9278293707961927,100.0
465.116024104,-5.199999999999996,5.2,-6.1259821455649615,5.388727277585568,0.9450190046818939,100.0
465.315726239,-5.699999999999996,5.5,-6.1254491613483,5.488513701127554,0.4256041869551595,100.0
465.61573884,-5.699999999999996,5.5,-6.125553142273294,5.628568236773939,0.4445506364924442,100.0
465.815718099,-5.699999999999996,5.5,-6.125501170577987,5.728478075213584,0.48296322532522595,100.0
466.115706476,-5.699999999999996,5.5,-6.126119104895339,5.888687002387154,0.5767625832017187,100.0
466.316580645,-5.799999999999997,6.2,-6.12682120365184,5.988599589259522,0.38923287735966267,100.0
466.615721685,-5.799999999999997,6.2,-6.127073518979513,6.128444489193856,0.3348093157968754,100.0
466.815726974,-5.799999999999997,6.2,-6.125643987811771,6.228341584037755,0.32687497943973015,100.0
467.116023216,-6.299999999999997,6.499999999999999,-6.122747444480242,6.388687546201567,0.2093058308048582,100.0
467.316356419,-6.299999999999997,6.499999999999999,-6.121554098825839,6.488707914434884,0.17880282671777695,100.0
467.6160255470001,-6.299999999999997,6.499999999999999,-6.11976923109679,6.629425410571096,0.22188750970015875,100.0
467.816047034,-6.299999999999997,6.499999999999999,-6.119693281611935,6.72862856142846,0.2911726838093148,100.0
468.115731437,-6.299999999999997,7.2,-6.120505383833759,6.888854922985763,0.3592068710128759,100.0
468.316498757,-6.299999999999997,7.2,-6.121010384625302,6.9889379000229885,0.2767390331317345,100.0
468.615724746,-6.299999999999997,7.2,-6.121463605827271,7.128767165770034,0.19222216499829764,100.0
468.8157449520001,-6.299999999999997,7.2,-6.120880610198774,7.228932784933484,0.18144106990086287,100.0
469.115699526,-6.299999999999997,7.2,-6.120683701957567,7.389000064332489,0.26052899850367217,100.0
469.31569787,-6.299999999999997,7.2,-6.120614964805849,7.489189612634138,0.3403081293579221,100.0
469.6157417440001,-6.299999999999997,7.2,-6.120461889674915,7.629324452533455,0.4653530042905621,100.0
469.81571296400006,-6.399999999999999,7.999999999999999,-6.120721264354193,7.729191512847088,0.3890165149424485,100.0
470.116003663,-6.399999999999999,7.999999999999999,-6.122136939579906,7.889582571907389,0.2989981417544379,100.0
470.316648218,-6.399999999999999,7.999999999999999,-6.123475098029219,7.989012945774305,0.27674308802661607,100.0
470.6160503800001,-6.399999999999999,7.999999999999999,-6.12521389319561,8.129577045411645,0.3038052257455827,100.0
470.815711187,-6.399999999999999,7.999999999999999,-6.126230530483832,8.229347017702459,0.35714111632263207,100.0
471.115709727,-6.399999999999999,7.999999999999999,-6.128537934266698,8.389888728798327,0.4750840704298209,100.0
471.315698831,-6.399999999999999,7.999999999999999,-6.129947873730352,8.490421376994721,0.5598582659175059,100.0
471.616037593,-6.399999999999999,8.600000000000001,-6.132310536121565,8.614776354218357,0.2680969781916785,93.75
471.816066628,-6.399999999999999,8.600000000000001,-6.133792013867846,8.659720502943632,0.27282454133082756,93.75
472.116011987,-6.899999999999999,9.0,-6.134497152783955,8.668871797049443,0.8340506554671215,93.75
472.31623200700005,-6.899999999999999,9.0,-6.134488194545076,8.668849625739261,0.8340676799060628,93.75
472.615756351,-6.899999999999999,9.0,-6.134466996967226,8.668819493057645,0.834099098975038,93.75
472.815717518,-6.899999999999999,9.0,-6.134446377454805,8.668798522197141,0.8341263500758542,93.75
473.1160265520001,-6.899999999999999,9.0,-6.1344141655700914,8.668765992005406,0.8341688305924045,93.75
473.31609836,-6.899999999999999,9.0,-6.134395612355797,8.66874626340034,0.8341936923708366,93.75
473.615700014,-6.899999999999999,9.0,-6.134374759715101,8.668719306386432,0.834223535104587,93.75
473.81571751700005,-6.899999999999999,9.0,-6.134363394589502,8.668700546871914,0.8342414154113168,93.75
474.115682608,-6.899999999999999,9.0,-6.134345533412406,8.668671420496148,0.8342693748433839,93.75
474.316868314,-6.899999999999999,9.0,-6.134335760616837,8.668653740906665,0.8342853653788629,93.75
474.615790007,-6.899999999999999,9.0,-6.134322567566114,8.668629666688268,0.8343070348125287,93.75
474.815751141,-6.899999999999999,9.0,-6.134314114887642,8.668612919610823,0.8343214438746949,93.75
475.115704026,-6.899999999999999,9.0,-6.134301419771407,8.66858692435171,0.8343434199864831,93.75
475.315707092,-6.899999999999999,9.0,-6.134293696207006,8.668571158149119,0.8343567707395576,93.75
475.615695466,-6.899999999999999,9.0,-6.134283281146545,8.668549687035902,0.834374857900031,93.75
475.815718824,-6.899999999999999,9.0,-6.134276034395955,8.668534770003841,0.8343874341076742,93.75
476.11570141400006,-6.899999999999999,9.0,-6.134264736396641,8.668511605883765,0.8344070046203251,93.75
476.316103299,-6.899999999999999,9.0,-6.134257920132628,8.668497557504802,0.8344188410264292,93.75
476.615712381,-6.899999999999999,9.0,-6.133966540592666,8.66904019961564,0.8344708804997458,93.75
476.8157180870001,-6.899999999999999,9.0,-6.133963272163338,8.669664084520628,0.8342266391396844,93.75
477.11572575800005,-6.899999999999999,9.0,-6.134072280818304,8.669957675674993,0.8340103157975476,93.75
477.31573385,-6.899999999999999,9.0,-6.134067900559423,8.669943577459772,0.8340199176359642,93.75
477.615710297,-6.899999999999999,9.0,-6.134097188282574,8.669883480045408,0.8340168066313693,93.75
477.81604075700005,-6.899999999999999,9.0,-6.13454401256058,8.669203090002785,0.8338761684870005,93.75
478.116021334,-6.899999999999999,9.0,-6.134640806709444,8.669291330429651,0.8337523126704708,93.75
478.316317198,-6.899999999999999,9.0,-6.134617140774246,8.669593408363156,0.8336542670637899,93.75
478.61604470300006,-6.899999999999999,9.0,-6.134589454371362,8.669961397645421,0.8335339119698076,93.75
478.81603611800006,-6.899999999999999,9.0,-6.134838728316359,8.66960742291725,0.8334452751536273,93.75
479.116009539,-6.899999999999999,9.0,-6.134463644589206,8.669404479101885,0.8338700797447615,93.75
479.315723773,-6.899999999999999,9.0,-6.134677141926536,8.66925130789277,0.8337348345969336,93.75
479.615705668,-6.899999999999999,9.0,-6.134377317018023,8.669313356773507,0.8339854607275381,93.75
479.8157159,-6.899999999999999,9.0,-6.134298340390241,8.669547115461006,0.8339653112865543,93.75
480.116029789,-6.899999999999999,9.0,-6.130991671848187,8.66974002206168,0.83692619853525,93.75
480.316280247,-6.899999999999999,9.0,-6.096231139729688,8.674581063543343,0.8671458152726197,93.75
480.615716149,-6.899999999999999,9.0,-5.980953985842518,8.683444694351616,0.9720354096805802,93.75
480.815714934,-6.899999999999999,9.0,-5.879574244725603,8.687437334278739,1.067222630021544,93.75
481.11569435,-6.899999999999999,9.0,-5.719433940263339,8.689793278262712,1.220640992107482,93.75
481.316049123,-6.399999999999999,9.2,-5.619399390669762,8.690879250090362,0.9319556047770133,87.5
481.615699477,-6.399999999999999,9.2,-5.478715695057572,8.693238023861944,1.0514620635061434,87.5
481.81570575600006,-6.399999999999999,9.2,-5.378668539054484,8.695017652552908,1.1393529410811536,87.5
482.116027467,-6.399999999999999,9.2,-5.218575304886507,8.698364842578526,1.2835116444291705,87.5
482.316760041,-6.399999999999999,9.2,-5.118975599602655,8.70096712235337,1.3747935580972324,87.5
482.616039838,-5.899999999999999,9.0,-4.978771023949633,8.70481889089876,0.9673648295679577,87.5
482.816031929,-5.899999999999999,9.0,-4.878819041281229,8.705957611493835,1.0626718574838592,87.5
483.116026887,-5.899999999999999,9.0,-4.718515636770198,8.70583160842922,1.2175550678124856,87.5
483.316401469,-5.899999999999999,9.0,-4.633119758019292,8.704347881624846,1.3009211054559797,87.5
483.615691415,-5.899999999999999,9.0,-4.579263122749389,8.701439072340497,1.3540622313817758,87.5
483.81573261000005,-5.899999999999999,9.0,-4.576543345943725,8.70104800053523,1.3568013167556294,87.5
484.115701314,-5.899999999999999,9.0,-4.576593502613249,8.700990911924842,1.3567649730432323,87.5
484.315700696,-5.299999999999997,8.7,-4.5766253203296765,8.700947605376115,0.7233753003414534,87.5
484.61573858800006,-5.299999999999997,8.7,-4.57666877258844,8.700901346572923,0.723331788997521,87.5
484.816019435,-5.299999999999997,8.7,-4.576699069915647,8.700880811423096,0.7233014663953398,87.5
485.11601411900006,-5.299999999999997,8.7,-4.576746287489235,8.700866378609149,0.7232542314238435,87.5
485.316206232,-5.299999999999997,8.7,-4.576775008867347,8.700866301925673,0.7232255099744809,87.5
485.61572729500006,-5.299999999999997,8.7,-4.576814223917835,8.700876756833267,0.7231863075515905,87.5
485.815728625,-5.299999999999997,8.7,-4.576841522556095,8.700889804395686,0.7231590248699418,87.5
486.1157020870001,-5.299999999999997,8.7,-4.576883968360851,8.700915792284956,0.7231166115427416,87.5
486.316043766,-5.299999999999997,8.7,-4.576909726909638,8.700934211337621,0.7230908765768751,87.5
486.616812517,-5.299999999999997,8.7,-4.576944859771118,8.70096163636673,0.7230557796988455,87.5
486.8157458550001,-5.299999999999997,8.7,-4.57696925752866,8.700981456008215,0.7230314085947784,87.5
487.116095515,-5.299999999999997,8.7,-4.577007236129669,8.701013355220748,0.7229934740353193,87.5
487.316144672,-5.299999999999997,8.7,-4.577030227202133,8.701033101918352,0.7229705109331699,87.5
487.616049002,-5.299999999999997,8.7,-4.577061541597821,8.701060425751152,0.7229392361323932,87.5
487.816050326,-5.299999999999997,8.7,-4.577083290070648,8.701079727882115,0.7229175162543605,87.5
488.116482656,-5.299999999999997,8.7,-4.5771171091726925,8.701110451068708,0.7228837437322939,87.5
488.3164973150001,-5.299999999999997,8.7,-4.577137596073507,8.701129069132485,0.7228632856961894,87.5
488.616334729,-5.299999999999997,8.7,-4.577165505978663,8.70115445133954,0.7228354159177406,87.5
488.816042534,-5.299999999999997,8.7,-4.577184898812396,8.701172124212881,0.7228160515511624,87.5
489.115692044,-5.299999999999997,8.7,-4.577215008583251,8.701199608087432,0.7227859869123563,87.5
489.316239067,-5.299999999999997,8.7,-4.57207497858362,8.701459302222514,0.7279264841774955,87.5
489.615851695,-5.299999999999997,8.7,-4.568489545011504,8.701684809852607,0.7315123952071569,87.5
489.815746098,-5.299999999999997,8.7,-4.568258901352345,8.700643780139082,0.7317413818439823,87.5
490.115692167,-5.299999999999997,8.7,-4.568704892088428,8.701124949990392,0.7312959731653621,87.5
490.315716295,-5.299999999999997,8.7,-4.568265519631992,8.700570127428854,0.7317347024740044,87.5
490.615692222,-5.299999999999997,8.7,-4.568627564241212,8.700410177642318,0.7313725507793113,87.5
490.816026833,-5.299999999999997,8.7,-4.568629792521639,8.700943643426386,0.7313708162415649,87.5
491.115703225,-4.699999999999996,8.3,-4.569188898944,8.700712816065488,0.42152378950495223,87.5
491.31653307500005,-4.699999999999996,8.3,-4.568791113148294,8.700437562932335,0.42138582533831076,87.5
491.616077461,-4.699999999999996,8.3,-4.568104429066416,8.700990254042432,0.42212513010825226,87.5
491.816043867,-4.699999999999996,8.3,-4.56847266726674,8.700345803911855,0.42139791405007365,87.5
492.115711233,-4.699999999999996,8.3,-4.56895256448266,8.700488800816068,0.42138427822447483,87.5
492.315701373,-4.699999999999996,8.3,-4.569152302053031,8.700497296239686,0.42133027941665663,87.5
492.616049569,-4.699999999999996,8.3,-4.568741602488688,8.699671144443942,0.4206730210250782,87.5
492.816063409,-5.0,8.8,-4.568394949575848,8.699655487342637,0.4431161707409003,87.5
493.116021203,-5.0,8.8,-4.566789009128138,8.68933542149228,0.44712236753317497,87.5
493.316188922,-5.0,8.8,-4.563144827566855,8.638617105947707,0.46571115530367774,87.5
493.615723298,-5.0,8.8,-4.557112625811093,8.509604889978242,0.5296022527713554,87.5
493.815721329,-5.0,8.8,-4.555306655012736,8.408786855892453,0.5922836273260256,87.5
494.116062503,-5.0,8.8,-4.5524452176214,8.248194455224352,0.7104890164352342,87.5
494.316517884,-5.0,8.8,-4.551286295230329,8.14845226700168,0.7911121521145875,87.5
494.616155557,-5.0,8.8,-4.548647390892238,8.00808778743351,0.9115065167953211,87.5
494.815750459,-5.0,8.8,-4.546000244585226,7.9079818620627345,1.0009056580546152,87.5
495.116005914,-5.0,8.8,-4.542410190986643,7.747452573815777,1.1477127330825925,87.5
495.3160181770001,-4.699999999999996,8.2,-4.540080907747096,7.647726837078631,0.5749606617414481,93.75
495.61604276800006,-4.699999999999996,8.2,-4.537656545250176,7.507357821903756,0.7114130896870084,93.75
495.816028364,-4.699999999999996,8.2,-4.535505482451839,7.407077920120275,0.8098048351696774,93.75
496.116009003,-4.699999999999996,8.2,-4.531655456397714,7.247688985427395,0.9670760848231972,93.75
496.316439287,-4.399999999999999,7.7,-4.529414610449181,7.147539476609399,0.5674158715639971,93.75
496.6160450370001,-4.399999999999999,7.7,-4.525383321760502,7.007457701894245,0.7038009747373885,93.75
496.816306773,-4.399999999999999,7.7,-4.522649722660888,6.907022053752287,0.8024069900642907,93.75
497.115706535,-4.399999999999999,7.7,-4.518147516860275,6.746991390670552,0.9603042461617556,93.75
497.316169293,-4.399999999999999,7.7,-4.514663404241398,6.646878798150633,1.0593450627896854,93.75
497.6157223290001,-4.299999999999997,6.999999999999999,-4.510414777540148,6.507170570707275,0.5358686639319971,100.0
497.815731166,-4.299999999999997,6.999999999999999,-4.506661492922954,6.406989137941686,0.6279895342888202,100.0
498.116094844,-4.299999999999997,6.999999999999999,-4.500887106617625,6.247135706900774,0.779204898232165,100.0
498.315949366,-4.299999999999997,6.999999999999999,-4.496663355605658,6.146770041760806,0.8756014145003039,100.0
498.615736328,-4.299999999999997,6.999999999999999,-4.490087831015629,6.007098959944726,1.0109331624014861,100.0
498.81576509700005,-4.100000000000001,6.499999999999999,-4.486143699259204,5.906893118794321,0.7077306896066521,100.0
499.116041292,-4.100000000000001,6.499999999999999,-4.480003547951751,5.746729254972808,0.8436939680771318,100.0
499.316044034,-4.100000000000001,6.499999999999999,-4.477424171722757,5.646857968636684,0.9328988857745147,100.0
499.615769529,-4.100000000000001,6.499999999999999,-4.474433705420669,5.506297004256878,1.0619068902233866,100.0
499.81605366,-3.5,5.8,-4.472299871779265,5.406235468262326,1.0490078870611816,100.0
500.11610246,-3.5,5.8,-4.473016546456343,5.245450255517326,1.1199493822417272,100.0
500.31669639,-3.5,5.8,-4.4739600428860005,5.145397197681641,1.1735003169754785,100.0
500.616060008,-3.5,5.8,-4.474696757283103,5.005285890360709,1.2576184972868225,100.0
500.816059373,-3.5,5.8,-4.47533761336936,4.904440404346984,1.3241262966270377,100.0
501.116053511,-3.699999999999996,5.3,-4.4763471625022015,4.758453080921368,0.9465664172622987,100.0
501.316373553,-3.699999999999996,5.3,-4.477659512897472,4.711469058595488,0.9752553445074889,100.0
501.616059871,-3.699999999999996,5.3,-4.4784775312252485,4.701890226341512,0.9817140968573136,100.0
501.816137978,-3.699999999999996,5.3,-4.478444993201938,4.7019319096050864,0.9816628994669147,100.0
502.116041077,-3.699999999999996,5.3,-4.478444569515789,4.702000867835166,0.9816205529014363,100.0
502.31576692,-3.699999999999996,5.3,-4.478454423209141,4.702042709164808,0.9816028782949059,100.0
502.616087025,-3.699999999999996,5.3,-4.478466513972796,4.702099679205189,0.9815777641040477,100.0
502.816069754,-4.199999999999996,5.0,-4.478469887863127,4.702139247711983,0.4077579014563519,100.0
503.11605709800006,-4.199999999999996,5.0,-4.478462823885966,4.702200660466411,0.40770821786320527,100.0
503.316376637,-4.199999999999996,5.0,-4.478452690693576,4.702237872061335,0.4076741171438976,100.0
503.615815041,-4.199999999999996,5.0,-4.478435719789987,4.702288579829586,0.40762548957941164,100.0
503.815785927,-4.199999999999996,5.0,-4.478423015269715,4.702323795220582,0.4075910920564388,100.0
504.115745069,-4.199999999999996,5.0,-4.478401574036871,4.702378462277487,0.4075365212376961,100.0
504.316040287,-4.199999999999996,5.0,-4.478388110243197,4.702411631664336,0.4075031004709824,100.0
504.615713968,-4.199999999999996,5.0,-4.478369247450702,4.702456787051792,0.4074572388580367,100.0
504.815730242,-4.199999999999996,5.0,-4.478355461038332,4.702488157653707,0.40742491213246906,100.0
505.115724181,-4.199999999999996,5.0,-4.478332992020624,4.702536862883071,0.4073739957221127,100.0
505.316239514,-4.199999999999996,5.0,-4.478319025413809,4.702566403719125,0.4073428827215094,100.0
505.616059175,-3.699999999999996,4.7,-4.478300336635331,4.702606631838695,0.7783047016022826,100.0
505.81609264,-3.699999999999996,4.7,-4.478287684583044,4.70263458163864,0.7782921437314223,100.0
506.115710737,-3.699999999999996,4.7,-4.478268157606569,4.702677981364563,0.7782727649921444,100.0
506.315711466,-3.699999999999996,4.7,-4.478256445862335,4.702704301378205,0.7782611443289605,100.0
506.615734451,-3.699999999999996,4.7,-4.478240615412461,4.702740146321479,0.7782454393566564,100.0
506.815690294,-3.699999999999996,4.7,-4.478229571289112,4.702765049567572,0.7782344833839938,100.0
507.11571743200005,-3.699999999999996,4.7,-4.476445167541286,4.661066968587059,0.777420657773655,100.0
507.31652937700005,-3.699999999999996,4.7,-4.474164219131381,4.583869358416675,0.7828260113830282,100.0
507.615788424,-3.699999999999996,4.7,-4.4721555876583565,4.44319517564132,0.813740111685494,100.0
507.815702366,-3.699999999999996,4.7,-4.470140595170503,4.342987707328072,0.8488664874103872,100.0
508.115710972,-3.699999999999996,4.7,-4.465405972276967,4.183127130722169,0.9235820837330881,100.0
508.316127953,-3.699999999999996,4.7,-4.462777246334125,4.082639886482493,0.9813065969855828,100.0
508.61572709,-3.199999999999996,4.4,-4.458514201287825,3.9427198179058993,1.3390157429168468,100.0
508.816051758,-3.199999999999996,4.4,-4.455406238973334,3.843082236235533,1.3733907748523715,100.0
509.115797095,-3.199999999999996,4.4,-4.451833144256851,3.683138313314107,1.4425591491852756,100.0
509.3160673960001,-3.199999999999996,4.4,-4.449061312629711,3.5832988688050853,1.492365538466806,100.0
509.615754415,-3.199999999999996,3.8,-4.445769914978205,3.443030247475634,1.2959051220217164,100.0
509.8156966,-3.199999999999996,3.8,-4.442998893353502,3.342082871755085,1.3246638612184258,100.0
510.11601066300005,-3.199999999999996,3.8,-4.438910240792541,3.182038728189202,1.3844763335639438,100.0
510.315714739,-3.199999999999996,3.8,-4.437080365008386,3.082201840951962,1.430245442790168,100.0
510.61570654200005,-3.199999999999996,3.8,-4.434406870171408,2.9417630091123894,1.5034397406129054,100.0
510.81603503800005,-3.199999999999996,3.3,-4.432761720168125,2.841869964574391,1.3151367183950702,100.0
511.116319058,-3.199999999999996,3.3,-4.429819707345159,2.68225461159166,1.3762506593910544,100.0
511.316176803,-3.199999999999996,3.3,-4.427989121808085,2.5828637218738777,1.422055457668085,100.0
511.6157619970001,-3.199999999999996,3.3,-4.425534282320723,2.44209630909489,1.4959722657897068,100.0
511.816037267,-3.199999999999996,3.3,-4.42330151034396,2.3418933183233066,1.5538452299644736,100.0
514.616075886,-3.899999999999999,1.7999999999999998,-4.421015625542696,0.9408102836656004,1.0048205067147231,100.0
514.815715661,-2.0,1.0999999999999996,-4.422033009834865,0.8498254592009663,2.4349191365615703,93.75
515.115702261,-3.199999999999996,1.0,-4.423300035532442,0.7841680073473187,1.2421941981776081,87.5
515.315702038,-3.199999999999996,1.0,-4.423302200323648,0.7817533956287865,1.2426181447396674,87.5
515.615775965,-3.199999999999996,1.0,-4.423156730749011,0.7817826577606758,1.2424697969892922,87.5
515.81605303,-3.899999999999999,0.5999999999999996,-4.423086388190842,0.781804175812947,0.5537798550449141,87.5
516.115889034,-3.899999999999999,0.5999999999999996,-4.423009201661685,0.7818378145406739,0.55371799304314,87.5
516.316315558,-3.899999999999999,0.5999999999999996,-4.422975110159984,0.7818583052067625,0.5536925220910293,87.5
516.615742552,-3.899999999999999,0.5999999999999996,-4.422941246237374,0.7818862993267147,0.5536697326918517,87.5
516.815716854,-3.899999999999999,0.5999999999999996,-4.42292332713668,0.7819057670959639,0.5536592039932758,87.5
517.115711682,-4.299999999999997,0.1999999999999997,-4.422900958863441,0.7819360832508594,0.5947724360450015,87.5
517.316368171,-4.299999999999997,0.1999999999999997,-4.422888753031655,0.781954469955727,0.5947879039818541,87.5
517.61608085,-4.299999999999997,0.1999999999999997,-4.422874638899145,0.7819795119155799,0.5948094898150945,87.5
517.8157421010001,-4.299999999999997,0.1999999999999997,-4.422866279879732,0.7819969427973645,0.5948248180405424,87.5
518.11570454,-4.299999999999997,0.1999999999999997,-4.422853691479157,0.7820239903591378,0.5948486823248672,87.5
518.3159619400001,-4.299999999999997,0.1999999999999997,-4.422846185990847,0.7820403958769441,0.5948631841399235,87.5
518.615717386,-4.299999999999997,0.1999999999999997,-4.422835970581487,0.7820627385244416,0.5948829357506144,87.5
518.815709405,-4.299999999999997,0.1999999999999997,-4.422828777525671,0.782078259361632,0.5948966369125978,87.5
519.115724268,-4.299999999999997,0.1999999999999997,-4.422817985132768,0.7821023639945376,0.5949179940463247,87.5
519.316557706,-4.299999999999997,0.1999999999999997,-4.422811296893005,0.7821169925571148,0.5949309268043499,87.5
519.6160315860001,-4.299999999999997,0.1999999999999997,-4.422802224601209,0.7821368909382922,0.5949485239567435,87.5
519.8160223770001,-4.299999999999997,0.1999999999999997,-4.422795812120623,0.782150720878834,0.5949607325648563,87.5
520.116051021,-4.299999999999997,0.1999999999999997,-4.422785720625945,0.7821721950632475,0.5949796617485287,87.5
520.315698515,-4.299999999999997,0.1999999999999997,-4.422779579378014,0.782185218506812,0.5949911375474995,87.5
520.6160432710001,-4.299999999999997,0.1999999999999997,-4.422541761346479,0.7799517713966723,0.5927567295442848,87.5
520.8157301580001,-4.299999999999997,0.1999999999999997,-4.422301004648995,0.7805260545576437,0.5932689404969881,87.5
521.1157084380001,-3.5,0.2999999999999998,-4.421907248090824,0.7809884865956263,1.0398379192547018,87.5
521.3158853660001,-3.5,0.2999999999999998,-4.422279333976962,0.781207905753514,1.0402693009219641,87.5
521.615790626,-3.5,0.2999999999999998,-4.4226037248144205,0.7812163694831681,1.0405608234505104,87.5
521.816098475,-3.5,0.2999999999999998,-4.422538537649574,0.7808708124698518,1.0403432566869601,87.5
522.116130894,-3.5,0.2999999999999998,-4.422384517019861,0.7806596304386733,1.0401090700361209,87.5
522.315817817,-4.0,0.5,-4.4227073555517,0.7804157886620293,0.5072617893834103,87.5
522.6160907770001,-4.0,0.5,-4.423214169308156,0.780672970505736,0.5078262985270712,87.5
522.8160395040001,-4.0,0.5,-4.423053282180183,0.7804676402678449,0.5075787395083038,87.5
523.115733007,-4.0,0.5,-4.423401184065734,0.7805939883668079,0.5079385287373446,87.5
523.316024243,-4.0,0.5,-4.423830281176627,0.7806418206043169,0.5083226718476798,87.5
523.616067304,-4.0,0.5,-4.424801397273022,0.7808460749465456,0.5092452699220608,87.5
523.8160310860001,-4.0,0.5,-4.424366621411062,0.7805133570594929,0.5086990985411969,87.5
524.116036087,-4.0,0.5,-4.424356508542798,0.7804360966050666,0.5086480616513934,87.5
524.316228284,-4.0,0.5,-4.411636984535732,0.7786732720413074,0.4970953626698591,87.5
524.616061812,-4.0,0.5,-4.325274146045789,0.7739845918694117,0.4252891095098315,87.5
524.8160311490001,-4.0,0.5,-4.227231038225661,0.7723563998327405,0.35469980724968436,87.5
525.115725984,-4.5,0.2999999999999998,-4.066814110434407,0.7707978044470858,0.6397660412923856,87.5
525.3163104810001,-4.5,0.2999999999999998,-3.966525299723615,0.7696520670813544,0.7107519398135808,87.5
525.616052617,-4.899999999999999,-0.3000000000000002,-3.826683178379246,0.7680626822904212,1.5141885261999193,75.0
525.816040398,-4.100000000000001,-1.1,-3.72690605162254,0.7671674967866777,1.904078137937756,68.75
526.1160154300001,-4.100000000000001,-1.1,-3.56666773765766,0.7661905957028918,1.9409045936225497,68.75
526.3157459800001,-4.100000000000001,-1.1,-3.467059765464273,0.7661753295238487,1.9705896835763623,68.75
526.6157150610001,-4.100000000000001,-1.1,-3.3269724368647755,0.76669312551808,2.0204244203194643,68.75
526.816031265,-4.100000000000001,-1.1,-3.226962521583346,0.7670154195188686,2.061053375204371,68.75
527.1160187610001,-4.100000000000001,-0.6000000000000001,-3.0666289301882697,0.7684556626230726,1.7147963927210124,75.0
527.316338962,-3.6000000000000014,-0.2000000000000001,-2.966573753008006,0.7694352297810111,1.1580299975039188,68.75
527.6177027780001,-3.6000000000000014,-0.2000000000000001,-2.826541923767452,0.7715553132838783,1.241836189865431,68.75
527.815740964,-3.6000000000000014,-0.2000000000000001,-2.7481165314021267,0.7748119493836259,1.29459019798987,68.75
528.116096931,-3.6000000000000014,-0.2000000000000001,-2.704584328431636,0.7789398942330439,1.3266847935403607,68.75
528.3160089500001,-3.199999999999996,0.1999999999999997,-2.7038755019373464,0.7797193357768181,0.76302950522993,87.5
528.6160376480001,-3.199999999999996,0.1999999999999997,-2.703920420868958,0.7798084299358304,0.7630679945165313,87.5
528.8160240980001,-3.199999999999996,0.1999999999999997,-2.703951475361005,0.7798184671923583,0.7630554329102283,87.5
529.116017132,-3.199999999999996,0.1999999999999997,-2.703999299620098,0.7797982604739458,0.76300898921701,87.5
529.316477664,-3.199999999999996,0.1999999999999997,-2.7040282212318667,0.7797771972369444,0.762974182898969,87.5
529.616109849,-2.8999999999999986,0.5999999999999996,-2.7040675475225,0.7797438530108617,0.26588978662039203,87.5
529.816048872,-2.8999999999999986,0.5999999999999996,-2.704094838014467,0.7797181440385055,0.2658522969417839,87.5
530.115701791,-2.8999999999999986,0.5999999999999996,-2.704137216531002,0.779678119412798,0.26579401148999376,87.5
530.315694883,-2.8999999999999986,0.5999999999999996,-2.704162932926256,0.7796551109570223,0.2657595073238692,87.5
530.6157117260001,-2.8999999999999986,0.5999999999999996,-2.704197954848575,0.7796239951247224,0.26571266531734333,87.5
530.81570887,-2.8999999999999986,0.5999999999999996,-2.7042222848541693,0.779602215928329,0.26568001376484407,87.5
531.115721452,-2.8999999999999986,0.5999999999999996,-2.704260056408398,0.7795676393391154,0.2656288060716791,87.5
531.316261045,-2.8999999999999986,0.5999999999999996,-2.7042829591384057,0.779546137200008,0.26559739356225365,87.5
531.6161883880001,-2.8999999999999986,0.5999999999999996,-2.70431413246948,0.7795167914366861,0.26555458414212035,87.5
531.8160303650001,-2.8999999999999986,0.5999999999999996,-2.704335812592141,0.7794964506633505,0.2655248576587848,87.5
532.115739783,-2.8999999999999986,0.5999999999999996,-2.704369456067404,0.7794646595673159,0.26547857494151106,87.5
532.315721639,-2.8999999999999986,0.5999999999999996,-2.704389861681482,0.7794454532253232,0.26545055452236477,87.5
532.61574049,-2.8999999999999986,0.5999999999999996,-2.7044176483361846,0.7794192947767424,0.2654123953784591,87.5
532.815704793,-2.8999999999999986,0.5999999999999996,-2.704436950729772,0.7794008822155155,0.2653857245210722,87.5
533.1157077270001,-2.8999999999999986,0.5999999999999996,-2.7044669252196685,0.7793724057073026,0.26534438615179984,87.5
533.316195377,-2.8999999999999986,0.5999999999999996,-2.704485106733158,0.7793552793862832,0.26531941077289456,87.5
533.616051459,-2.8999999999999986,0.5999999999999996,-2.7045098670786167,0.7793318920165946,0.2652853549743581,87.5
533.815723424,-2.8999999999999986,0.5999999999999996,-2.704527069011141,0.7793157687386509,0.2652617795079196,87.5
534.1157072970001,-2.8999999999999986,0.5999999999999996,-2.703944147519328,0.7792915937359571,0.2656753147665436,87.5
534.316140732,-2.8999999999999986,0.5999999999999996,-2.703981446056167,0.7792457625670671,0.2656168610771545,87.5
534.6157301540001,-2.8999999999999986,0.5999999999999996,-2.7029343728596933,0.7787952423828033,0.2660875797532221,87.5
534.8157376920001,-2.8999999999999986,0.5999999999999996,-2.70304363359349,0.7790347283316453,0.2661676994243309,87.5
535.1160380370001,-2.8999999999999986,0.5999999999999996,-2.7029801391748536,0.7787388934065688,0.26601582204027713,87.5
535.3166224720001,-2.8999999999999986,0.5999999999999996,-2.7032349347484983,0.7783465185167875,0.26556349818920166,87.5
535.61602966,-2.8999999999999986,0.5999999999999996,-2.703491174323596,0.778344949366721,0.2653726427749047,87.5
535.815842019,-2.8999999999999986,0.5999999999999996,-2.702962097042505,0.7787254315512143,0.2660201403748494,87.5
536.115768963,-2.8999999999999986,0.5999999999999996,-2.702684000662047,0.777835348851778,0.2656294691783429,87.5
536.316043262,-2.8999999999999986,0.5999999999999996,-2.702552902445284,0.7782817647400907,0.2660258332786914,87.5
536.616050608,-2.8999999999999986,0.5999999999999996,-2.702475701102548,0.7780372961699425,0.26591940034986783,87.5
536.816026471,-2.199999999999996,0.6999999999999997,-2.701673998100281,0.7770411382775877,0.5075550584488653,87.5
537.1160295990001,-2.199999999999996,0.6999999999999997,-2.7015854699771134,0.7770795314285354,0.5074733863538148,87.5
537.31633619,-2.199999999999996,0.6999999999999997,-2.701425934782101,0.7777399067407167,0.5074164573327938,87.5
537.6161108250001,-2.199999999999996,0.6999999999999997,-2.7017133950244774,0.7773616001623,0.5076427365053722,87.5
537.815853808,-2.799999999999997,0.6999999999999997,-2.701585412434276,0.7772221739736039,0.12509474488938596,87.5
538.116023337,-2.799999999999997,0.6999999999999997,-2.7016021468620592,0.7766027813468134,0.12470013477227256,87.5
538.31604185,-2.799999999999997,0.6999999999999997,-2.700649487133669,0.782110155416417,0.1288898833474167,87.5
538.615751071,-2.799999999999997,0.6999999999999997,-2.7002559852829027,0.8525024565193713,0.18222477251001515,87.5
538.815715553,-2.799999999999997,0.6999999999999997,-2.704777813107829,0.9467726220011976,0.26450707333807366,87.5
539.1157149410001,-2.799999999999997,0.6999999999999997,-2.710913498837148,1.1082089193518994,0.41781685763966486,87.5
539.3157270730001,-2.799999999999997,0.6999999999999997,-2.7147806563876373,1.2086928061613351,0.5157816471783534,87.5
539.615721405,-2.799999999999997,0.6999999999999997,-2.720042730827948,1.3486372554545714,0.6535468262160644,87.5
539.816269334,-2.799999999999997,0.6999999999999997,-2.724707168776276,1.4489113976989243,0.7526867157304163,87.5
540.1160332530001,-2.6000000000000014,1.1999999999999995,-2.7321407231062067,1.6089672484719104,0.4297852731605825,93.75
540.315928864,-2.6000000000000014,1.1999999999999995,-2.736552282965898,1.708392900794698,0.5264122600791574,93.75
540.616042416,-2.6000000000000014,1.1999999999999995,-2.7432254658165203,1.848410079057472,0.6640400324390665,93.75
540.8157313600001,-2.6000000000000014,1.1999999999999995,-2.7468210286117247,1.948011676236596,0.7622846464601575,93.75
541.11602344,-2.6000000000000014,1.1999999999999995,-2.752511249231067,2.1085686913398853,0.9212799509514429,93.75
541.315941857,-2.0,1.6999999999999995,-2.7561914589812297,2.2085155590194105,0.9112703201580664,100.0
541.615722526,-2.0,1.6999999999999995,-2.76185284555213,2.347969890554371,1.0001423585374842,100.0
541.816030271,-2.0,1.6999999999999995,-2.76590363244081,2.447993053341144,1.0705615265049624,100.0
542.11602024,-2.0,1.6999999999999995,-2.773276326886705,2.607953895091818,1.1926175218131752,100.0
542.3161982710001,-2.0,1.6999999999999995,-2.77801911725364,2.707849258931812,1.2732139944021732,100.0
542.6160820040001,-2.0,1.6999999999999995,-2.785015089551767,2.848137784518401,1.3908519198903928,100.0
542.8160348470001,-2.0,1.6999999999999995,-2.790260917354361,2.948035695021367,1.4771951169514554,100.0
543.11570742,-1.7999999999999972,2.3,-2.799330067372811,3.10860297317737,1.2854957610924418,100.0
543.3160803410001,-1.7999999999999972,2.3,-2.803932828174774,3.208356811191857,1.3538807997477642,100.0
543.615724189,-1.7999999999999972,2.3,-2.8101187767178586,3.3483158251600007,1.4557836420151458,100.0
543.815734872,-2.5,3.2,-2.812053971334222,3.448491528936739,0.39890565423264884,100.0
544.1160258020001,-2.5,3.2,-2.814974020379568,3.607884200000528,0.5153427540231251,100.0
544.316036991,-2.5,3.2,-2.817358025324764,3.708081866359711,0.5990520003819374,100.0
544.616051988,-2.5,3.2,-2.8208192412955504,3.848313075569856,0.7233497283750772,100.0
544.8160415030001,-2.5,3.2,-2.82130234598823,3.948400877868205,0.8144563042493072,100.0
545.1156886130001,-2.5,3.2,-2.8208567858445064,4.108980765210225,0.9639476689865654,100.0
545.3159244770001,-2.799999999999997,4.0,-2.82030618280754,4.208876754969254,0.20986147771017732,100.0
545.615767416,-2.799999999999997,4.0,-2.8198482639976485,4.349240575813775,0.3498041357366402,100.0
545.815736367,-2.799999999999997,4.0,-2.8204666842339945,4.448635877684064,0.44910247818163396,100.0
546.115710486,-3.199999999999996,4.5,-2.822421074966486,4.556423918795349,0.38177153278064757,100.0
546.316388308,-3.199999999999996,4.5,-2.823495544871343,4.57221473164595,0.38336741149766573,100.0
546.6160503450001,-2.3999999999999986,4.6,-2.823502597182453,4.572778913837023,0.42437652780541035,100.0
546.815745891,-2.3999999999999986,4.6,-2.823444048476353,4.572739886570463,0.42432060517282966,100.0
547.115878069,-2.3999999999999986,4.6,-2.8233439590890144,4.572676606885078,0.4242247936041396,100.0
547.315731604,-2.3999999999999986,4.6,-2.82328684806214,4.572638235619459,0.4241702746449811,100.0
547.61605063,-2.3999999999999986,4.6,-2.8232182156047814,4.5725859831522255,0.424105159529363,100.0
547.81570987,-2.3999999999999986,4.6,-2.8231763930579867,4.572549688595585,0.42406577230161857,100.0
548.115707207,-1.8999999999999984,4.8,-2.823119428652729,4.572493313943705,0.9507411696968114,100.0
548.3157993240001,-1.8999999999999984,4.8,-2.823089133827805,4.572459128698438,0.9507199362081579,100.0
548.6160468420001,-1.8999999999999984,4.8,-2.823053031578985,4.572412574858622,0.9506960267034044,100.0
548.815743839,-1.8999999999999984,4.8,-2.823031648222728,4.572380233251233,0.9506830080713189,100.0
549.115685698,-1.8999999999999984,4.8,-2.8230018094965867,4.572330032163555,0.9506660583972818,100.0
549.3160245290001,-1.8999999999999984,4.8,-2.8229846997053247,4.5722995588077335,0.9506567449975224,100.0
549.616031248,-2.3999999999999986,4.8,-2.822962162108814,4.572258080873518,0.48037836369176395,100.0
549.8160482650001,-2.3999999999999986,4.8,-2.822947171187116,4.572229265679385,0.48037882658183106,100.0
550.116079933,-2.3999999999999986,4.8,-2.822925073202985,4.572184521985332,0.4803805882493619,100.0
550.3160453520001,-2.3999999999999986,4.8,-2.822912196070308,4.572157385284118,0.48038212150909776,100.0
550.6157485890001,-2.3999999999999986,4.8,-2.8228952104377494,4.572120429154102,0.48038469773724046,100.0
550.8157215560001,-2.3999999999999986,4.8,-2.822883540233846,4.572094755828205,0.4803866036035117,100.0
551.115694736,-1.7999999999999972,4.6,-2.8228653591093056,4.5720548892540425,1.0232470239782856,100.0
551.3157377560001,-1.7999999999999972,4.6,-2.822854447003637,4.572030726087628,1.0232367761365437,100.0
551.615717689,-1.7999999999999972,4.6,-2.82283965702565,4.5719977831341,1.0232228926943336,100.0
551.8157212570001,-1.7999999999999972,4.6,-2.822829391950708,4.571974907486617,1.0232132577564874,100.0
552.115729329,-1.7999999999999972,4.6,-2.82237142480826,4.576469905528021,1.022642164009649,100.0
552.315941211,-1.7999999999999972,4.6,-2.821305058475356,4.613837452910983,1.0213987945804612,100.0
552.6157493630001,-1.7999999999999972,4.6,-2.820888620657536,4.7302358858432285,1.029162262109053,100.0
552.815763036,-2.5,5.1,-2.8216811282867966,4.8318181149215,0.41880815629608276,100.0
553.116037752,-2.5,5.1,-2.822344650649962,4.9923007262042525,0.33986057049734003,100.0
553.316338439,-2.5,5.1,-2.823089741921247,5.092279628050545,0.3231819696050136,100.0
553.6160397250001,-2.5,5.1,-2.8245605399985623,5.232712013701606,0.3506451521194807,100.0
553.816069049,-2.5,5.1,-2.826087245358228,5.332336749170286,0.4003913792782433,100.0
554.115919639,-2.5,5.1,-2.8278319761441764,5.4920607086848605,0.5110630136070025,100.0
554.315732144,-2.5,5.1,-2.8298234436542944,5.59180362960766,0.5921607164269225,100.0
554.615736612,-1.6000000000000014,5.6,-2.831970396040179,5.731693648005033,1.2389892144987644,100.0
554.8157104100001,-1.6000000000000014,5.6,-2.833392288427392,5.831665043834558,1.254960250241825,100.0
555.115698776,-1.0,5.8,-2.837678776515632,5.991319292734085,1.8476109864980401,100.0
555.315763993,-1.0,5.8,-2.839789316711459,6.091318642847084,1.8627107348044902,100.0
555.615709182,-1.0,5.8,-2.8434112195760206,6.23140085249564,1.8932172669803953,100.0
555.815728471,-1.3999999999999986,6.3,-2.84582382231368,6.331372852235668,1.4461641611612233,93.75
556.115711936,-1.3999999999999986,6.3,-2.849436337364552,6.491884431601926,1.4620825322682596,93.75
556.315708973,-2.199999999999996,6.8,-2.8521026883911493,6.591566399972656,0.6846038868041344,93.75
556.615708518,-2.199999999999996,6.8,-2.85614155904211,6.731151125959516,0.6597438237368032,93.75
556.8160459630001,-1.6999999999999955,6.999999999999999,-2.85956238776948,6.831184878331007,1.1717864465992873,93.75
557.116011541,-1.6999999999999955,6.999999999999999,-2.86486908219669,6.991441580394094,1.164900521591402,93.75
557.3162810780001,-1.6999999999999955,6.999999999999999,-2.8662255568478154,7.091322015402024,1.1697956060535084,93.75
557.616048094,-2.1000000000000014,7.399999999999999,-2.8691018112079245,7.23113114018045,0.787422559887677,93.75
557.8160596810001,-2.1000000000000014,7.399999999999999,-2.870952028369585,7.331121164394733,0.7740228188118953,93.75
558.116000644,-2.1000000000000014,7.399999999999999,-2.874082261069793,7.491080355535955,0.7794222078356999,93.75
558.316188286,-2.1000000000000014,7.399999999999999,-2.8764846975113088,7.591082860888733,0.7996506394636659,93.75
558.616057781,-2.1000000000000014,7.399999999999999,-2.879124295592307,7.731399319690827,0.8466759575385087,93.75
558.815727047,-2.1000000000000014,7.399999999999999,-2.881119389150254,7.831481454909429,0.8923697361728615,93.75
559.1160187940001,-2.1000000000000014,7.899999999999999,-2.8825393575092124,7.991349729960397,0.7878531711015488,81.25
559.316021747,-2.1000000000000014,7.899999999999999,-2.8835239359031952,8.091295915721792,0.8065382108152545,81.25
559.6160337700001,-2.1000000000000014,7.899999999999999,-2.884400555997866,8.23111809859433,0.8514243521690484,81.25
559.815718491,-2.6000000000000014,8.399999999999999,-2.8837821390980114,8.330826614166567,0.2920911840140047,81.25
560.116032342,-2.6000000000000014,8.399999999999999,-2.8826272145439464,8.490462835719205,0.29675186106784446,81.25
560.3167855810001,-3.0,8.7,-2.882609573296508,8.581165118772095,0.16703963984060222,81.25
560.6158713450001,-3.0,8.7,-2.8831940116903545,8.644500957554389,0.12932046480496714,81.25
560.815726865,-3.0,8.7,-2.8834687891865567,8.64957372353506,0.12697374709665654,81.25
561.1157082540001,-3.5,9.0,-2.883425166036226,8.649558487390804,0.7092064435954293,81.25
561.3157165790001,-3.5,9.0,-2.8833933943686354,8.649538086080215,0.7092441464097904,81.25
561.6160501180001,-3.5,9.0,-2.8833504214190184,8.649510304459012,0.7092952343308931,81.25
561.8157777920001,-3.5,9.0,-2.8833234532540493,8.649491015638738,0.7093282113552756,81.25
562.115710826,-3.5,9.0,-2.8832878627390306,8.649461096610894,0.709373937380159,81.25
562.3161043890001,-3.5,9.0,-2.883271974601477,8.649442969985294,0.7093967074949619,81.25
562.615756666,-3.5,9.0,-2.8832532975007883,8.649418312875572,0.7094251295173168,81.25
562.8157165900001,-3.5,9.0,-2.883242003047738,8.649401184418132,0.7094434130302256,81.25
563.115706036,-3.5,9.0,-2.883229001634599,8.649374611410227,0.7094678481428052,81.25
563.3157161930001,-3.5,9.0,-2.88322253036532,8.649358499118357,0.70948143681811,81.25
563.615703593,-3.5,9.0,-2.8832148906015065,8.649336565441677,0.7094989186122489,81.25
563.8160359000001,-3.5,9.0,-2.8832092780657645,8.649321323265262,0.7095113311150021,81.25
564.116031524,-3.5,9.0,-2.883199745864925,8.649297653813948,0.7095313165192182,81.25
564.3165259250001,-3.5,9.0,-2.8831938972323785,8.649283297568742,0.7095434967467728,81.25
564.6157325510001,-3.5,9.0,-2.883186277235417,8.649263749009462,0.7095597834922731,81.25
564.816042874,-3.5,9.0,-2.8831808854358894,8.64925016685926,0.7095711842654766,81.25
565.115698628,-3.5,9.0,-2.8831723395241173,8.649229077076873,0.7095890381738525,81.25
565.316923168,-3.5,9.0,-2.883167109222672,8.649216291719219,0.7095999049745788,81.25
565.615909418,-3.5,9.0,-2.8831599877770766,8.649198863439883,0.7096147110165106,81.25
565.815755383,-3.5,9.0,-2.8830853229221547,8.650007881200859,0.7092800589439792,81.25
566.116053028,-3.5,9.0,-2.882424757545368,8.64968844574318,0.7100122288656203,81.25
566.3157245980001,-3.5,9.0,-2.883024335278064,8.65029179369453,0.7091930628654403,81.25
566.616079472,-3.5,9.0,-2.8834411691015327,8.65025437569778,0.7088489216168943,81.25
566.8160277320001,-3.5,9.0,-2.8829587406408392,8.650152505690455,0.7093188176174421,81.25
567.1160348340001,-3.5,9.0,-2.8831191439249166,8.649734763927464,0.7093854567108612,81.25
567.3164335160001,-3.5,9.0,-2.8830787596345817,8.650030638375044,0.7092745384476911,81.25
567.6160335950001,-3.5,9.0,-2.8828493880705053,8.650374502015728,0.7093044950130375,81.25
567.81604861,-3.5,9.0,-2.882358760494853,8.650625839502286,0.7096076414194937,81.25
568.116028755,-3.5,9.0,-2.882719314970131,8.65046342647798,0.709373850899833,81.25
568.31698552,-3.5,9.0,-2.8825692466316704,8.65048194589269,0.7094953173573058,81.25
568.6157053740001,-3.5,9.0,-2.8824783223292973,8.650677994307012,0.7094778968048344,81.25
568.8157259440001,-3.5,9.0,-2.88268662494018,8.65150617662721,0.7088890942571561,81.25
569.1157027710001,-3.5,9.0,-2.883130098386671,8.652376038140481,0.7080754863539244,81.25
569.3157099990001,-3.5,9.0,-2.871215935066694,8.65472046941369,0.7173474434023966,81.25
569.6157408700001,-3.5,9.0,-2.786759431403221,8.656656841775373,0.7915785703213029,81.25
569.815850174,-3.5,9.0,-2.688772812907975,8.653168714223408,0.8822593098804247,81.25
570.1160305530001,-3.5,9.0,-2.5272969333024142,8.645643186809707,1.035239106205551,81.25
570.316277892,-3.5,9.0,-2.4274228217849165,8.641736295011896,1.1308292026383269,81.25
570.615719953,-3.5,9.0,-2.287535131709587,8.635573382393012,1.266048109851659,81.25
570.815994442,-3.5,9.0,-2.1880888136415124,8.632131449267373,1.3625117362836394,81.25
571.1157049110001,-3.5,9.0,-2.0284619530440606,8.626110349323799,1.5182943372487667,81.25
571.31570659,-3.5,9.0,-1.928403218470217,8.623110906454215,1.6161565000174136,81.25
571.616028034,-3.5,9.0,-1.7890397457802518,8.619504627801591,1.7527583175623818,81.25
571.816052227,-2.799999999999997,8.899999999999999,-1.6890771606053585,8.616761719397116,1.1464612852981662,81.25
572.115703813,-2.799999999999997,8.899999999999999,-1.5288365026842703,8.613061482884582,1.3031463269765005,81.25
572.315859625,-2.799999999999997,8.899999999999999,-1.4286813987383582,8.61081322935419,1.4014791095420331,81.25
572.61572731,-2.799999999999997,8.899999999999999,-1.288551099004787,8.60831984114653,1.5393359267516669,81.25
572.8160213900001,-2.799999999999997,8.899999999999999,-1.188701194473621,8.606691610990483,1.6377770458014373,81.25
573.1159722450001,-2.299999999999997,8.8,-1.0282186248382663,8.603621250851452,1.286853713257809,81.25
573.316030653,-2.299999999999997,8.8,-0.9289219516983992,8.602052306707423,1.3852935803700137,81.25
573.6160270500001,-2.299999999999997,8.8,-0.7883978632775099,8.600302481797018,1.5247360815959003,81.25
573.81608028,-2.299999999999997,8.8,-0.6882531732390778,8.599412035714005,1.624180828907389,81.25
574.116006601,-1.6000000000000014,9.0,-0.528772040868531,8.59935140907773,1.1436995382673611,68.75
574.3159263670001,-1.6000000000000014,9.0,-0.4288024415595746,8.598629221467206,1.2380639009182193,68.75
574.61607846,-1.6000000000000014,9.0,-0.3128161586099371,8.596553659923321,1.3489296463703913,68.75
574.8160490170001,-0.8999999999999986,8.8,-0.2747116445516553,8.594708329117053,0.6581262778473492,68.75
575.116027052,-0.8999999999999986,8.8,-0.2691070575480646,8.594186466313301,0.6636151862971985,68.75
575.316545066,-0.8999999999999986,8.8,-0.2691396900353472,8.594242224351163,0.6635668714821841,68.75
575.615877131,-0.8999999999999986,8.8,-0.2691843176825182,8.594269992906263,0.6635158331769166,68.75
575.815751623,-0.8999999999999986,8.8,-0.2692153592050923,8.594276799001186,0.6634842111851327,68.75
576.1157198660001,-0.8999999999999986,8.8,-0.2692635573406476,8.594286962205429,0.6634352372441817,68.75
576.315744341,-0.8999999999999986,8.8,-0.2692927839386454,8.594295873018424,0.6634046881422492,68.75
576.616264394,-0.8999999999999986,8.8,-0.2693325701271344,8.594311981977237,0.6633618679578869,68.75
576.816033899,-0.8999999999999986,8.8,-0.2693602029573626,8.594327421627566,0.6633308097083552,68.75
577.1160270940001,-0.8999999999999986,8.8,-0.2694030918482328,8.594355897034514,0.6632812055644619,68.75
577.3161431980001,-0.3999999999999986,8.899999999999999,-0.2694291026107679,8.594374285891398,0.33234896775741785,68.75
577.61609609,-0.3999999999999986,8.899999999999999,-0.2694645027283335,8.594401622284192,0.33230992237743046,68.75
577.815806898,-0.3999999999999986,8.899999999999999,-0.2694891186472888,8.594421354344805,0.3322821073002933,68.75
578.116042868,-0.3999999999999986,8.899999999999999,-0.2695273135916716,8.594453948285523,0.33223713160468804,68.75
578.316229375,-0.3999999999999986,8.899999999999999,-0.2695504787460895,8.59447415016173,0.3322094557877157,68.75
578.616052928,-0.3999999999999986,8.899999999999999,-0.2695820086100537,8.594501883620293,0.3321715695084937,68.75
578.8160479960001,-0.3999999999999986,8.899999999999999,-0.2696039396021867,8.594521463515138,0.3321449515199686,68.75
579.1160247270001,-0.3999999999999986,8.899999999999999,-0.2696379678185853,8.594551635300784,0.33210384359698775,68.75
579.316361465,-0.3999999999999986,8.899999999999999,-0.2696586066398406,8.594569899667446,0.3320789439458943,68.75
579.615723534,-0.3999999999999986,8.899999999999999,-0.2696867125690385,8.594594813029962,0.3320449986210707,68.75
579.815731225,-0.3999999999999986,8.899999999999999,-0.2697062390953936,8.59461221580327,0.33202132893423275,68.75
580.1157554,-0.3999999999999986,8.899999999999999,-0.2677035115047432,8.594843343313151,0.33260027959770216,68.75
580.3160142930001,-0.3999999999999986,8.899999999999999,-0.238318286797583,8.596847018796483,0.34357343668660895,68.75
580.6160773720001,-0.3999999999999986,8.899999999999999,-0.1307079589544547,8.598595999491197,0.4041813638617998,68.75
580.815703521,-0.3999999999999986,8.899999999999999,-0.0296750507441527,8.599272501200684,0.4770509370868448,68.75
581.1157123950001,-0.3999999999999986,8.899999999999999,0.1307673173748345,8.600338459206577,0.6095170089701878,68.75
581.315701366,-0.3999999999999986,8.899999999999999,0.2306046029121552,8.600904501868232,0.697940027664759,68.75
581.615745735,-0.3999999999999986,8.899999999999999,0.3706014358397473,8.602602993973614,0.8259973075693018,68.75
581.8157144180001,-0.3999999999999986,8.899999999999999,0.4704346917836997,8.604145629455417,0.9193401771003552,68.75
582.115727083,-0.3999999999999986,8.899999999999999,0.6303134812374069,8.606074116587749,1.0714188231309048,68.75
582.315886242,-0.3999999999999986,8.899999999999999,0.730095572613359,8.60783198798043,1.1672523936526233,68.75
582.616043998,-0.3999999999999986,8.899999999999999,0.8699619054535587,8.609539033500518,1.302755086101391,68.75
582.816081786,-0.3999999999999986,8.899999999999999,0.9694931517374664,8.611283074588034,1.3995959973060632,68.75
583.116023056,-0.3999999999999986,8.899999999999999,1.129898101927327,8.61237392901332,1.5567006645441082,68.75
583.3160445350001,-0.3999999999999986,8.899999999999999,1.230181983420188,8.613376397844211,1.655187719982399,68.75
583.6160386170001,-0.3999999999999986,8.899999999999999,1.3705561374022406,8.615128425730656,1.7933267548105756,68.75
583.816036872,0.1000000000000014,9.0,1.4707903882133944,8.615902460430105,1.4235860382575658,68.75
584.1160344890001,0.1000000000000014,9.0,1.630995973534241,8.618459632800723,1.5778218285917498,68.75
584.316029034,0.1000000000000014,9.0,1.730759161481455,8.619679977007383,1.674520457517554,68.75
584.6157228090001,0.8000000000000043,8.600000000000001,1.8709151470779657,8.62148647340913,1.071130673998543,68.75
584.816147226,0.8000000000000043,8.600000000000001,1.9709731222488671,8.622638936597783,1.171191946044511,68.75
585.116043955,0.8000000000000043,8.600000000000001,2.1308225915087964,8.622702564565381,1.3310162194759396,68.75
585.3160289030001,0.8000000000000043,8.600000000000001,2.2306688075779486,8.62273220783145,1.4308493946776473,68.75
585.6160336080001,0.8000000000000043,8.600000000000001,2.370803180001276,8.62170376270448,1.570953113118797,68.75
585.816046821,1.3000000000000045,8.3,2.470981613556451,8.621727766817308,1.2143750224821455,68.75
586.116018779,1.3000000000000045,8.3,2.631402863521196,8.621741163660898,1.3697266009632347,68.75
586.3164437500001,1.3000000000000045,8.3,2.7320777887114125,8.622131573087794,1.4678608732780407,68.75
586.616063175,1.3000000000000045,8.3,2.871851954946719,8.623805567053608,1.6048578172301486,68.75
586.815744354,1.3000000000000045,8.3,2.972085238152342,8.621942132614864,1.7027964588874285,68.75
587.115718023,1.3000000000000045,8.3,3.12706015220445,8.616653929509978,1.8542973091841128,68.75
587.316151764,1.8000000000000045,8.600000000000001,3.188232522149724,8.613624893648742,1.3882993817189113,62.5
587.616049675,1.8000000000000045,8.600000000000001,3.2090042679542345,8.611990925603662,1.409055289692377,62.5
587.816062383,1.8000000000000045,8.600000000000001,3.199820200642279,8.612482883780038,1.399875857536533,62.5
588.116039205,1.8000000000000045,8.600000000000001,3.199371379431129,8.612712465968196,1.3994291208782104,62.5
588.316328473,1.8000000000000045,8.600000000000001,3.1993546350518787,8.61273147859614,1.3994125500324799,62.5
588.616066961,2.3000000000000043,8.5,3.199331833310562,8.612757510486508,0.906372993075612,68.75
588.8160637990001,2.3000000000000043,8.5,3.199315972919027,8.612774688889045,0.9063593931776233,68.75
589.1160172040001,2.3000000000000043,8.5,3.199291274995736,8.612797940931989,0.9063377807208223,68.75
589.316015642,2.3000000000000043,8.5,3.199276328567193,8.612813718496247,0.9063249142565994,68.75
589.6160404320001,2.3000000000000043,8.5,3.199255964323363,8.612834667426782,0.9063073162809876,68.75
589.8157286420001,2.3000000000000043,8.5,3.1992418176969672,8.612849262201745,0.9062950969052058,68.75
590.1160183530001,2.3000000000000043,8.5,3.199219829762175,8.612871355802778,0.9062760314596564,68.75
590.316027798,2.3000000000000043,8.5,3.199206500941453,8.612884318965571,0.9062644210183276,68.75
590.615759681,2.3000000000000043,8.5,3.199188354937639,8.612902170793035,0.906248640178417,68.75
590.816041035,2.3000000000000043,8.5,3.199175710057516,8.612914140494482,0.9062375851182947,68.75
591.116035128,2.3000000000000043,8.5,3.199156114109481,8.61293328849769,0.906220527902208,68.75
591.316482778,2.3000000000000043,8.5,3.199144241287894,8.61294546415708,0.9062102650681206,68.75
591.6157267020001,2.3000000000000043,8.5,3.1991280735386223,8.612962052688452,0.9061962910831489,68.75
591.8157386480001,2.3000000000000043,8.5,3.1991168356465214,8.612973513459613,0.9061865695795847,68.75
592.115732386,2.3000000000000043,8.5,3.199099390572614,8.61299140362562,0.9061714911766571,68.75
592.315870023,2.3000000000000043,8.5,3.199088809230186,8.61300221498733,0.9061623405742424,68.75
592.615792424,2.8000000000000043,8.7,3.1989016278579845,8.613148994691164,0.4082469912086333,68.75
592.816037732,2.8000000000000043,8.7,3.1968781364646985,8.612679718722761,0.40637062729240714,68.75
593.115699674,2.8000000000000043,8.7,3.1973480062531983,8.613172087478375,0.406724138042299,68.75
593.315703179,2.8000000000000043,8.7,3.197869457628516,8.613543341078632,0.4071545888055931,68.75
593.615716882,2.8000000000000043,8.7,3.1982332323990343,8.613181025866423,0.4075870970192586,68.75
593.8157195790001,2.8000000000000043,8.7,3.197204437299194,8.612960923446757,0.406629027317784,68.75
594.1157324530001,2.8000000000000043,8.7,3.198019664725556,8.61345740944117,0.4073196208002676,68.75
594.315995842,2.8000000000000043,8.7,3.197790523042636,8.613946692062996,0.40699198030112477,68.75
594.615717677,2.8000000000000043,8.7,3.1984262173926163,8.613892514893918,0.40762476580438417,68.75
594.8157450670001,2.8000000000000043,8.7,3.198935009717545,8.613435405502866,0.4082187783514956,68.75
595.1157546530001,2.8000000000000043,8.7,3.198464541912849,8.613365045859734,0.4077739648882686,68.75
595.3157259330001,2.8000000000000043,8.7,3.1980578402524467,8.614090630107109,0.4072228677540499,68.75
595.615740339,2.8000000000000043,8.7,3.198592327847675,8.61364021552371,0.40784047885639824,68.75
595.816041349,2.8000000000000043,8.7,3.198062630672452,8.613525911310903,0.40734705835746376,68.75
596.115736489,2.8000000000000043,8.7,3.198176660006613,8.614376383044922,0.40727884348992194,68.75
596.31615049,2.8000000000000043,8.7,3.198291156924361,8.613913416401777,0.4074883379432547,68.75
596.6160330920001,2.8000000000000043,8.7,3.2020890332107816,8.57738608843826,0.4203686024631807,68.75
596.8157371430001,2.8000000000000043,8.7,3.2061400537054494,8.501735117382271,0.45194989423970816,68.75
597.116060188,2.8000000000000043,8.7,3.209005095922293,8.341282729349075,0.5440250442338562,68.75
597.316607545,2.5,8.3,3.210157615614537,8.24120677050671,0.7125871756140263,68.75
597.616063981,2.5,8.3,3.212124573139594,8.100730573539444,0.7394793519708096,68.75
597.816044185,2.5,8.3,3.214035637418214,8.000440180563524,0.7743274352133275,68.75
598.116028067,2.5,8.3,3.216411028040538,7.840459700390186,0.8511298655690438,68.75
598.3162054090001,2.5,8.3,3.218311370719717,7.740714228543537,0.9103690457495196,68.75
598.616063306,2.5,8.3,3.2210662610687337,7.600818202647281,1.0043862497072644,68.75
598.815750995,2.5,8.3,3.223555534682745,7.500714161733683,1.0781421348890523,68.75
599.1161320670001,2.8000000000000043,7.8,3.228079453608415,7.340345277777817,0.6281197992921634,75.0
599.3160118970001,2.8000000000000043,7.8,3.230300059580694,7.240010038756661,0.7062201483733394,75.0
599.6160601810001,2.8000000000000043,7.8,3.2348984078718006,7.099875886145229,0.8242028876255841,75.0
599.8160514680001,2.8000000000000043,7.8,3.2374460312302986,6.999876257388591,0.9118974908012544,75.0
600.11609331,3.1000000000000014,7.3,3.2415019263710345,6.840462414750288,0.48083010245184266,75.0
600.3165580130001,3.1000000000000014,7.3,3.2446275994552267,6.740474504500781,0.5779151517634988,75.0
600.61607343,3.1000000000000014,7.3,3.248549918497408,6.600068658783349,0.7155214606864883,75.0
600.8161259870001,3.1000000000000014,7.3,3.251578941681453,6.500176006200997,0.8140605607802509,75.0
601.1157075250001,2.8000000000000043,6.7,3.2544858832964603,6.340181810564539,0.5796779688450934,75.0
601.31603392,2.8000000000000043,6.7,3.2563156574128964,6.240480140436653,0.6475974679793599,75.0
601.6160725980001,2.8000000000000043,6.7,3.25964433073422,6.10068821751398,0.7552797649895541,75.0
601.816093119,2.8000000000000043,6.7,3.2624731738206774,6.000447075575093,0.8386034405934704,75.0
602.116051985,2.8000000000000043,6.7,3.266930471089171,5.8405640123072855,0.9780870522468352,75.0
602.316116166,2.8000000000000043,6.7,3.269993323686347,5.740644004319711,1.068296611787875,75.0
602.6161074270001,3.0,5.999999999999999,3.273548603981254,5.601260298474232,0.4835516397583104,75.0
602.815776602,3.0,5.999999999999999,3.277362670842793,5.501355125525778,0.5705933420716183,75.0
603.116054157,3.0,5.999999999999999,3.2809647294850937,5.341358506717079,0.7160654969264945,75.0
603.316051955,3.0,5.999999999999999,3.283445825704047,5.241103285437483,0.8101023142065634,75.0
603.615749509,2.8999999999999986,5.3,3.2866270916128486,5.100782932759266,0.43493441787125814,75.0
603.8157297790001,2.8999999999999986,5.3,3.287054994464237,5.0005815653714345,0.4893495353376073,75.0
604.115718914,2.8999999999999986,5.3,3.287732036253648,4.840795895576262,0.6010029462964458,75.0
604.316201826,2.8999999999999986,5.3,3.28697785650939,4.754777432259118,0.6685951763231346,75.0
604.61577522,2.8999999999999986,5.3,3.284922310416116,4.70120862655364,0.7118400761195307,75.0
604.8160503510001,2.8999999999999986,5.3,3.284816063295745,4.698726105857636,0.7138723263634458,75.0
605.11606139,2.8999999999999986,5.3,3.285005613093221,4.698788843260373,0.7139216883534834,75.0
605.316054609,2.8999999999999986,4.7,3.2850459368067995,4.6988274979242775,0.38504772199370885,75.0
605.6160359930001,2.8999999999999986,4.7,3.2850692760828446,4.698879873824733,0.3850709052442363,75.0
605.815752299,2.8999999999999986,4.7,3.2850802786272246,4.698916230281541,0.38508180370464756,75.0
606.116083737,2.8999999999999986,4.7,3.285094506732095,4.69897262156169,0.3850958771808549,75.0
606.3164676140001,2.8999999999999986,4.7,3.28510743214172,4.699006872273444,0.3851087126948337,75.0
606.616046285,2.8999999999999986,4.7,3.2851250605980447,4.699053510152501,0.385126223651,75.0
606.816059009,2.8999999999999986,4.7,3.285138222091453,4.699085918571605,0.3851393068236795,75.0
607.116068677,2.8999999999999986,4.7,3.2851615010561828,4.69913626652571,0.3851624695260009,75.0
607.316508902,2.8999999999999986,4.7,3.285178828368532,4.69916683322746,0.3851797294643464,75.0
607.61607383,2.8999999999999986,4.7,3.2852049526226463,4.6992084677082575,0.38520576585558164,75.0
607.816054878,2.8999999999999986,4.7,3.285224209202409,4.699237410238798,0.3852249640129342,75.0
608.115904623,2.8999999999999986,4.7,3.285255513587593,4.699282357150716,0.38525618198920625,75.0
608.315770045,2.8999999999999986,4.7,3.2852751078194498,4.6993096240150605,0.3852757263626795,75.0
608.61575039,2.8999999999999986,4.7,3.2853013749564663,4.699346750726518,0.38530192872338165,75.0
608.815733031,2.8999999999999986,4.7,3.2853198244005566,4.699372546448505,0.38532033527188275,75.0
609.115738834,2.8999999999999986,4.7,3.285348620381437,4.699412602805399,0.38534906807379465,75.0
609.3171108150001,2.8999999999999986,4.7,3.285366238559909,4.69943689930553,0.3853666499636494,75.0
609.616068376,2.8999999999999986,4.7,3.2853906013431726,4.699469986590975,0.38539096579689963,75.0
609.816078293,2.8999999999999986,4.7,3.28540767244297,4.699492977156543,0.38540800594963315,75.0
610.1160396280001,2.8999999999999986,4.7,3.2867767950408058,4.69080961619538,0.38688596813081083,75.0
610.316039056,2.8999999999999986,4.7,3.288853687650985,4.645090331747205,0.3927114233981524,75.0
610.616047639,2.8999999999999986,4.7,3.290733828719961,4.519910242633749,0.43023859149824784,75.0
610.8160684750001,2.8999999999999986,4.7,3.290760165079844,4.418905811119569,0.4813600000369531,75.0
611.116017544,2.8999999999999986,4.7,3.291270613111563,4.258911853115755,0.5896197469611045,75.0
611.316462667,2.8999999999999986,4.7,3.2914224830935246,4.158672554770881,0.6680171878248244,75.0
611.6158894910001,2.8999999999999986,4.7,3.291767717810306,4.018493581210054,0.786087109403401,75.0
611.8157085910001,2.8999999999999986,4.7,3.2921316296719594,3.9186255952121294,0.8742500645963872,75.0
612.1157209080001,2.8999999999999986,4.7,3.2932365336905143,3.7588459346245786,1.0200029148005487,75.0
612.315729235,2.8999999999999986,4.7,3.294466424449964,3.659255613046797,1.112992650017483,75.0
612.616051318,2.8999999999999986,4.2,3.296497439043232,3.519521693338316,0.7875664702137817,75.0
612.8160573050001,2.8999999999999986,4.2,3.2980463282154284,3.419589496970154,0.8760601763834965,75.0
613.1160498840001,2.8999999999999986,4.2,3.299990202637731,3.259013161323492,1.0224717075638736,75.0
613.316035618,2.8999999999999986,4.2,3.3019118634708176,3.158606837229344,1.1162584223485423,75.0
613.616062947,2.8999999999999986,4.2,3.3042850104249384,3.019037051299481,1.2482467127365962,75.0
613.8160491470001,2.8999999999999986,3.6,3.306322611709525,2.9186388114019457,0.7933165409306704,75.0
614.1157153830001,2.8999999999999986,3.6,3.309753210048883,2.758891873318941,0.9356070617060807,75.0
614.31574533,2.8999999999999986,3.6,3.3114098587668352,2.658701377672504,1.0272785251752274,75.0
614.616039867,3.0,3.0,3.314215818389081,2.5188369707219085,0.5746733343996304,75.0
614.816063768,3.0,3.0,3.3158639762305686,2.4192273854391755,0.6611103397346023,75.0
615.116020651,2.8999999999999986,2.5,3.319332886542082,2.2593365372372864,0.48348626872399997,75.0
615.3162750910001,2.8999999999999986,2.5,3.3217199592605224,2.159497522160585,0.5420236724106053,75.0
615.6160758880001,2.8999999999999986,2.5,3.324666294725274,2.019600824972595,0.641190166208673,75.0
615.8157235660001,2.8999999999999986,2.5,3.3268806838744966,1.9192860144929031,0.7207328570480853,75.0
616.1157511910001,2.8999999999999986,2.5,3.3304312683983484,1.759574381728262,0.8564468302282972,75.0
616.3160686880001,2.8999999999999986,2.5,3.332363746917139,1.6593780509767886,0.9452955468147578,75.0
616.61577679,2.8999999999999986,2.5,3.335007387741832,1.519670991744737,1.072509390083239,75.0
616.816067469,2.8999999999999986,1.8999999999999997,3.3375304745806487,1.4202963551698435,0.6492676667215961,75.0
617.115741167,2.8999999999999986,1.8999999999999997,3.3417074139874816,1.2600190389805277,0.7776124163353596,75.0
617.3160037170001,2.8999999999999986,1.8999999999999997,3.344276021662609,1.1605574287075815,0.8626450600704204,75.0
617.616115628,2.8999999999999986,1.8999999999999997,3.3489006417185725,1.020240343139258,0.9876683856310667,75.0
617.816053418,2.6000000000000014,1.2999999999999998,3.352615869047786,0.920313263142606,0.8429665856295655,75.0
618.115746253,2.6000000000000014,1.2999999999999998,3.358635913417247,0.7602722873037029,0.9310394475954256,75.0
618.3157269000001,2.6000000000000014,1.2999999999999998,3.361442089984523,0.6599954461777682,0.9946858224148922,75.0
618.615722297,2.8999999999999986,0.6999999999999997,3.3622301971503687,0.5202112201236445,0.49596447506560243,75.0
618.816083669,2.8999999999999986,0.6999999999999997,3.35939405525682,0.4203946405593952,0.537793691886784,75.0
619.1160347680001,2.8999999999999986,0.6999999999999997,3.3501600060906074,0.2608402542723778,0.6288921317293186,75.0
619.316306521,2.8999999999999986,0.6999999999999997,3.342875306113237,0.1613221098592035,0.6973610299489312,75.0
619.616718792,2.8999999999999986,0.6999999999999997,3.332513982404924,0.0267630489320896,0.8001976863619289,75.0
619.8157307070001,2.8999999999999986,0.6999999999999997,3.326421378485777,-0.0342540688599931,0.8490961251043172,75.0
620.1160277930001,2.8999999999999986,0.6999999999999997,3.3244412568253137,-0.0557507772836463,0.8667811822255305,75.0
620.3165866070001,3.3000000000000043,0.0999999999999996,3.324605044266051,-0.05575359302427,0.15768509740398398,68.75
620.615735747,3.3000000000000043,0.0999999999999996,3.32474397850738,-0.0557356008282565,0.1576890669568166,68.75
620.8157892830001,3.3000000000000043,0.0999999999999996,3.324806152878556,-0.0557208068500566,0.15768422529430964,68.75
621.115723548,3.3000000000000043,0.0999999999999996,3.32487615898759,-0.0556960666090943,0.15767082305714983,68.75
621.315737405,3.3000000000000043,0.0999999999999996,3.324911413533452,-0.0556805790348108,0.1576610960663673,68.75
621.615980109,3.3000000000000043,0.0999999999999996,3.3249531042490723,-0.0556590666450429,0.15764644759863966,68.75
621.815780132,3.3000000000000043,0.0999999999999996,3.324979520665832,-0.0556439503165744,0.1576357057358601,68.75
622.115709461,3.3000000000000043,0.0999999999999996,3.3250163364539067,-0.0556201987902601,0.1576180933811052,68.75
622.316455978,3.3000000000000043,0.0999999999999996,3.3250354633595305,-0.0556055800369931,0.15760669707939168,68.75
622.616079237,3.3000000000000043,0.0999999999999996,3.32505998682166,-0.0555855700802109,0.15759083906333404,68.75
622.8160872990001,3.3000000000000043,0.0999999999999996,3.3250202294561944,-0.0557664254966178,0.1577630856507113,68.75
623.1157518140001,3.3000000000000043,0.0999999999999996,3.324874038275985,-0.0575062064193189,0.1594582165984554,68.75
623.3161628910001,3.3000000000000043,0.0999999999999996,3.32476508384805,-0.0573303993287099,0.15926758593929882,68.75
623.616095038,3.3000000000000043,0.0999999999999996,3.3247770347356984,-0.057304153085669,0.15924351801028908,68.75
623.815827044,3.3000000000000043,0.0999999999999996,3.3247891422162383,-0.0572915767811323,0.15923297930426156,68.75
624.11576473,3.3000000000000043,0.0999999999999996,3.324808645776536,-0.0572721006684935,0.15921677849380714,68.75
624.316736558,3.3000000000000043,0.0999999999999996,3.32482808976252,-0.0573620218563058,0.15930863116592237,68.75
624.615760356,3.3000000000000043,0.0999999999999996,3.325076156596829,-0.0568894662109492,0.15888083030254127,68.75
624.8158556760001,3.3000000000000043,0.0999999999999996,3.325524487025385,-0.0574042976747596,0.15946037866627888,68.75
625.115808463,3.3000000000000043,0.0999999999999996,3.3256253507188087,-0.0579297699175328,0.15999522125884402,68.75
625.3163467200001,3.3000000000000043,0.0999999999999996,3.325453190585663,-0.0583283226421437,0.1603612255555079,68.75
625.61605754,3.3000000000000043,0.0999999999999996,3.3255170200253743,-0.0585588095631626,0.16059892403457215,68.75
625.815749481,3.3000000000000043,0.0999999999999996,3.32595090663283,-0.0585193708910186,0.16062951317472707,68.75
626.1157885910001,3.3000000000000043,0.0999999999999996,3.326162617549473,-0.0584212788148487,0.1605670705293326,68.75
626.316034575,3.3000000000000043,0.0999999999999996,3.325737021845276,-0.0587821763597631,0.16085451135422588,68.75
626.6160590190001,3.3000000000000043,0.0999999999999996,3.3258757331487536,-0.0586888273540905,0.1607846307735957,68.75
626.8160368030001,3.3000000000000043,0.0999999999999996,3.326356392311827,-0.058285965282571,0.16046528042268166,68.75
627.116046295,3.3000000000000043,0.0999999999999996,3.3265410680672023,-0.058109116879182,0.1603213059280093,68.75
627.316290666,3.3000000000000043,0.0999999999999996,3.3266546284189062,-0.0582442804344443,0.16047342928461605,68.75
627.6157970170001,3.3000000000000043,0.0999999999999996,3.3269078809519725,-0.0578754533059116,0.16015209275520645,68.75
627.815756337,3.3000000000000043,0.0999999999999996,3.325601104477369,-0.0585459654655838,0.1605996255159859,68.75
628.115759675,3.3000000000000043,0.0999999999999996,3.263986655097604,-0.0627613482524477,0.1666979828792588,68.75
628.3160285390001,3.3000000000000043,0.0999999999999996,3.174673070384821,-0.0656176572686684,0.20769219457151272,68.75
628.6157727220001,3.3000000000000043,0.0999999999999996,3.032920926375554,-0.0640533841600193,0.31344017678410235,68.75
628.815752824,3.3000000000000043,0.0999999999999996,2.933078449698056,-0.0615269479272565,0.40090195682071633,68.75
629.1159613250001,3.3000000000000043,0.0999999999999996,2.7730561055254324,-0.0590651840416559,0.5504285609397777,68.75
629.3160395240001,3.3000000000000043,0.0999999999999996,2.673464295160541,-0.0593221010601732,0.6464754607291069,68.75
629.6157358730001,3.3000000000000043,0.0999999999999996,2.533445788722504,-0.0647766976475928,0.7840642313706935,68.75
629.8164242270001,3.3000000000000043,0.0999999999999996,2.4338750260732085,-0.0700651400987392,0.8826633686386314,68.75
630.116032032,2.700000000000003,0.0,2.273770783514876,-0.0737447878458494,0.4325617166601253,68.75
630.31617048,2.700000000000003,0.0,2.173539011812827,-0.0747240003895942,0.5317375746712298,68.75
630.615910484,2.700000000000003,0.0,2.0339448832827385,-0.07292589475741,0.6700355249025365,68.75
630.8157673100001,2.700000000000003,0.0,1.933112030732823,-0.0680618173613473,0.7699023109390363,68.75
631.115739932,2.700000000000003,0.0,1.7735112261373,-0.0598585132162425,0.9284204272300742,68.75
631.316388518,2.200000000000003,0.0999999999999996,1.6735233275270491,-0.0579446791555398,0.5496582650445093,68.75
631.6160583420001,2.200000000000003,0.0999999999999996,1.533259196701766,-0.0595819345022912,0.685572529060399,68.75
631.816060257,2.200000000000003,0.0999999999999996,1.4336559268531748,-0.0640884928395805,0.7837144071213926,68.75
632.115864696,2.200000000000003,0.0999999999999996,1.2736719224108242,-0.0723415477608583,0.9422236021320372,68.75
632.3163969110001,1.7000000000000028,0.1999999999999997,1.1738096174424,-0.0774731107883575,0.5948677549730566,68.75
632.6158894790001,1.7000000000000028,0.1999999999999997,1.0335948379110151,-0.0849508103922935,0.7247708633782642,68.75
632.816013944,1.7000000000000028,0.1999999999999997,0.9336124440731546,-0.0908557376526633,0.8197237010145569,68.75
633.115732806,1.7000000000000028,0.1999999999999997,0.7739621704154543,-0.099730782813661,0.973336839941729,68.75
633.3157501290001,1.7000000000000028,0.1999999999999997,0.6740641225678196,-0.1057120655473062,1.070515899752892,68.75
633.6160682660001,1.0,0.1999999999999997,0.5345866902067203,-0.1139563955804328,0.5614073095877826,68.75
633.816054185,1.0,0.1999999999999997,0.4345826915013752,-0.1198003997056543,0.6495914319029501,68.75
634.1157756570001,1.0,0.1999999999999997,0.2962001757325135,-0.1260473941771785,0.7756552687171494,68.75
634.316397959,1.0,0.1999999999999997,0.2579338530580328,-0.1265660869272804,0.8107450743410612,68.75
634.6157867950001,1.0,0.1999999999999997,0.2444663415578812,-0.127680550426636,0.8235324232638538,68.75
634.815769391,0.3999999999999986,0.2999999999999998,0.2279568989197317,-0.1276908513357268,0.4609970639229642,68.75
635.116071368,0.3999999999999986,0.2999999999999998,0.2266838009545307,-0.1279594853502055,0.46172267212340884,68.75
635.3165799640001,0.3999999999999986,0.2999999999999998,0.2267282074768049,-0.1280511029254865,0.46179092758512047,68.75
635.6161334130001,0.3999999999999986,0.2999999999999998,0.2267878264176129,-0.1281618021624475,0.46187117891045026,68.75
635.815959616,0.3999999999999986,0.2999999999999998,0.2268287057411785,-0.1282293526008697,0.4619184728761502,68.75
636.1157577270001,0.3999999999999986,0.2999999999999998,0.2268910956297986,-0.1283160630467276,0.46197547839262987,68.75
636.3157577110001,0.3999999999999986,0.2999999999999998,0.2269284073176667,-0.1283600127028351,0.46200224747978436,68.75
636.6158926200001,0.3999999999999986,0.2999999999999998,0.2269786743541741,-0.1284106923694556,0.462030410757468,68.75
636.8158678320001,-0.1000000000000014,0.0,0.2270133648921755,-0.12844199741543,0.3513332997570389,75.0
637.1160441430001,-0.1000000000000014,0.0,0.2270668949175755,-0.128485002463105,0.35139884690899226,75.0
637.316668307,-0.1000000000000014,0.0,0.2270992763311013,-0.1285096625527433,0.35143800299021594,75.0
637.616052435,-0.1000000000000014,0.0,0.2271432870814392,-0.1285418271836342,0.351490727641793,75.0
637.8160627000001,-0.1000000000000014,0.0,0.2271738192777381,-0.1285634235506975,0.3515270429083074,75.0
638.116156155,-0.1000000000000014,0.0,0.227221204739674,-0.1285965818500791,0.3515832727744718,75.0
638.315853706,-0.1000000000000014,0.0,0.2272499417914698,-0.1286166209882793,0.3516173482593883,75.0
638.616001009,-0.1000000000000014,0.0,0.227289059221877,-0.128643710499541,0.351663663942455,75.0
638.815859617,-0.1000000000000014,0.0,0.2273162207724377,-0.1286621967123268,0.35169570546652057,75.0
639.116040438,-0.1000000000000014,0.0,0.227358356475729,-0.1286903055277807,0.35174520365077466,75.0
639.316301068,-0.1000000000000014,0.0,0.2273839260087475,-0.1287075754880858,0.35177531891382496,75.0
639.616068951,-0.1000000000000014,0.0,0.2274187493480401,-0.1287311761520308,0.35181636280611056,75.0
639.8160657530001,-0.1000000000000014,0.0,0.2274429433461484,-0.1287475522100686,0.35184487113964613,75.0
640.116068937,-0.1000000000000014,0.0,0.2274805125545991,-0.1287730384325888,0.35188916085919,75.0
640.315900745,-0.1000000000000014,0.0,0.2275032998965142,-0.1287885422988484,0.3519160412237119,75.0
640.6159464120001,-0.1000000000000014,0.0,0.2275343282307319,-0.1288097447681834,0.35195267653024365,75.0
640.815836542,-0.1000000000000014,0.0,0.2275559035767551,-0.128824483863809,0.35197814933708904,75.0
641.1158335050001,-0.1000000000000014,0.0,0.2275893900088447,-0.1288473732240323,0.35201768994341887,75.0
641.316223886,-0.1000000000000014,0.0,0.2276096865589509,-0.1288612292463477,0.35204164970942675,75.0
641.616057427,-0.1000000000000014,0.0,0.2276373533304955,-0.1288801052255946,0.35207430582246874,75.0
